USE ClinicaDB
GO

INSERT INTO Sexos (idSexo, descripcion) VALUES (1, 'Masculino');
INSERT INTO Sexos (idSexo, descripcion) VALUES (2, 'Femenino');

INSERT INTO Paises (idPais, nombrePais, gentilicio) VALUES (1, 'Argentina', 'Argentino');
INSERT INTO Paises (idPais, nombrePais, gentilicio) VALUES (2, 'Brasil', 'Brasileño');
INSERT INTO Paises (idPais, nombrePais, gentilicio) VALUES (3, 'Chile', 'Chileno');
INSERT INTO Paises (idPais, nombrePais, gentilicio) VALUES (4, 'Uruguay', 'Uruguayo');
INSERT INTO Paises (idPais, nombrePais, gentilicio) VALUES (5, 'Colombia', 'Colombiano');
INSERT INTO Paises (idPais, nombrePais, gentilicio) VALUES (6, 'México', 'Mexicano');
INSERT INTO Paises (idPais, nombrePais, gentilicio) VALUES (7, 'Estados Unidos', 'Estadounidense');
INSERT INTO Paises (idPais, nombrePais, gentilicio) VALUES (8, 'Canadá', 'Canadiense');
INSERT INTO Paises (idPais, nombrePais, gentilicio) VALUES (9, 'Perú', 'Peruano');
INSERT INTO Paises (idPais, nombrePais, gentilicio) VALUES (10, 'Venezuela', 'Venezolano');
INSERT INTO Paises (idPais, nombrePais, gentilicio) VALUES (11, 'España', 'Español');
INSERT INTO Paises (idPais, nombrePais, gentilicio) VALUES (12, 'Francia', 'Francés');
INSERT INTO Paises (idPais, nombrePais, gentilicio) VALUES (13, 'Italia', 'Italiano');
INSERT INTO Paises (idPais, nombrePais, gentilicio) VALUES (14, 'Alemania', 'Alemán');
INSERT INTO Paises (idPais, nombrePais, gentilicio) VALUES (15, 'Reino Unido', 'Británico');
INSERT INTO Paises (idPais, nombrePais, gentilicio) VALUES (16, 'Portugal', 'Portugués');
INSERT INTO Paises (idPais, nombrePais, gentilicio) VALUES (17, 'Países Bajos', 'Neerlandés');
INSERT INTO Paises (idPais, nombrePais, gentilicio) VALUES (18, 'Suecia', 'Sueco');
INSERT INTO Paises (idPais, nombrePais, gentilicio) VALUES (19, 'Noruega', 'Noruego');
INSERT INTO Paises (idPais, nombrePais, gentilicio) VALUES (20, 'Suiza', 'Suizo');

INSERT INTO Provincias (idProvincia, nombreProvincia) VALUES (1, 'Buenos Aires');
INSERT INTO Provincias (idProvincia, nombreProvincia) VALUES (2, 'Córdoba');
INSERT INTO Provincias (idProvincia, nombreProvincia) VALUES (3, 'Santa Fe');
INSERT INTO Provincias (idProvincia, nombreProvincia) VALUES (4, 'Mendoza');
INSERT INTO Provincias (idProvincia, nombreProvincia) VALUES (5, 'Tucumán');

INSERT INTO Localidades (idLocalidad, nombreLocalidad, idProvincia) VALUES (1, 'La Plata', 1);
INSERT INTO Localidades (idLocalidad, nombreLocalidad, idProvincia) VALUES (2, 'Mar del Plata', 1);
INSERT INTO Localidades (idLocalidad, nombreLocalidad, idProvincia) VALUES (3, 'Córdoba Capital', 2);
INSERT INTO Localidades (idLocalidad, nombreLocalidad, idProvincia) VALUES (4, 'Rosario', 3);
INSERT INTO Localidades (idLocalidad, nombreLocalidad, idProvincia) VALUES (5, 'Santa Fe Capital', 3);
INSERT INTO Localidades (idLocalidad, nombreLocalidad, idProvincia) VALUES (6, 'Godoy Cruz', 4);
INSERT INTO Localidades (idLocalidad, nombreLocalidad, idProvincia) VALUES (7, 'San Miguel de Tucumán', 5);

INSERT INTO ObraSocial (idObraSocial, nombre) VALUES (1, 'OSDE');
INSERT INTO ObraSocial (idObraSocial, nombre) VALUES (2, 'Swiss Medical');
INSERT INTO ObraSocial (idObraSocial, nombre) VALUES (3, 'Galeno');
INSERT INTO ObraSocial (idObraSocial, nombre) VALUES (4, 'Medifé');
INSERT INTO ObraSocial (idObraSocial, nombre) VALUES (5, 'Omint');
INSERT INTO ObraSocial (idObraSocial, nombre) VALUES (6, 'Accord Salud');
INSERT INTO ObraSocial (idObraSocial, nombre) VALUES (7, 'Hospital Italiano');
INSERT INTO ObraSocial (idObraSocial, nombre) VALUES (8, 'OSECAC');
INSERT INTO ObraSocial (idObraSocial, nombre) VALUES (9, 'PAMI');
INSERT INTO ObraSocial (idObraSocial, nombre) VALUES (10, 'IOSFA');

INSERT INTO Especialidades (idEspecialidad, descripcion) VALUES (1, 'Clínica Médica');
INSERT INTO Especialidades (idEspecialidad, descripcion) VALUES (2, 'Pediatría');
INSERT INTO Especialidades (idEspecialidad, descripcion) VALUES (3, 'Ginecología');
INSERT INTO Especialidades (idEspecialidad, descripcion) VALUES (4, 'Cardiología');
INSERT INTO Especialidades (idEspecialidad, descripcion) VALUES (5, 'Dermatología');
INSERT INTO Especialidades (idEspecialidad, descripcion) VALUES (6, 'Traumatología');
INSERT INTO Especialidades (idEspecialidad, descripcion) VALUES (7, 'Neurología');
INSERT INTO Especialidades (idEspecialidad, descripcion) VALUES (8, 'Endocrinología');
INSERT INTO Especialidades (idEspecialidad, descripcion) VALUES (9, 'Oftalmología');
INSERT INTO Especialidades (idEspecialidad, descripcion) VALUES (10, 'Psiquiatría');

INSERT INTO EstadoTurnos (idEstado, valorEstado, descripcion) VALUES (0, 0, 'Ausente');
INSERT INTO EstadoTurnos (idEstado, valorEstado, descripcion) VALUES (1, 1, 'Pendiente');
INSERT INTO EstadoTurnos (idEstado, valorEstado, descripcion) VALUES (2, 1, 'Realizado');

INSERT INTO Roles (idRol, descripcion) VALUES (1, 'Administrador');
INSERT INTO Roles (idRol, descripcion) VALUES (2, 'Médico');

INSERT INTO Persona (DNI, nombre, apellido, sexo, direccion, idLocalidad, fechaNacimiento, nacionalidad, activo) VALUES ('39711873', 'Juan', 'Gómez', 1, 'Calle Angel Harbor 4112', 2, '18-02-1956', 'Argentino', 0);
INSERT INTO Persona (DNI, nombre, apellido, sexo, direccion, idLocalidad, fechaNacimiento, nacionalidad, activo) VALUES ('15999828', 'Martín', 'Rodríguez', 1, 'Calle Donald Cove 9774', 4, '08-07-1985', 'Argentino', 0);
INSERT INTO Persona (DNI, nombre, apellido, sexo, direccion, idLocalidad, fechaNacimiento, nacionalidad, activo) VALUES ('33832259', 'Lucía', 'Fernández', 1, 'Calle Brittany Bypass 8379', 5, '30-06-1941', 'Argentino', 0);
INSERT INTO Persona (DNI, nombre, apellido, sexo, direccion, idLocalidad, fechaNacimiento, nacionalidad, activo) VALUES ('42159979', 'Martín', 'Díaz', 1, 'Calle Jeffery Parkways 3711', 4, '08-06-1980', 'Argentino', 1);
INSERT INTO Persona (DNI, nombre, apellido, sexo, direccion, idLocalidad, fechaNacimiento, nacionalidad, activo) VALUES ('22224730', 'Pedro', 'Díaz', 1, 'Calle Anna Stravenue 5674', 3, '10-09-1983', 'Argentino', 0);
INSERT INTO Persona (DNI, nombre, apellido, sexo, direccion, idLocalidad, fechaNacimiento, nacionalidad, activo) VALUES ('43437192', 'María', 'Rodríguez', 2, 'Calle Robinson Radial 6324', 1, '26-05-1958', 'Argentina', 1);
INSERT INTO Persona (DNI, nombre, apellido, sexo, direccion, idLocalidad, fechaNacimiento, nacionalidad, activo) VALUES ('32992829', 'Florencia', 'Gómez', 2, 'Calle Katherine Estate 811', 6, '23-12-1986', 'Argentina', 1);
INSERT INTO Persona (DNI, nombre, apellido, sexo, direccion, idLocalidad, fechaNacimiento, nacionalidad, activo) VALUES ('34372723', 'Federico', 'Rodríguez', 1, 'Calle Peterson Drives 9144', 3, '13-02-1954', 'Argentino', 1);
INSERT INTO Persona (DNI, nombre, apellido, sexo, direccion, idLocalidad, fechaNacimiento, nacionalidad, activo) VALUES ('17677374', 'María', 'González', 1, 'Calle Garcia Light 3833', 7, '18-01-1946', 'Argentino', 1);
INSERT INTO Persona (DNI, nombre, apellido, sexo, direccion, idLocalidad, fechaNacimiento, nacionalidad, activo) VALUES ('20457765', 'María', 'Díaz', 1, 'Calle Abbott Rapids 4654', 4, '20-06-1957', 'Argentino', 1);
INSERT INTO Persona (DNI, nombre, apellido, sexo, direccion, idLocalidad, fechaNacimiento, nacionalidad, activo) VALUES ('35439044', 'Ana', 'Fernández', 2, 'Calle Jessica Plain 4474', 6, '18-12-1947', 'Argentina', 0);
INSERT INTO Persona (DNI, nombre, apellido, sexo, direccion, idLocalidad, fechaNacimiento, nacionalidad, activo) VALUES ('24057945', 'Martín', 'Fernández', 1, 'Calle Miller Hill 2777', 4, '28-11-1995', 'Argentino', 1);
INSERT INTO Persona (DNI, nombre, apellido, sexo, direccion, idLocalidad, fechaNacimiento, nacionalidad, activo) VALUES ('42012854', 'Ana', 'González', 1, 'Calle Ray Squares 3852', 7, '14-03-1944', 'Argentino', 0);
INSERT INTO Persona (DNI, nombre, apellido, sexo, direccion, idLocalidad, fechaNacimiento, nacionalidad, activo) VALUES ('22134562', 'Federico', 'Gómez', 2, 'Calle Donna Trail 1184', 2, '28-02-1959', 'Argentina', 1);
INSERT INTO Persona (DNI, nombre, apellido, sexo, direccion, idLocalidad, fechaNacimiento, nacionalidad, activo) VALUES ('23275445', 'Federico', 'Sánchez', 2, 'Calle Melissa Way 2440', 3, '05-05-1946', 'Argentina', 0);
INSERT INTO Persona (DNI, nombre, apellido, sexo, direccion, idLocalidad, fechaNacimiento, nacionalidad, activo) VALUES ('22359183', 'Florencia', 'Díaz', 2, 'Calle Ramirez Roads 9660', 4, '24-03-1996', 'Argentina', 1);
INSERT INTO Persona (DNI, nombre, apellido, sexo, direccion, idLocalidad, fechaNacimiento, nacionalidad, activo) VALUES ('43893819', 'Martín', 'Sánchez', 1, 'Calle Martin Knoll 1589', 7, '22-09-1953', 'Argentino', 0);
INSERT INTO Persona (DNI, nombre, apellido, sexo, direccion, idLocalidad, fechaNacimiento, nacionalidad, activo) VALUES ('27910648', 'Pedro', 'Pérez', 1, 'Calle Miles Springs 7016', 5, '27-07-1983', 'Argentino', 0);
INSERT INTO Persona (DNI, nombre, apellido, sexo, direccion, idLocalidad, fechaNacimiento, nacionalidad, activo) VALUES ('37826523', 'Florencia', 'Sánchez', 2, 'Calle Chelsea Extension 8769', 3, '26-10-1975', 'Argentina', 0);
INSERT INTO Persona (DNI, nombre, apellido, sexo, direccion, idLocalidad, fechaNacimiento, nacionalidad, activo) VALUES ('29588301', 'Martín', 'Gómez', 1, 'Calle Frank Light 5673', 1, '02-11-1957', 'Argentino', 1);
INSERT INTO Persona (DNI, nombre, apellido, sexo, direccion, idLocalidad, fechaNacimiento, nacionalidad, activo) VALUES ('32034970', 'Julieta', 'González', 1, 'Calle Gabrielle Ville 4415', 5, '02-10-1991', 'Argentino', 0);
INSERT INTO Persona (DNI, nombre, apellido, sexo, direccion, idLocalidad, fechaNacimiento, nacionalidad, activo) VALUES ('40585616', 'Carlos', 'Romero', 1, 'Calle Jeremy Bypass 3358', 2, '02-04-1994', 'Argentino', 1);
INSERT INTO Persona (DNI, nombre, apellido, sexo, direccion, idLocalidad, fechaNacimiento, nacionalidad, activo) VALUES ('31394887', 'Martín', 'Romero', 1, 'Calle Morales Circles 109', 5, '29-10-1953', 'Argentino', 1);
INSERT INTO Persona (DNI, nombre, apellido, sexo, direccion, idLocalidad, fechaNacimiento, nacionalidad, activo) VALUES ('23082309', 'María', 'López', 1, 'Calle Lewis Parks 5138', 2, '23-05-1966', 'Argentino', 0);
INSERT INTO Persona (DNI, nombre, apellido, sexo, direccion, idLocalidad, fechaNacimiento, nacionalidad, activo) VALUES ('19308102', 'María', 'Sánchez', 1, 'Calle Thomas Dam 1233', 7, '01-04-1956', 'Argentino', 0);
INSERT INTO Persona (DNI, nombre, apellido, sexo, direccion, idLocalidad, fechaNacimiento, nacionalidad, activo) VALUES ('22106768', 'Martín', 'Pérez', 2, 'Calle Burgess Meadow 4442', 5, '25-07-2000', 'Argentina', 1);
INSERT INTO Persona (DNI, nombre, apellido, sexo, direccion, idLocalidad, fechaNacimiento, nacionalidad, activo) VALUES ('19060227', 'Carlos', 'Díaz', 1, 'Calle Cox Dam 6218', 4, '21-02-1974', 'Argentino', 1);
INSERT INTO Persona (DNI, nombre, apellido, sexo, direccion, idLocalidad, fechaNacimiento, nacionalidad, activo) VALUES ('34744773', 'Lucía', 'Rodríguez', 1, 'Calle Davis Causeway 5639', 1, '24-01-1998', 'Argentino', 0);
INSERT INTO Persona (DNI, nombre, apellido, sexo, direccion, idLocalidad, fechaNacimiento, nacionalidad, activo) VALUES ('45380854', 'Juan', 'Rodríguez', 1, 'Calle Eric Estate 1064', 2, '15-05-1993', 'Argentino', 0);
INSERT INTO Persona (DNI, nombre, apellido, sexo, direccion, idLocalidad, fechaNacimiento, nacionalidad, activo) VALUES ('37447169', 'Ana', 'Rodríguez', 1, 'Calle Carlson Lights 8523', 2, '09-06-1965', 'Argentino', 1);
INSERT INTO Persona (DNI, nombre, apellido, sexo, direccion, idLocalidad, fechaNacimiento, nacionalidad, activo) VALUES ('23153634', 'Lucía', 'Romero', 2, 'Calle Rice Plaza 2267', 6, '16-01-1998', 'Argentina', 1);
INSERT INTO Persona (DNI, nombre, apellido, sexo, direccion, idLocalidad, fechaNacimiento, nacionalidad, activo) VALUES ('26888253', 'Federico', 'Fernández', 2, 'Calle Erin Crescent 1645', 1, '10-11-1985', 'Argentina', 1);
INSERT INTO Persona (DNI, nombre, apellido, sexo, direccion, idLocalidad, fechaNacimiento, nacionalidad, activo) VALUES ('17033823', 'Federico', 'Sánchez', 2, 'Calle Mack Junctions 987', 6, '22-01-1947', 'Argentina', 0);
INSERT INTO Persona (DNI, nombre, apellido, sexo, direccion, idLocalidad, fechaNacimiento, nacionalidad, activo) VALUES ('32994763', 'Ana', 'Rodríguez', 2, 'Calle Graham Motorway 4173', 2, '09-09-1939', 'Argentina', 0);
INSERT INTO Persona (DNI, nombre, apellido, sexo, direccion, idLocalidad, fechaNacimiento, nacionalidad, activo) VALUES ('23382113', 'Pedro', 'Díaz', 2, 'Calle Stanton Track 3106', 3, '17-08-1951', 'Argentina', 1);
INSERT INTO Persona (DNI, nombre, apellido, sexo, direccion, idLocalidad, fechaNacimiento, nacionalidad, activo) VALUES ('18129379', 'Julieta', 'Romero', 1, 'Calle Monica Hills 1704', 1, '28-09-1996', 'Argentino', 0);
INSERT INTO Persona (DNI, nombre, apellido, sexo, direccion, idLocalidad, fechaNacimiento, nacionalidad, activo) VALUES ('44012852', 'Pedro', 'Díaz', 1, 'Calle Eric Track 8056', 4, '18-06-1950', 'Argentino', 0);
INSERT INTO Persona (DNI, nombre, apellido, sexo, direccion, idLocalidad, fechaNacimiento, nacionalidad, activo) VALUES ('23898737', 'Juan', 'Pérez', 2, 'Calle Carol Overpass 6309', 1, '17-10-1940', 'Argentina', 1);
INSERT INTO Persona (DNI, nombre, apellido, sexo, direccion, idLocalidad, fechaNacimiento, nacionalidad, activo) VALUES ('20194119', 'Carlos', 'Díaz', 2, 'Calle Sarah Wells 9205', 6, '09-07-2006', 'Argentina', 1);
INSERT INTO Persona (DNI, nombre, apellido, sexo, direccion, idLocalidad, fechaNacimiento, nacionalidad, activo) VALUES ('40097895', 'Carlos', 'Fernández', 1, 'Calle Allen Garden 1058', 5, '21-03-1999', 'Argentino', 0);
INSERT INTO Persona (DNI, nombre, apellido, sexo, direccion, idLocalidad, fechaNacimiento, nacionalidad, activo) VALUES ('16908561', 'Juan', 'González', 2, 'Calle Christopher Oval 9671', 4, '31-12-1994', 'Argentina', 0);
INSERT INTO Persona (DNI, nombre, apellido, sexo, direccion, idLocalidad, fechaNacimiento, nacionalidad, activo) VALUES ('28548459', 'Pedro', 'Rodríguez', 1, 'Calle Tiffany Place 9849', 1, '01-08-1991', 'Argentino', 0);
INSERT INTO Persona (DNI, nombre, apellido, sexo, direccion, idLocalidad, fechaNacimiento, nacionalidad, activo) VALUES ('35782994', 'Florencia', 'Fernández', 1, 'Calle David Mountains 9585', 5, '26-11-2003', 'Argentino', 0);
INSERT INTO Persona (DNI, nombre, apellido, sexo, direccion, idLocalidad, fechaNacimiento, nacionalidad, activo) VALUES ('46363537', 'Federico', 'Alvarez', 1, 'Calle Joseph Well 9360', 5, '29-09-1980', 'Argentino', 1);
INSERT INTO Persona (DNI, nombre, apellido, sexo, direccion, idLocalidad, fechaNacimiento, nacionalidad, activo) VALUES ('19391546', 'Lucía', 'López', 2, 'Calle Brandt Plains 4010', 3, '12-11-1990', 'Argentina', 1);
INSERT INTO Persona (DNI, nombre, apellido, sexo, direccion, idLocalidad, fechaNacimiento, nacionalidad, activo) VALUES ('35842645', 'Julieta', 'López', 2, 'Calle Jennifer Locks 1288', 1, '10-03-2007', 'Argentina', 1);
INSERT INTO Persona (DNI, nombre, apellido, sexo, direccion, idLocalidad, fechaNacimiento, nacionalidad, activo) VALUES ('19444504', 'María', 'Romero', 1, 'Calle Kim Path 3592', 5, '11-03-1970', 'Argentino', 1);
INSERT INTO Persona (DNI, nombre, apellido, sexo, direccion, idLocalidad, fechaNacimiento, nacionalidad, activo) VALUES ('29703034', 'María', 'Fernández', 2, 'Calle John Circles 6154', 3, '23-06-1962', 'Argentina', 0);
INSERT INTO Persona (DNI, nombre, apellido, sexo, direccion, idLocalidad, fechaNacimiento, nacionalidad, activo) VALUES ('46264544', 'Florencia', 'Romero', 2, 'Calle Brianna Forks 228', 6, '06-07-1979', 'Argentina', 1);
INSERT INTO Persona (DNI, nombre, apellido, sexo, direccion, idLocalidad, fechaNacimiento, nacionalidad, activo) VALUES ('24138489', 'Pedro', 'Gómez', 1, 'Calle Adrian Station 1991', 1, '01-06-1982', 'Argentino', 0);
INSERT INTO Persona (DNI, nombre, apellido, sexo, direccion, idLocalidad, fechaNacimiento, nacionalidad, activo) VALUES ('31958713', 'Florencia', 'Fernández', 2, 'Calle Jeremy Bypass 5717', 2, '19-12-1997', 'Argentina', 1);
INSERT INTO Persona (DNI, nombre, apellido, sexo, direccion, idLocalidad, fechaNacimiento, nacionalidad, activo) VALUES ('42828304', 'Carlos', 'González', 2, 'Calle Jones Freeway 1612', 6, '02-06-1958', 'Argentina', 1);
INSERT INTO Persona (DNI, nombre, apellido, sexo, direccion, idLocalidad, fechaNacimiento, nacionalidad, activo) VALUES ('36377977', 'Juan', 'González', 2, 'Calle Lewis Curve 5564', 7, '10-09-1988', 'Argentina', 0);
INSERT INTO Persona (DNI, nombre, apellido, sexo, direccion, idLocalidad, fechaNacimiento, nacionalidad, activo) VALUES ('33820911', 'Pedro', 'Sánchez', 2, 'Calle Sanchez Mountains 9138', 6, '02-06-1994', 'Argentina', 1);
INSERT INTO Persona (DNI, nombre, apellido, sexo, direccion, idLocalidad, fechaNacimiento, nacionalidad, activo) VALUES ('43004361', 'María', 'Rodríguez', 1, 'Calle Lee Court 2542', 5, '24-04-1984', 'Argentino', 0);
INSERT INTO Persona (DNI, nombre, apellido, sexo, direccion, idLocalidad, fechaNacimiento, nacionalidad, activo) VALUES ('16403543', 'Florencia', 'Romero', 2, 'Calle Gomez Loop 2526', 4, '01-04-1971', 'Argentina', 0);
INSERT INTO Persona (DNI, nombre, apellido, sexo, direccion, idLocalidad, fechaNacimiento, nacionalidad, activo) VALUES ('37378571', 'Ana', 'González', 2, 'Calle Emily Rue 5962', 2, '02-03-1946', 'Argentina', 0);
INSERT INTO Persona (DNI, nombre, apellido, sexo, direccion, idLocalidad, fechaNacimiento, nacionalidad, activo) VALUES ('46063479', 'Ana', 'Romero', 1, 'Calle Richard Junction 6758', 5, '12-12-1993', 'Argentino', 0);
INSERT INTO Persona (DNI, nombre, apellido, sexo, direccion, idLocalidad, fechaNacimiento, nacionalidad, activo) VALUES ('39715002', 'Pedro', 'Pérez', 1, 'Calle John Field 6855', 1, '18-12-1975', 'Argentino', 0);
INSERT INTO Persona (DNI, nombre, apellido, sexo, direccion, idLocalidad, fechaNacimiento, nacionalidad, activo) VALUES ('27835970', 'Federico', 'Fernández', 2, 'Calle Taylor Falls 4471', 2, '04-06-1958', 'Argentina', 0);
INSERT INTO Persona (DNI, nombre, apellido, sexo, direccion, idLocalidad, fechaNacimiento, nacionalidad, activo) VALUES ('26732589', 'Julieta', 'Fernández', 1, 'Calle Wright Club 3369', 7, '16-08-1969', 'Argentino', 1);
INSERT INTO Persona (DNI, nombre, apellido, sexo, direccion, idLocalidad, fechaNacimiento, nacionalidad, activo) VALUES ('28370299', 'Lucía', 'Fernández', 2, 'Calle Brent Plains 487', 6, '11-05-1996', 'Argentina', 0);
INSERT INTO Persona (DNI, nombre, apellido, sexo, direccion, idLocalidad, fechaNacimiento, nacionalidad, activo) VALUES ('37800844', 'Carlos', 'Rodríguez', 2, 'Calle Tanya Terrace 4673', 3, '22-03-1997', 'Argentina', 1);
INSERT INTO Persona (DNI, nombre, apellido, sexo, direccion, idLocalidad, fechaNacimiento, nacionalidad, activo) VALUES ('16283698', 'Juan', 'Rodríguez', 2, 'Calle Gabriel Oval 4379', 2, '23-03-1972', 'Argentina', 1);
INSERT INTO Persona (DNI, nombre, apellido, sexo, direccion, idLocalidad, fechaNacimiento, nacionalidad, activo) VALUES ('29642948', 'Florencia', 'Díaz', 1, 'Calle Michelle Circle 5763', 6, '03-09-1950', 'Argentino', 1);
INSERT INTO Persona (DNI, nombre, apellido, sexo, direccion, idLocalidad, fechaNacimiento, nacionalidad, activo) VALUES ('38782887', 'Federico', 'Alvarez', 1, 'Calle Smith Loaf 3214', 3, '07-07-1957', 'Argentino', 0);
INSERT INTO Persona (DNI, nombre, apellido, sexo, direccion, idLocalidad, fechaNacimiento, nacionalidad, activo) VALUES ('27221244', 'Juan', 'Romero', 2, 'Calle Mitchell Square 8921', 6, '12-08-2004', 'Argentina', 0);
INSERT INTO Persona (DNI, nombre, apellido, sexo, direccion, idLocalidad, fechaNacimiento, nacionalidad, activo) VALUES ('39150945', 'María', 'López', 2, 'Calle Moore Hill 5243', 6, '13-04-1954', 'Argentina', 0);
INSERT INTO Persona (DNI, nombre, apellido, sexo, direccion, idLocalidad, fechaNacimiento, nacionalidad, activo) VALUES ('38394432', 'Martín', 'Gómez', 2, 'Calle Beth Plains 6791', 3, '14-08-1943', 'Argentina', 1);
INSERT INTO Persona (DNI, nombre, apellido, sexo, direccion, idLocalidad, fechaNacimiento, nacionalidad, activo) VALUES ('37727018', 'Martín', 'Pérez', 2, 'Calle Brown Prairie 3243', 4, '30-11-1971', 'Argentina', 1);
INSERT INTO Persona (DNI, nombre, apellido, sexo, direccion, idLocalidad, fechaNacimiento, nacionalidad, activo) VALUES ('25196351', 'Florencia', 'Alvarez', 1, 'Calle Brian Pass 5030', 4, '02-12-1944', 'Argentino', 0);
INSERT INTO Persona (DNI, nombre, apellido, sexo, direccion, idLocalidad, fechaNacimiento, nacionalidad, activo) VALUES ('30602414', 'Lucía', 'Díaz', 2, 'Calle Casey Cliff 9602', 5, '01-06-1985', 'Argentina', 1);
INSERT INTO Persona (DNI, nombre, apellido, sexo, direccion, idLocalidad, fechaNacimiento, nacionalidad, activo) VALUES ('37107362', 'Julieta', 'Fernández', 2, 'Calle Richard Port 8475', 4, '22-03-1956', 'Argentina', 0);
INSERT INTO Persona (DNI, nombre, apellido, sexo, direccion, idLocalidad, fechaNacimiento, nacionalidad, activo) VALUES ('37575276', 'Carlos', 'Romero', 1, 'Calle Christine Manor 5591', 1, '15-03-1984', 'Argentino', 0);
INSERT INTO Persona (DNI, nombre, apellido, sexo, direccion, idLocalidad, fechaNacimiento, nacionalidad, activo) VALUES ('23215552', 'Lucía', 'Fernández', 2, 'Calle Donovan Ford 2514', 1, '16-01-1985', 'Argentina', 0);
INSERT INTO Persona (DNI, nombre, apellido, sexo, direccion, idLocalidad, fechaNacimiento, nacionalidad, activo) VALUES ('39103689', 'Florencia', 'Rodríguez', 2, 'Calle Allen Locks 7561', 4, '16-05-1948', 'Argentina', 0);
INSERT INTO Persona (DNI, nombre, apellido, sexo, direccion, idLocalidad, fechaNacimiento, nacionalidad, activo) VALUES ('44952693', 'Julieta', 'Díaz', 2, 'Calle Bryant Terrace 4097', 2, '22-02-2003', 'Argentina', 0);
INSERT INTO Persona (DNI, nombre, apellido, sexo, direccion, idLocalidad, fechaNacimiento, nacionalidad, activo) VALUES ('16685049', 'Federico', 'Fernández', 1, 'Calle Albert Road 2981', 7, '31-05-2007', 'Argentino', 1);
INSERT INTO Persona (DNI, nombre, apellido, sexo, direccion, idLocalidad, fechaNacimiento, nacionalidad, activo) VALUES ('37400191', 'María', 'Sánchez', 1, 'Calle Charles Forest 2284', 7, '22-11-1973', 'Argentino', 1);
INSERT INTO Persona (DNI, nombre, apellido, sexo, direccion, idLocalidad, fechaNacimiento, nacionalidad, activo) VALUES ('45105308', 'Julieta', 'Alvarez', 2, 'Calle Anderson Keys 8370', 4, '30-05-1999', 'Argentina', 1);
INSERT INTO Persona (DNI, nombre, apellido, sexo, direccion, idLocalidad, fechaNacimiento, nacionalidad, activo) VALUES ('43181122', 'Julieta', 'Sánchez', 1, 'Calle Natasha Land 4346', 7, '11-11-1958', 'Argentino', 0);
INSERT INTO Persona (DNI, nombre, apellido, sexo, direccion, idLocalidad, fechaNacimiento, nacionalidad, activo) VALUES ('17599909', 'Martín', 'Sánchez', 2, 'Calle Samuel Plains 4019', 3, '06-05-1987', 'Argentina', 1);
INSERT INTO Persona (DNI, nombre, apellido, sexo, direccion, idLocalidad, fechaNacimiento, nacionalidad, activo) VALUES ('19643063', 'Lucía', 'Gómez', 2, 'Calle Carr Valley 5602', 3, '21-12-1983', 'Argentina', 0);
INSERT INTO Persona (DNI, nombre, apellido, sexo, direccion, idLocalidad, fechaNacimiento, nacionalidad, activo) VALUES ('17155162', 'Lucía', 'Díaz', 1, 'Calle Elizabeth Plaza 2603', 6, '04-11-1959', 'Argentino', 0);
INSERT INTO Persona (DNI, nombre, apellido, sexo, direccion, idLocalidad, fechaNacimiento, nacionalidad, activo) VALUES ('17089290', 'Federico', 'López', 2, 'Calle Sheila Dale 8990', 4, '19-06-1957', 'Argentina', 1);
INSERT INTO Persona (DNI, nombre, apellido, sexo, direccion, idLocalidad, fechaNacimiento, nacionalidad, activo) VALUES ('43747156', 'Federico', 'Díaz', 1, 'Calle Pamela Summit 9669', 6, '11-02-1977', 'Argentino', 0);
INSERT INTO Persona (DNI, nombre, apellido, sexo, direccion, idLocalidad, fechaNacimiento, nacionalidad, activo) VALUES ('43636961', 'Julieta', 'González', 2, 'Calle Joseph Rapids 5863', 3, '20-10-1953', 'Argentina', 1);
INSERT INTO Persona (DNI, nombre, apellido, sexo, direccion, idLocalidad, fechaNacimiento, nacionalidad, activo) VALUES ('22362568', 'Martín', 'Romero', 2, 'Calle Harris Roads 9983', 2, '05-07-1997', 'Argentina', 1);
INSERT INTO Persona (DNI, nombre, apellido, sexo, direccion, idLocalidad, fechaNacimiento, nacionalidad, activo) VALUES ('37443674', 'Federico', 'Sánchez', 2, 'Calle Wagner Glen 575', 4, '28-01-2001', 'Argentina', 1);
INSERT INTO Persona (DNI, nombre, apellido, sexo, direccion, idLocalidad, fechaNacimiento, nacionalidad, activo) VALUES ('45431482', 'Pedro', 'Sánchez', 2, 'Calle Christopher Manors 2191', 5, '27-11-1995', 'Argentina', 0);
INSERT INTO Persona (DNI, nombre, apellido, sexo, direccion, idLocalidad, fechaNacimiento, nacionalidad, activo) VALUES ('19553319', 'Florencia', 'Alvarez', 2, 'Calle Williams Isle 544', 1, '11-12-1991', 'Argentina', 1);
INSERT INTO Persona (DNI, nombre, apellido, sexo, direccion, idLocalidad, fechaNacimiento, nacionalidad, activo) VALUES ('22102140', 'Pedro', 'González', 2, 'Calle Dana Greens 4362', 4, '19-06-1950', 'Argentina', 1);
INSERT INTO Persona (DNI, nombre, apellido, sexo, direccion, idLocalidad, fechaNacimiento, nacionalidad, activo) VALUES ('23464827', 'Ana', 'López', 2, 'Calle Arnold Meadow 6311', 3, '21-08-1977', 'Argentina', 1);
INSERT INTO Persona (DNI, nombre, apellido, sexo, direccion, idLocalidad, fechaNacimiento, nacionalidad, activo) VALUES ('22523647', 'Julieta', 'González', 1, 'Calle Daniel Spurs 8937', 1, '24-12-2000', 'Argentino', 1);
INSERT INTO Persona (DNI, nombre, apellido, sexo, direccion, idLocalidad, fechaNacimiento, nacionalidad, activo) VALUES ('35848565', 'Juan', 'González', 1, 'Calle Amy Village 4151', 2, '04-08-1964', 'Argentino', 0);
INSERT INTO Persona (DNI, nombre, apellido, sexo, direccion, idLocalidad, fechaNacimiento, nacionalidad, activo) VALUES ('33923678', 'Lucía', 'Pérez', 1, 'Calle Russell Canyon 7858', 6, '11-06-1960', 'Argentino', 0);
INSERT INTO Persona (DNI, nombre, apellido, sexo, direccion, idLocalidad, fechaNacimiento, nacionalidad, activo) VALUES ('41098364', 'Julieta', 'Gómez', 1, 'Calle Nolan Underpass 6143', 2, '17-08-2005', 'Argentino', 0);
INSERT INTO Persona (DNI, nombre, apellido, sexo, direccion, idLocalidad, fechaNacimiento, nacionalidad, activo) VALUES ('34320532', 'Carlos', 'Rodríguez', 1, 'Calle Rachel Fords 9581', 1, '18-11-1985', 'Argentino', 1);
INSERT INTO Persona (DNI, nombre, apellido, sexo, direccion, idLocalidad, fechaNacimiento, nacionalidad, activo) VALUES ('18419240', 'Federico', 'Fernández', 2, 'Calle Elizabeth Knoll 1345', 5, '21-07-1992', 'Argentina', 0);
INSERT INTO Persona (DNI, nombre, apellido, sexo, direccion, idLocalidad, fechaNacimiento, nacionalidad, activo) VALUES ('26650225', 'Florencia', 'Rodríguez', 2, 'Calle Dickson Summit 9372', 7, '26-12-1949', 'Argentina', 0);
INSERT INTO Persona (DNI, nombre, apellido, sexo, direccion, idLocalidad, fechaNacimiento, nacionalidad, activo) VALUES ('31977226', 'Tammy', 'Young', 2, '60256 Joseph Turnpike', 0, '11-03-1987', 'Italiana', 0);
INSERT INTO Persona (DNI, nombre, apellido, sexo, direccion, idLocalidad, fechaNacimiento, nacionalidad, activo) VALUES ('42592846', 'Ashley', 'Brennan', 2, '37543 Andrew Fields Suite 541', 0, '07-04-2005', 'Brasileña', 1);
INSERT INTO Persona (DNI, nombre, apellido, sexo, direccion, idLocalidad, fechaNacimiento, nacionalidad, activo) VALUES ('27153013', 'Patricia', 'Bell', 2, '850 Natalie Green Apt. 940', 0, '05-11-1946', 'Calambiana', 1);
INSERT INTO Persona (DNI, nombre, apellido, sexo, direccion, idLocalidad, fechaNacimiento, nacionalidad, activo) VALUES ('20910175', 'Linda', 'Reed', 2, '9816 Jonathan Station Suite 088', 0, '17-03-1986', 'Mexicana', 1);
INSERT INTO Persona (DNI, nombre, apellido, sexo, direccion, idLocalidad, fechaNacimiento, nacionalidad, activo) VALUES ('30598575', 'Michelle', 'Harmon', 2, '6159 Alvarado Crossing', 0, '12-06-1988', 'Naruega', 1);
INSERT INTO Persona (DNI, nombre, apellido, sexo, direccion, idLocalidad, fechaNacimiento, nacionalidad, activo) VALUES ('25814747', 'Stephanie', 'Hunter', 2, '6482 Robert Light Apt. 994', 0, '07-02-1967', 'Suiza', 1);
INSERT INTO Persona (DNI, nombre, apellido, sexo, direccion, idLocalidad, fechaNacimiento, nacionalidad, activo) VALUES ('44582633', 'Joshua', 'Smith', 1, '69957 Ramos Forest Suite 214', 0, '18-07-1974', 'Uruguayo', 1);
INSERT INTO Persona (DNI, nombre, apellido, sexo, direccion, idLocalidad, fechaNacimiento, nacionalidad, activo) VALUES ('34120981', 'Mary', 'Harvey', 2, '43320 John Mountains', 0, '24-01-1981', 'Peruana', 1);
INSERT INTO Persona (DNI, nombre, apellido, sexo, direccion, idLocalidad, fechaNacimiento, nacionalidad, activo) VALUES ('31586173', 'Sarah', 'Jones', 2, '936 Ross Drive Apt. 163', 0, '09-06-1951', 'Francés', 0);
INSERT INTO Persona (DNI, nombre, apellido, sexo, direccion, idLocalidad, fechaNacimiento, nacionalidad, activo) VALUES ('22117561', 'Regina', 'Dominguez', 2, '83172 Contreras Points Suite 798', 0, '04-07-1968', 'Estadaunidense', 1);
INSERT INTO Persona (DNI, nombre, apellido, sexo, direccion, idLocalidad, fechaNacimiento, nacionalidad, activo) VALUES ('24383781', 'Sandra', 'Kelley', 2, '774 Mary Harbor', 0, '01-08-1991', 'Venezalana', 1);
INSERT INTO Persona (DNI, nombre, apellido, sexo, direccion, idLocalidad, fechaNacimiento, nacionalidad, activo) VALUES ('32335133', 'Paula', 'Washington', 2, '7143 Rogers Plains', 0, '13-12-1944', 'Naruega', 0);
INSERT INTO Persona (DNI, nombre, apellido, sexo, direccion, idLocalidad, fechaNacimiento, nacionalidad, activo) VALUES ('39161696', 'Charles', 'Hall', 1, '316 Rivera Mountain', 0, '06-10-1967', 'Uruguayo', 0);
INSERT INTO Persona (DNI, nombre, apellido, sexo, direccion, idLocalidad, fechaNacimiento, nacionalidad, activo) VALUES ('38173004', 'Amy', 'Wall', 2, '096 Smith Knoll Suite 668', 0, '03-05-1990', 'Neerlandés', 0);
INSERT INTO Persona (DNI, nombre, apellido, sexo, direccion, idLocalidad, fechaNacimiento, nacionalidad, activo) VALUES ('41606412', 'Morgan', 'Marsh', 2, '3467 Paul Skyway', 0, '07-09-1985', 'Neerlandés', 1);
INSERT INTO Persona (DNI, nombre, apellido, sexo, direccion, idLocalidad, fechaNacimiento, nacionalidad, activo) VALUES ('22435541', 'Robert', 'Ramsey', 1, '98069 Christopher Meadow Apt. 720', 0, '04-03-1957', 'Uruguayo', 1);
INSERT INTO Persona (DNI, nombre, apellido, sexo, direccion, idLocalidad, fechaNacimiento, nacionalidad, activo) VALUES ('37278801', 'Jamie', 'Lewis', 2, '6464 Thomas Summit Apt. 531', 0, '18-08-1992', 'Peruana', 1);
INSERT INTO Persona (DNI, nombre, apellido, sexo, direccion, idLocalidad, fechaNacimiento, nacionalidad, activo) VALUES ('29277538', 'Tina', 'Williams', 2, '30923 Thomas Crescent', 0, '05-11-1977', 'Neerlandés', 1);
INSERT INTO Persona (DNI, nombre, apellido, sexo, direccion, idLocalidad, fechaNacimiento, nacionalidad, activo) VALUES ('24090446', 'Theresa', 'Marshall', 2, '2991 Tami Coves Apt. 496', 0, '17-06-1966', 'Italiana', 1);
INSERT INTO Persona (DNI, nombre, apellido, sexo, direccion, idLocalidad, fechaNacimiento, nacionalidad, activo) VALUES ('19048539', 'Teresa', 'Gonzalez', 2, '49190 Patel Shore', 0, '07-09-1964', 'Venezalana', 0);
INSERT INTO Persona (DNI, nombre, apellido, sexo, direccion, idLocalidad, fechaNacimiento, nacionalidad, activo) VALUES ('39926952', 'Benjamin', 'Holland', 1, '7165 Zimmerman Mews', 0, '15-06-1951', 'Francés', 0);
INSERT INTO Persona (DNI, nombre, apellido, sexo, direccion, idLocalidad, fechaNacimiento, nacionalidad, activo) VALUES ('39783459', 'Nicholas', 'Sheppard', 1, '877 Petersen Ramp Suite 531', 0, '13-06-1958', 'Canadiense', 0);
INSERT INTO Persona (DNI, nombre, apellido, sexo, direccion, idLocalidad, fechaNacimiento, nacionalidad, activo) VALUES ('18373096', 'Sierra', 'Sanchez', 2, '965 Troy Islands Apt. 735', 0, '05-10-1993', 'Venezalana', 1);
INSERT INTO Persona (DNI, nombre, apellido, sexo, direccion, idLocalidad, fechaNacimiento, nacionalidad, activo) VALUES ('27109159', 'David', 'Ramirez', 1, '083 John Lodge Suite 837', 0, '04-06-1983', 'Español', 0);
INSERT INTO Persona (DNI, nombre, apellido, sexo, direccion, idLocalidad, fechaNacimiento, nacionalidad, activo) VALUES ('38757158', 'Michael', 'West', 1, '43634 Kennedy Pines', 0, '11-11-1962', 'Español', 0);
INSERT INTO Persona (DNI, nombre, apellido, sexo, direccion, idLocalidad, fechaNacimiento, nacionalidad, activo) VALUES ('16829589', 'Jeffery', 'Reese', 1, '7444 David Fields Suite 182', 0, '02-07-1952', 'Venezolano', 0);
INSERT INTO Persona (DNI, nombre, apellido, sexo, direccion, idLocalidad, fechaNacimiento, nacionalidad, activo) VALUES ('18442270', 'Cindy', 'Washington', 2, '34352 Smith Place Apt. 400', 0, '14-02-1977', 'Mexicana', 1);
INSERT INTO Persona (DNI, nombre, apellido, sexo, direccion, idLocalidad, fechaNacimiento, nacionalidad, activo) VALUES ('30750347', 'Edgar', 'Raymond', 1, '09477 Peterson Center Suite 711', 0, '26-09-1966', 'Suizo', 1);
INSERT INTO Persona (DNI, nombre, apellido, sexo, direccion, idLocalidad, fechaNacimiento, nacionalidad, activo) VALUES ('21186218', 'Katherine', 'Ray', 2, '29413 Angela Mall', 0, '23-09-1980', 'Partugués', 1);
INSERT INTO Persona (DNI, nombre, apellido, sexo, direccion, idLocalidad, fechaNacimiento, nacionalidad, activo) VALUES ('18828129', 'Kyle', 'Montgomery', 1, '7496 Carroll Circle Apt. 334', 0, '30-05-1984', 'Venezolano', 1);
INSERT INTO Persona (DNI, nombre, apellido, sexo, direccion, idLocalidad, fechaNacimiento, nacionalidad, activo) VALUES ('17485785', 'Brad', 'Allen', 1, '06797 Johnson Heights', 0, '30-07-1987', 'Alemán', 1);
INSERT INTO Persona (DNI, nombre, apellido, sexo, direccion, idLocalidad, fechaNacimiento, nacionalidad, activo) VALUES ('42217411', 'Douglas', 'Heath', 1, '349 Ronald Plains', 0, '07-10-1954', 'Mexicano', 0);
INSERT INTO Persona (DNI, nombre, apellido, sexo, direccion, idLocalidad, fechaNacimiento, nacionalidad, activo) VALUES ('18974574', 'Maria', 'Kerr', 2, '02499 Gonzales Mountain', 0, '02-05-1986', 'Uruguaya', 0);
INSERT INTO Persona (DNI, nombre, apellido, sexo, direccion, idLocalidad, fechaNacimiento, nacionalidad, activo) VALUES ('30116756', 'Elizabeth', 'Powell', 2, '877 Carly Meadows Suite 940', 0, '06-09-1945', 'Peruana', 1);
INSERT INTO Persona (DNI, nombre, apellido, sexo, direccion, idLocalidad, fechaNacimiento, nacionalidad, activo) VALUES ('25246860', 'Crystal', 'Craig', 2, '490 Thomas Run', 0, '24-07-1969', 'Españal', 1);
INSERT INTO Persona (DNI, nombre, apellido, sexo, direccion, idLocalidad, fechaNacimiento, nacionalidad, activo) VALUES ('35988801', 'Thomas', 'White', 1, '717 Ortiz Islands Apt. 256', 0, '03-09-1986', 'Colombiano', 0);
INSERT INTO Persona (DNI, nombre, apellido, sexo, direccion, idLocalidad, fechaNacimiento, nacionalidad, activo) VALUES ('20269961', 'Jon', 'Bates', 1, '071 King Crescent Suite 808', 0, '27-11-1970', 'Venezolano', 0);
INSERT INTO Persona (DNI, nombre, apellido, sexo, direccion, idLocalidad, fechaNacimiento, nacionalidad, activo) VALUES ('20252363', 'Jason', 'Lopez', 1, '770 Joseph Curve Suite 771', 0, '07-06-1941', 'Estadounidense', 0);
INSERT INTO Persona (DNI, nombre, apellido, sexo, direccion, idLocalidad, fechaNacimiento, nacionalidad, activo) VALUES ('38131456', 'William', 'Lynch', 1, '248 Andrea Course', 0, '04-10-1954', 'Británico', 1);
INSERT INTO Persona (DNI, nombre, apellido, sexo, direccion, idLocalidad, fechaNacimiento, nacionalidad, activo) VALUES ('22767053', 'Wendy', 'Durham', 2, '27484 Davenport Mountains Apt. 782', 0, '28-07-1965', 'Españal', 0);
INSERT INTO Persona (DNI, nombre, apellido, sexo, direccion, idLocalidad, fechaNacimiento, nacionalidad, activo) VALUES ('17388396', 'Cheryl', 'Greene', 2, '46584 Justin Hills', 0, '16-06-1996', 'Españal', 1);
INSERT INTO Persona (DNI, nombre, apellido, sexo, direccion, idLocalidad, fechaNacimiento, nacionalidad, activo) VALUES ('29265296', 'Kevin', 'Duarte', 1, '78755 Gibson Islands Apt. 396', 0, '13-05-1955', 'Venezolano', 0);
INSERT INTO Persona (DNI, nombre, apellido, sexo, direccion, idLocalidad, fechaNacimiento, nacionalidad, activo) VALUES ('36731015', 'Scott', 'Jenkins', 1, '766 Tyler Camp Apt. 895', 0, '26-08-1998', 'Noruego', 0);
INSERT INTO Persona (DNI, nombre, apellido, sexo, direccion, idLocalidad, fechaNacimiento, nacionalidad, activo) VALUES ('17396116', 'Brian', 'Kirk', 1, '702 Pitts Drives', 0, '23-07-1944', 'Venezolano', 0);
INSERT INTO Persona (DNI, nombre, apellido, sexo, direccion, idLocalidad, fechaNacimiento, nacionalidad, activo) VALUES ('34966364', 'John', 'Costa', 1, '615 Finley Road Suite 809', 0, '15-02-1944', 'Estadounidense', 1);
INSERT INTO Persona (DNI, nombre, apellido, sexo, direccion, idLocalidad, fechaNacimiento, nacionalidad, activo) VALUES ('30726894', 'Cynthia', 'Cohen', 2, '16117 Heather Burgs Apt. 504', 0, '11-11-1963', 'Partugués', 0);
INSERT INTO Persona (DNI, nombre, apellido, sexo, direccion, idLocalidad, fechaNacimiento, nacionalidad, activo) VALUES ('31793059', 'Jade', 'Thomas', 2, '222 Chelsea Light Apt. 792', 0, '09-04-1955', 'Alemán', 1);
INSERT INTO Persona (DNI, nombre, apellido, sexo, direccion, idLocalidad, fechaNacimiento, nacionalidad, activo) VALUES ('35066780', 'Julia', 'King', 2, '074 Charles Key Suite 647', 0, '28-12-1996', 'Partugués', 0);
INSERT INTO Persona (DNI, nombre, apellido, sexo, direccion, idLocalidad, fechaNacimiento, nacionalidad, activo) VALUES ('35257268', 'Eric', 'Kidd', 1, '36959 Haney Hill Apt. 640', 0, '24-12-1977', 'Británico', 1);
INSERT INTO Persona (DNI, nombre, apellido, sexo, direccion, idLocalidad, fechaNacimiento, nacionalidad, activo) VALUES ('22681428', 'Sharon', 'Osborne', 2, '743 Robinson Field', 0, '20-09-1981', 'Brasileña', 0);
INSERT INTO Persona (DNI, nombre, apellido, sexo, direccion, idLocalidad, fechaNacimiento, nacionalidad, activo) VALUES ('40605689', 'David', 'Campos', 1, '104 Johnson Lakes', 0, '21-04-1989', 'Venezolano', 0);
INSERT INTO Persona (DNI, nombre, apellido, sexo, direccion, idLocalidad, fechaNacimiento, nacionalidad, activo) VALUES ('45738302', 'Carlos', 'Browning', 1, '623 Kristin Wells Suite 884', 0, '25-12-1995', 'Neerlandés', 1);
INSERT INTO Persona (DNI, nombre, apellido, sexo, direccion, idLocalidad, fechaNacimiento, nacionalidad, activo) VALUES ('36299840', 'Carmen', 'Sloan', 2, '5171 Karen Fork Suite 851', 0, '10-04-1993', 'Estadaunidense', 1);
INSERT INTO Persona (DNI, nombre, apellido, sexo, direccion, idLocalidad, fechaNacimiento, nacionalidad, activo) VALUES ('26675635', 'Jennifer', 'Baker', 2, '5496 Rodriguez Fort', 0, '21-07-1971', 'Uruguaya', 1);
INSERT INTO Persona (DNI, nombre, apellido, sexo, direccion, idLocalidad, fechaNacimiento, nacionalidad, activo) VALUES ('37485949', 'Allison', 'Henson', 2, '317 Banks Crescent Apt. 004', 0, '29-03-2007', 'Francés', 1);
INSERT INTO Persona (DNI, nombre, apellido, sexo, direccion, idLocalidad, fechaNacimiento, nacionalidad, activo) VALUES ('28812517', 'Johnathan', 'Davis', 1, '7586 Nicole Shoal', 0, '17-03-1946', 'Estadounidense', 1);
INSERT INTO Persona (DNI, nombre, apellido, sexo, direccion, idLocalidad, fechaNacimiento, nacionalidad, activo) VALUES ('42298746', 'Sandra', 'Gilbert', 2, '53773 Garcia Spur Suite 850', 0, '24-07-1966', 'Españal', 1);
INSERT INTO Persona (DNI, nombre, apellido, sexo, direccion, idLocalidad, fechaNacimiento, nacionalidad, activo) VALUES ('25553444', 'Donald', 'Donaldson', 1, '39005 Vanessa Turnpike Apt. 183', 0, '16-05-1979', 'Portugués', 0);
INSERT INTO Persona (DNI, nombre, apellido, sexo, direccion, idLocalidad, fechaNacimiento, nacionalidad, activo) VALUES ('40922406', 'Cindy', 'Kane', 2, '90422 Lindsey Creek Apt. 205', 0, '24-03-1993', 'Francés', 0);
INSERT INTO Persona (DNI, nombre, apellido, sexo, direccion, idLocalidad, fechaNacimiento, nacionalidad, activo) VALUES ('37067420', 'Rachel', 'Chapman', 2, '40268 Julie Mountains', 0, '21-12-1969', 'Sueca', 0);
INSERT INTO Persona (DNI, nombre, apellido, sexo, direccion, idLocalidad, fechaNacimiento, nacionalidad, activo) VALUES ('21294225', 'Paula', 'Palmer', 2, '8390 Ellis Burgs', 0, '10-08-1943', 'Británica', 0);
INSERT INTO Persona (DNI, nombre, apellido, sexo, direccion, idLocalidad, fechaNacimiento, nacionalidad, activo) VALUES ('40501050', 'Yvette', 'Boone', 2, '177 Rachel Islands Apt. 124', 0, '14-12-1981', 'Neerlandés', 1);
INSERT INTO Persona (DNI, nombre, apellido, sexo, direccion, idLocalidad, fechaNacimiento, nacionalidad, activo) VALUES ('33428753', 'Mark', 'Kelley', 1, '9847 Garcia Squares Apt. 836', 0, '13-03-1970', 'Canadiense', 1);
INSERT INTO Persona (DNI, nombre, apellido, sexo, direccion, idLocalidad, fechaNacimiento, nacionalidad, activo) VALUES ('44556307', 'Stephen', 'Gutierrez', 1, '6156 Ortega Landing Apt. 711', 0, '26-01-1996', 'Español', 1);
INSERT INTO Persona (DNI, nombre, apellido, sexo, direccion, idLocalidad, fechaNacimiento, nacionalidad, activo) VALUES ('36140039', 'Angela', 'Reynolds', 2, '80988 Santiago Loop Suite 604', 0, '29-04-1980', 'Calambiana', 0);
INSERT INTO Persona (DNI, nombre, apellido, sexo, direccion, idLocalidad, fechaNacimiento, nacionalidad, activo) VALUES ('33483090', 'Erik', 'Garcia', 1, '73158 Wilson Harbors', 0, '15-07-1978', 'Estadounidense', 1);
INSERT INTO Persona (DNI, nombre, apellido, sexo, direccion, idLocalidad, fechaNacimiento, nacionalidad, activo) VALUES ('18127581', 'Darrell', 'Patterson', 1, '402 Park Inlet', 0, '06-03-2002', 'Noruego', 1);
INSERT INTO Persona (DNI, nombre, apellido, sexo, direccion, idLocalidad, fechaNacimiento, nacionalidad, activo) VALUES ('46778085', 'Gerald', 'Smith', 1, '612 Christopher Pines', 0, '09-02-1954', 'Colombiano', 1);
INSERT INTO Persona (DNI, nombre, apellido, sexo, direccion, idLocalidad, fechaNacimiento, nacionalidad, activo) VALUES ('46294643', 'James', 'Chavez', 1, '4599 Nicole Drives', 0, '07-03-1950', 'Mexicano', 1);
INSERT INTO Persona (DNI, nombre, apellido, sexo, direccion, idLocalidad, fechaNacimiento, nacionalidad, activo) VALUES ('28941542', 'Nicole', 'Williams', 2, '7679 Perry Forge', 0, '04-11-1990', 'Sueca', 1);
INSERT INTO Persona (DNI, nombre, apellido, sexo, direccion, idLocalidad, fechaNacimiento, nacionalidad, activo) VALUES ('30327210', 'Kayla', 'Reed', 2, '9784 Jeffrey Rapid', 0, '13-03-1943', 'Neerlandés', 0);
INSERT INTO Persona (DNI, nombre, apellido, sexo, direccion, idLocalidad, fechaNacimiento, nacionalidad, activo) VALUES ('45932762', 'Adam', 'Turner', 1, '44510 Burgess Extensions', 0, '04-04-1948', 'Alemán', 0);
INSERT INTO Persona (DNI, nombre, apellido, sexo, direccion, idLocalidad, fechaNacimiento, nacionalidad, activo) VALUES ('40926675', 'James', 'Padilla', 1, '60607 Michelle Ports Suite 966', 0, '03-03-1959', 'Uruguayo', 1);
INSERT INTO Persona (DNI, nombre, apellido, sexo, direccion, idLocalidad, fechaNacimiento, nacionalidad, activo) VALUES ('42533071', 'Ashley', 'Smith', 2, '97516 John Radial Suite 816', 0, '16-09-1998', 'Francés', 1);
INSERT INTO Persona (DNI, nombre, apellido, sexo, direccion, idLocalidad, fechaNacimiento, nacionalidad, activo) VALUES ('43101028', 'Eric', 'Morgan', 1, '18188 Rebecca Keys Suite 231', 0, '07-06-1949', 'Español', 1);
INSERT INTO Persona (DNI, nombre, apellido, sexo, direccion, idLocalidad, fechaNacimiento, nacionalidad, activo) VALUES ('33071765', 'Dawn', 'Thompson', 2, '127 Webster Trace', 0, '25-11-1978', 'Mexicana', 1);
INSERT INTO Persona (DNI, nombre, apellido, sexo, direccion, idLocalidad, fechaNacimiento, nacionalidad, activo) VALUES ('33519275', 'Joann', 'Glass', 2, '527 Taylor Roads Suite 490', 0, '02-06-1963', 'Italiana', 1);
INSERT INTO Persona (DNI, nombre, apellido, sexo, direccion, idLocalidad, fechaNacimiento, nacionalidad, activo) VALUES ('44178990', 'Katie', 'Collins', 2, '05411 Ford Plaza Apt. 793', 0, '07-05-1961', 'Partugués', 1);
INSERT INTO Persona (DNI, nombre, apellido, sexo, direccion, idLocalidad, fechaNacimiento, nacionalidad, activo) VALUES ('22837055', 'Larry', 'Mason', 1, '1518 Benjamin Station', 0, '04-04-1969', 'Peruano', 1);
INSERT INTO Persona (DNI, nombre, apellido, sexo, direccion, idLocalidad, fechaNacimiento, nacionalidad, activo) VALUES ('39988158', 'Wendy', 'Warren', 2, '5466 Shelton Center', 0, '05-03-1993', 'Chilena', 1);
INSERT INTO Persona (DNI, nombre, apellido, sexo, direccion, idLocalidad, fechaNacimiento, nacionalidad, activo) VALUES ('37269701', 'Lynn', 'Cook', 2, '86449 Mathew Prairie Apt. 546', 0, '30-03-1948', 'Alemán', 1);
INSERT INTO Persona (DNI, nombre, apellido, sexo, direccion, idLocalidad, fechaNacimiento, nacionalidad, activo) VALUES ('19236121', 'Kurt', 'Hurley', 1, '652 Debbie Manors Suite 054', 0, '26-09-1951', 'Neerlandés', 0);
INSERT INTO Persona (DNI, nombre, apellido, sexo, direccion, idLocalidad, fechaNacimiento, nacionalidad, activo) VALUES ('18345769', 'Tiffany', 'Peterson', 2, '32214 William Plains Apt. 592', 0, '10-02-1980', 'Calambiana', 1);
INSERT INTO Persona (DNI, nombre, apellido, sexo, direccion, idLocalidad, fechaNacimiento, nacionalidad, activo) VALUES ('28756599', 'Jamie', 'Martin', 2, '706 Rhodes Freeway', 0, '13-06-2005', 'Brasileña', 0);
INSERT INTO Persona (DNI, nombre, apellido, sexo, direccion, idLocalidad, fechaNacimiento, nacionalidad, activo) VALUES ('41223637', 'Jeremy', 'Mitchell', 1, '83473 Gregory Ports Suite 746', 0, '09-09-1973', 'Uruguayo', 1);
INSERT INTO Persona (DNI, nombre, apellido, sexo, direccion, idLocalidad, fechaNacimiento, nacionalidad, activo) VALUES ('36804899', 'Kelsey', 'Burch', 2, '240 Sawyer Plaza', 0, '17-01-2003', 'Francés', 1);
INSERT INTO Persona (DNI, nombre, apellido, sexo, direccion, idLocalidad, fechaNacimiento, nacionalidad, activo) VALUES ('25625385', 'Brian', 'Singleton', 1, '1247 Mariah Course', 0, '15-11-2003', 'Francés', 1);
INSERT INTO Persona (DNI, nombre, apellido, sexo, direccion, idLocalidad, fechaNacimiento, nacionalidad, activo) VALUES ('35718501', 'Susan', 'Velasquez', 2, '60685 Paul Common Suite 305', 0, '23-10-2002', 'Naruega', 0);
INSERT INTO Persona (DNI, nombre, apellido, sexo, direccion, idLocalidad, fechaNacimiento, nacionalidad, activo) VALUES ('22633172', 'Brett', 'Espinoza', 1, '20472 West Avenue Apt. 043', 0, '15-04-1996', 'Peruano', 1);
INSERT INTO Persona (DNI, nombre, apellido, sexo, direccion, idLocalidad, fechaNacimiento, nacionalidad, activo) VALUES ('40513773', 'Chase', 'Bentley', 1, '43410 Robert Underpass Suite 117', 0, '29-01-1980', 'Británico', 0);
INSERT INTO Persona (DNI, nombre, apellido, sexo, direccion, idLocalidad, fechaNacimiento, nacionalidad, activo) VALUES ('38286814', 'Joshua', 'Chen', 1, '246 Christina Garden', 0, '20-04-1978', 'Portugués', 0);
INSERT INTO Persona (DNI, nombre, apellido, sexo, direccion, idLocalidad, fechaNacimiento, nacionalidad, activo) VALUES ('25884207', 'Jennifer', 'Beck', 2, '518 Peter Mountains', 0, '07-06-1942', 'Brasileña', 0);
INSERT INTO Persona (DNI, nombre, apellido, sexo, direccion, idLocalidad, fechaNacimiento, nacionalidad, activo) VALUES ('27577579', 'Mark', 'Zavala', 1, '051 Allen Shoals Apt. 952', 0, '26-06-1942', 'Español', 1);
INSERT INTO Persona (DNI, nombre, apellido, sexo, direccion, idLocalidad, fechaNacimiento, nacionalidad, activo) VALUES ('32822984', 'Heather', 'Morgan', 2, '772 Bryan Trail', 0, '06-09-2003', 'Mexicana', 0);
INSERT INTO Persona (DNI, nombre, apellido, sexo, direccion, idLocalidad, fechaNacimiento, nacionalidad, activo) VALUES ('20703704', 'Judith', 'Carter', 2, '05486 King Terrace', 0, '28-06-1983', 'Suiza', 0);
INSERT INTO Persona (DNI, nombre, apellido, sexo, direccion, idLocalidad, fechaNacimiento, nacionalidad, activo) VALUES ('35794029', 'Corey', 'Kelly', 1, '541 Kim Locks', 0, '19-01-1990', 'Uruguayo', 1);
INSERT INTO Persona (DNI, nombre, apellido, sexo, direccion, idLocalidad, fechaNacimiento, nacionalidad, activo) VALUES ('22790951', 'Jeremiah', 'Huber', 1, '77584 Jessica Common Suite 928', 0, '17-06-1959', 'Neerlandés', 0);
INSERT INTO Persona (DNI, nombre, apellido, sexo, direccion, idLocalidad, fechaNacimiento, nacionalidad, activo) VALUES ('23567342', 'Erica', 'Miller', 2, '7962 Bell Canyon Suite 964', 0, '26-12-1982', 'Venezalana', 1);
INSERT INTO Persona (DNI, nombre, apellido, sexo, direccion, idLocalidad, fechaNacimiento, nacionalidad, activo) VALUES ('37736848', 'William', 'Gould', 1, '658 Stephanie Divide', 0, '21-03-1997', 'Portugués', 1);
INSERT INTO Persona (DNI, nombre, apellido, sexo, direccion, idLocalidad, fechaNacimiento, nacionalidad, activo) VALUES ('46716844', 'Lawrence', 'Harrington', 1, '13556 Cassie Springs', 0, '31-01-1970', 'Uruguayo', 1);

INSERT INTO Telefonos (idPersona, telefono) VALUES ('39711873', '11-4263-7302');
INSERT INTO Telefonos (idPersona, telefono) VALUES ('15999828', '11-6881-5847');
INSERT INTO Telefonos (idPersona, telefono) VALUES ('33832259', '11-1132-1803');
INSERT INTO Telefonos (idPersona, telefono) VALUES ('42159979', '11-4115-5106');
INSERT INTO Telefonos (idPersona, telefono) VALUES ('22224730', '11-8222-1546');
INSERT INTO Telefonos (idPersona, telefono) VALUES ('43437192', '11-7807-3877');
INSERT INTO Telefonos (idPersona, telefono) VALUES ('32992829', '11-9221-5465');
INSERT INTO Telefonos (idPersona, telefono) VALUES ('34372723', '11-6549-2886');
INSERT INTO Telefonos (idPersona, telefono) VALUES ('17677374', '11-7511-6992');
INSERT INTO Telefonos (idPersona, telefono) VALUES ('20457765', '11-3024-8451');
INSERT INTO Telefonos (idPersona, telefono) VALUES ('35439044', '11-7086-2775');
INSERT INTO Telefonos (idPersona, telefono) VALUES ('24057945', '11-4626-2035');
INSERT INTO Telefonos (idPersona, telefono) VALUES ('42012854', '11-3290-1742');
INSERT INTO Telefonos (idPersona, telefono) VALUES ('22134562', '11-4846-9807');
INSERT INTO Telefonos (idPersona, telefono) VALUES ('23275445', '11-9850-7866');
INSERT INTO Telefonos (idPersona, telefono) VALUES ('22359183', '11-7686-5583');
INSERT INTO Telefonos (idPersona, telefono) VALUES ('43893819', '11-4868-6942');
INSERT INTO Telefonos (idPersona, telefono) VALUES ('27910648', '11-7523-5520');
INSERT INTO Telefonos (idPersona, telefono) VALUES ('37826523', '11-4475-1349');
INSERT INTO Telefonos (idPersona, telefono) VALUES ('29588301', '11-4362-2124');
INSERT INTO Telefonos (idPersona, telefono) VALUES ('32034970', '11-1046-5542');
INSERT INTO Telefonos (idPersona, telefono) VALUES ('40585616', '11-2801-1422');
INSERT INTO Telefonos (idPersona, telefono) VALUES ('31394887', '11-6304-1258');
INSERT INTO Telefonos (idPersona, telefono) VALUES ('23082309', '11-7897-9619');
INSERT INTO Telefonos (idPersona, telefono) VALUES ('19308102', '11-9408-2786');
INSERT INTO Telefonos (idPersona, telefono) VALUES ('22106768', '11-9543-5941');
INSERT INTO Telefonos (idPersona, telefono) VALUES ('19060227', '11-7984-2768');
INSERT INTO Telefonos (idPersona, telefono) VALUES ('34744773', '11-3430-2076');
INSERT INTO Telefonos (idPersona, telefono) VALUES ('45380854', '11-9692-5831');
INSERT INTO Telefonos (idPersona, telefono) VALUES ('37447169', '11-2874-4522');
INSERT INTO Telefonos (idPersona, telefono) VALUES ('23153634', '11-8430-7532');
INSERT INTO Telefonos (idPersona, telefono) VALUES ('26888253', '11-5176-7132');
INSERT INTO Telefonos (idPersona, telefono) VALUES ('17033823', '11-2527-8075');
INSERT INTO Telefonos (idPersona, telefono) VALUES ('32994763', '11-6400-3002');
INSERT INTO Telefonos (idPersona, telefono) VALUES ('23382113', '11-1842-5712');
INSERT INTO Telefonos (idPersona, telefono) VALUES ('18129379', '11-8900-4674');
INSERT INTO Telefonos (idPersona, telefono) VALUES ('44012852', '11-5564-4705');
INSERT INTO Telefonos (idPersona, telefono) VALUES ('23898737', '11-3955-5477');
INSERT INTO Telefonos (idPersona, telefono) VALUES ('20194119', '11-3347-7566');
INSERT INTO Telefonos (idPersona, telefono) VALUES ('40097895', '11-9691-4524');
INSERT INTO Telefonos (idPersona, telefono) VALUES ('16908561', '11-7062-6105');
INSERT INTO Telefonos (idPersona, telefono) VALUES ('28548459', '11-1815-2336');
INSERT INTO Telefonos (idPersona, telefono) VALUES ('35782994', '11-8242-7785');
INSERT INTO Telefonos (idPersona, telefono) VALUES ('46363537', '11-8043-2816');
INSERT INTO Telefonos (idPersona, telefono) VALUES ('19391546', '11-4612-7475');
INSERT INTO Telefonos (idPersona, telefono) VALUES ('35842645', '11-3248-5186');
INSERT INTO Telefonos (idPersona, telefono) VALUES ('19444504', '11-8055-3878');
INSERT INTO Telefonos (idPersona, telefono) VALUES ('29703034', '11-6802-2180');
INSERT INTO Telefonos (idPersona, telefono) VALUES ('46264544', '11-2275-6129');
INSERT INTO Telefonos (idPersona, telefono) VALUES ('24138489', '11-2887-7636');
INSERT INTO Telefonos (idPersona, telefono) VALUES ('31958713', '11-6928-2443');
INSERT INTO Telefonos (idPersona, telefono) VALUES ('42828304', '11-7560-9584');
INSERT INTO Telefonos (idPersona, telefono) VALUES ('36377977', '11-6456-3754');
INSERT INTO Telefonos (idPersona, telefono) VALUES ('33820911', '11-9355-4176');
INSERT INTO Telefonos (idPersona, telefono) VALUES ('43004361', '11-2684-3399');
INSERT INTO Telefonos (idPersona, telefono) VALUES ('16403543', '11-2234-3902');
INSERT INTO Telefonos (idPersona, telefono) VALUES ('37378571', '11-6295-6179');
INSERT INTO Telefonos (idPersona, telefono) VALUES ('46063479', '11-5961-5500');
INSERT INTO Telefonos (idPersona, telefono) VALUES ('39715002', '11-8565-8404');
INSERT INTO Telefonos (idPersona, telefono) VALUES ('27835970', '11-2479-9307');
INSERT INTO Telefonos (idPersona, telefono) VALUES ('26732589', '11-4084-6267');
INSERT INTO Telefonos (idPersona, telefono) VALUES ('28370299', '11-2695-6626');
INSERT INTO Telefonos (idPersona, telefono) VALUES ('37800844', '11-5059-8172');
INSERT INTO Telefonos (idPersona, telefono) VALUES ('16283698', '11-7108-5634');
INSERT INTO Telefonos (idPersona, telefono) VALUES ('29642948', '11-6482-2079');
INSERT INTO Telefonos (idPersona, telefono) VALUES ('38782887', '11-5128-3463');
INSERT INTO Telefonos (idPersona, telefono) VALUES ('27221244', '11-6082-7421');
INSERT INTO Telefonos (idPersona, telefono) VALUES ('39150945', '11-6381-3093');
INSERT INTO Telefonos (idPersona, telefono) VALUES ('38394432', '11-6928-1298');
INSERT INTO Telefonos (idPersona, telefono) VALUES ('37727018', '11-8967-4145');
INSERT INTO Telefonos (idPersona, telefono) VALUES ('25196351', '11-2657-9317');
INSERT INTO Telefonos (idPersona, telefono) VALUES ('30602414', '11-3147-7172');
INSERT INTO Telefonos (idPersona, telefono) VALUES ('37107362', '11-8170-1715');
INSERT INTO Telefonos (idPersona, telefono) VALUES ('37575276', '11-5668-8355');
INSERT INTO Telefonos (idPersona, telefono) VALUES ('23215552', '11-4178-7026');
INSERT INTO Telefonos (idPersona, telefono) VALUES ('39103689', '11-9239-9641');
INSERT INTO Telefonos (idPersona, telefono) VALUES ('44952693', '11-1854-8873');
INSERT INTO Telefonos (idPersona, telefono) VALUES ('44952693', '11-7081-2680');
INSERT INTO Telefonos (idPersona, telefono) VALUES ('16685049', '11-2374-3626');
INSERT INTO Telefonos (idPersona, telefono) VALUES ('37400191', '11-2502-4637');
INSERT INTO Telefonos (idPersona, telefono) VALUES ('45105308', '11-7495-9224');
INSERT INTO Telefonos (idPersona, telefono) VALUES ('43181122', '11-4678-1461');
INSERT INTO Telefonos (idPersona, telefono) VALUES ('17599909', '11-3254-1627');
INSERT INTO Telefonos (idPersona, telefono) VALUES ('19643063', '11-8685-8349');
INSERT INTO Telefonos (idPersona, telefono) VALUES ('17155162', '11-3449-9991');
INSERT INTO Telefonos (idPersona, telefono) VALUES ('17089290', '11-5934-2996');
INSERT INTO Telefonos (idPersona, telefono) VALUES ('43747156', '11-2816-9189');
INSERT INTO Telefonos (idPersona, telefono) VALUES ('43636961', '11-3352-5772');
INSERT INTO Telefonos (idPersona, telefono) VALUES ('22362568', '11-7825-4068');
INSERT INTO Telefonos (idPersona, telefono) VALUES ('37443674', '11-9914-9312');
INSERT INTO Telefonos (idPersona, telefono) VALUES ('45431482', '11-7338-7116');
INSERT INTO Telefonos (idPersona, telefono) VALUES ('19553319', '11-4950-2698');
INSERT INTO Telefonos (idPersona, telefono) VALUES ('22102140', '11-6546-3868');
INSERT INTO Telefonos (idPersona, telefono) VALUES ('23464827', '11-2033-8498');
INSERT INTO Telefonos (idPersona, telefono) VALUES ('22523647', '11-1686-6170');
INSERT INTO Telefonos (idPersona, telefono) VALUES ('35848565', '11-1599-4131');
INSERT INTO Telefonos (idPersona, telefono) VALUES ('33923678', '11-3039-7029');
INSERT INTO Telefonos (idPersona, telefono) VALUES ('41098364', '11-6554-4060');
INSERT INTO Telefonos (idPersona, telefono) VALUES ('34320532', '11-7955-2293');
INSERT INTO Telefonos (idPersona, telefono) VALUES ('18419240', '11-2680-2311');
INSERT INTO Telefonos (idPersona, telefono) VALUES ('26650225', '11-7981-3730');
INSERT INTO Telefonos (idPersona, telefono) VALUES ('31977226', '11-6776-8126');
INSERT INTO Telefonos (idPersona, telefono) VALUES ('42592846', '11-9406-3621');
INSERT INTO Telefonos (idPersona, telefono) VALUES ('27153013', '11-3068-2101');
INSERT INTO Telefonos (idPersona, telefono) VALUES ('20910175', '11-1530-3513');
INSERT INTO Telefonos (idPersona, telefono) VALUES ('30598575', '11-3255-9674');
INSERT INTO Telefonos (idPersona, telefono) VALUES ('25814747', '11-2858-1424');
INSERT INTO Telefonos (idPersona, telefono) VALUES ('44582633', '11-2929-5288');
INSERT INTO Telefonos (idPersona, telefono) VALUES ('34120981', '11-9047-4279');
INSERT INTO Telefonos (idPersona, telefono) VALUES ('31586173', '11-8292-2438');
INSERT INTO Telefonos (idPersona, telefono) VALUES ('31586173', '11-6236-6692');
INSERT INTO Telefonos (idPersona, telefono) VALUES ('22117561', '11-9882-5757');
INSERT INTO Telefonos (idPersona, telefono) VALUES ('24383781', '11-9335-4673');
INSERT INTO Telefonos (idPersona, telefono) VALUES ('32335133', '11-1430-6912');
INSERT INTO Telefonos (idPersona, telefono) VALUES ('39161696', '11-2412-2077');
INSERT INTO Telefonos (idPersona, telefono) VALUES ('38173004', '11-7730-7708');
INSERT INTO Telefonos (idPersona, telefono) VALUES ('41606412', '11-8632-9476');
INSERT INTO Telefonos (idPersona, telefono) VALUES ('22435541', '11-8088-9238');
INSERT INTO Telefonos (idPersona, telefono) VALUES ('37278801', '11-3697-3653');
INSERT INTO Telefonos (idPersona, telefono) VALUES ('29277538', '11-5105-4216');
INSERT INTO Telefonos (idPersona, telefono) VALUES ('24090446', '11-9740-2530');
INSERT INTO Telefonos (idPersona, telefono) VALUES ('19048539', '11-6531-1674');
INSERT INTO Telefonos (idPersona, telefono) VALUES ('39926952', '11-4453-7825');
INSERT INTO Telefonos (idPersona, telefono) VALUES ('39783459', '11-5949-8912');
INSERT INTO Telefonos (idPersona, telefono) VALUES ('18373096', '11-1981-3589');
INSERT INTO Telefonos (idPersona, telefono) VALUES ('27109159', '11-6573-3353');
INSERT INTO Telefonos (idPersona, telefono) VALUES ('38757158', '11-3142-7070');
INSERT INTO Telefonos (idPersona, telefono) VALUES ('16829589', '11-3007-5382');
INSERT INTO Telefonos (idPersona, telefono) VALUES ('18442270', '11-5754-7293');
INSERT INTO Telefonos (idPersona, telefono) VALUES ('30750347', '11-6123-4110');
INSERT INTO Telefonos (idPersona, telefono) VALUES ('21186218', '11-6055-9148');
INSERT INTO Telefonos (idPersona, telefono) VALUES ('18828129', '11-4524-6781');
INSERT INTO Telefonos (idPersona, telefono) VALUES ('17485785', '11-8710-5681');
INSERT INTO Telefonos (idPersona, telefono) VALUES ('42217411', '11-5333-6992');
INSERT INTO Telefonos (idPersona, telefono) VALUES ('18974574', '11-4189-6939');
INSERT INTO Telefonos (idPersona, telefono) VALUES ('30116756', '11-5582-2946');
INSERT INTO Telefonos (idPersona, telefono) VALUES ('25246860', '11-6990-3363');
INSERT INTO Telefonos (idPersona, telefono) VALUES ('35988801', '11-1637-3245');
INSERT INTO Telefonos (idPersona, telefono) VALUES ('20269961', '11-9446-3290');
INSERT INTO Telefonos (idPersona, telefono) VALUES ('20252363', '11-5902-6511');
INSERT INTO Telefonos (idPersona, telefono) VALUES ('38131456', '11-5911-8780');
INSERT INTO Telefonos (idPersona, telefono) VALUES ('22767053', '11-6040-1436');
INSERT INTO Telefonos (idPersona, telefono) VALUES ('17388396', '11-1841-8871');
INSERT INTO Telefonos (idPersona, telefono) VALUES ('29265296', '11-4968-1517');
INSERT INTO Telefonos (idPersona, telefono) VALUES ('36731015', '11-7861-3481');
INSERT INTO Telefonos (idPersona, telefono) VALUES ('17396116', '11-2020-3262');
INSERT INTO Telefonos (idPersona, telefono) VALUES ('34966364', '11-8837-9609');
INSERT INTO Telefonos (idPersona, telefono) VALUES ('30726894', '11-6608-9950');
INSERT INTO Telefonos (idPersona, telefono) VALUES ('31793059', '11-5038-5571');
INSERT INTO Telefonos (idPersona, telefono) VALUES ('35066780', '11-4396-9011');
INSERT INTO Telefonos (idPersona, telefono) VALUES ('35257268', '11-2996-9899');
INSERT INTO Telefonos (idPersona, telefono) VALUES ('22681428', '11-1689-5712');
INSERT INTO Telefonos (idPersona, telefono) VALUES ('40605689', '11-8849-4505');
INSERT INTO Telefonos (idPersona, telefono) VALUES ('40605689', '11-4310-9824');
INSERT INTO Telefonos (idPersona, telefono) VALUES ('45738302', '11-2789-4920');
INSERT INTO Telefonos (idPersona, telefono) VALUES ('36299840', '11-4814-1860');
INSERT INTO Telefonos (idPersona, telefono) VALUES ('26675635', '11-3252-1084');
INSERT INTO Telefonos (idPersona, telefono) VALUES ('37485949', '11-4267-5706');
INSERT INTO Telefonos (idPersona, telefono) VALUES ('28812517', '11-4804-9767');
INSERT INTO Telefonos (idPersona, telefono) VALUES ('42298746', '11-7504-9116');
INSERT INTO Telefonos (idPersona, telefono) VALUES ('25553444', '11-2758-6489');
INSERT INTO Telefonos (idPersona, telefono) VALUES ('40922406', '11-9261-8668');
INSERT INTO Telefonos (idPersona, telefono) VALUES ('37067420', '11-8518-5215');
INSERT INTO Telefonos (idPersona, telefono) VALUES ('21294225', '11-4164-3875');
INSERT INTO Telefonos (idPersona, telefono) VALUES ('40501050', '11-7567-2562');
INSERT INTO Telefonos (idPersona, telefono) VALUES ('33428753', '11-1111-5272');
INSERT INTO Telefonos (idPersona, telefono) VALUES ('44556307', '11-5947-1187');
INSERT INTO Telefonos (idPersona, telefono) VALUES ('44556307', '11-5285-6890');
INSERT INTO Telefonos (idPersona, telefono) VALUES ('36140039', '11-2936-8625');
INSERT INTO Telefonos (idPersona, telefono) VALUES ('33483090', '11-2923-5833');
INSERT INTO Telefonos (idPersona, telefono) VALUES ('18127581', '11-3509-8454');
INSERT INTO Telefonos (idPersona, telefono) VALUES ('46778085', '11-4578-5054');
INSERT INTO Telefonos (idPersona, telefono) VALUES ('46294643', '11-2838-2011');
INSERT INTO Telefonos (idPersona, telefono) VALUES ('28941542', '11-6375-9525');
INSERT INTO Telefonos (idPersona, telefono) VALUES ('30327210', '11-9008-2489');
INSERT INTO Telefonos (idPersona, telefono) VALUES ('45932762', '11-9409-7806');
INSERT INTO Telefonos (idPersona, telefono) VALUES ('40926675', '11-6049-1356');
INSERT INTO Telefonos (idPersona, telefono) VALUES ('42533071', '11-2196-1742');
INSERT INTO Telefonos (idPersona, telefono) VALUES ('43101028', '11-1987-2130');
INSERT INTO Telefonos (idPersona, telefono) VALUES ('33071765', '11-3218-7887');
INSERT INTO Telefonos (idPersona, telefono) VALUES ('33519275', '11-2314-9835');
INSERT INTO Telefonos (idPersona, telefono) VALUES ('33519275', '11-3178-6697');
INSERT INTO Telefonos (idPersona, telefono) VALUES ('44178990', '11-7439-9664');
INSERT INTO Telefonos (idPersona, telefono) VALUES ('22837055', '11-8585-9920');
INSERT INTO Telefonos (idPersona, telefono) VALUES ('39988158', '11-8546-6671');
INSERT INTO Telefonos (idPersona, telefono) VALUES ('37269701', '11-7868-1256');
INSERT INTO Telefonos (idPersona, telefono) VALUES ('19236121', '11-1550-8314');
INSERT INTO Telefonos (idPersona, telefono) VALUES ('18345769', '11-8191-4839');
INSERT INTO Telefonos (idPersona, telefono) VALUES ('28756599', '11-9255-5739');
INSERT INTO Telefonos (idPersona, telefono) VALUES ('41223637', '11-5944-3347');
INSERT INTO Telefonos (idPersona, telefono) VALUES ('36804899', '11-1998-3869');
INSERT INTO Telefonos (idPersona, telefono) VALUES ('25625385', '11-7244-9592');
INSERT INTO Telefonos (idPersona, telefono) VALUES ('35718501', '11-7167-4012');
INSERT INTO Telefonos (idPersona, telefono) VALUES ('22633172', '11-3365-8586');
INSERT INTO Telefonos (idPersona, telefono) VALUES ('40513773', '11-4978-5177');
INSERT INTO Telefonos (idPersona, telefono) VALUES ('38286814', '11-7079-2514');
INSERT INTO Telefonos (idPersona, telefono) VALUES ('25884207', '11-1647-2192');
INSERT INTO Telefonos (idPersona, telefono) VALUES ('27577579', '11-5967-1251');
INSERT INTO Telefonos (idPersona, telefono) VALUES ('32822984', '11-8846-4974');
INSERT INTO Telefonos (idPersona, telefono) VALUES ('20703704', '11-7236-8639');
INSERT INTO Telefonos (idPersona, telefono) VALUES ('35794029', '11-9401-9147');
INSERT INTO Telefonos (idPersona, telefono) VALUES ('22790951', '11-4328-7073');
INSERT INTO Telefonos (idPersona, telefono) VALUES ('23567342', '11-3390-1265');
INSERT INTO Telefonos (idPersona, telefono) VALUES ('37736848', '11-6404-4768');
INSERT INTO Telefonos (idPersona, telefono) VALUES ('46716844', '11-9005-9037');

INSERT INTO Correos (idPersona, correo) VALUES ('39711873', 'gómez.juan33@gmail.com');
INSERT INTO Correos (idPersona, correo) VALUES ('15999828', 'rodríguez.martín31@gmail.com');
INSERT INTO Correos (idPersona, correo) VALUES ('33832259', 'fernández.lucía85@gmail.com');
INSERT INTO Correos (idPersona, correo) VALUES ('42159979', 'martín.díaz@gmail.com');
INSERT INTO Correos (idPersona, correo) VALUES ('22224730', 'pedrodíaz@gmail.com');
INSERT INTO Correos (idPersona, correo) VALUES ('43437192', 'maría.rodríguez@gmail.com');
INSERT INTO Correos (idPersona, correo) VALUES ('32992829', 'florencia.gómez@gmail.com');
INSERT INTO Correos (idPersona, correo) VALUES ('34372723', 'federico.rodríguez@gmail.com');
INSERT INTO Correos (idPersona, correo) VALUES ('17677374', 'gonzálezmaría@gmail.com');
INSERT INTO Correos (idPersona, correo) VALUES ('20457765', 'maría.díaz@gmail.com');
INSERT INTO Correos (idPersona, correo) VALUES ('35439044', 'fernández.ana75@gmail.com');
INSERT INTO Correos (idPersona, correo) VALUES ('24057945', 'martín.fernández@gmail.com');
INSERT INTO Correos (idPersona, correo) VALUES ('42012854', 'gonzález.ana84@gmail.com');
INSERT INTO Correos (idPersona, correo) VALUES ('22134562', 'federicogómez@gmail.com');
INSERT INTO Correos (idPersona, correo) VALUES ('23275445', 'federico.sánchez@gmail.com');
INSERT INTO Correos (idPersona, correo) VALUES ('22359183', 'florenciadíaz@gmail.com');
INSERT INTO Correos (idPersona, correo) VALUES ('43893819', 'sánchez.martín28@gmail.com');
INSERT INTO Correos (idPersona, correo) VALUES ('27910648', 'pedro.pérez@gmail.com');
INSERT INTO Correos (idPersona, correo) VALUES ('37826523', 'florenciasánchez@gmail.com');
INSERT INTO Correos (idPersona, correo) VALUES ('29588301', 'gómezmartín@gmail.com');
INSERT INTO Correos (idPersona, correo) VALUES ('32034970', 'julieta.gonzález@gmail.com');
INSERT INTO Correos (idPersona, correo) VALUES ('40585616', 'carlos.romero@gmail.com');
INSERT INTO Correos (idPersona, correo) VALUES ('31394887', 'romeromartín@gmail.com');
INSERT INTO Correos (idPersona, correo) VALUES ('23082309', 'lópezmaría@gmail.com');
INSERT INTO Correos (idPersona, correo) VALUES ('19308102', 'sánchez.maría61@gmail.com');
INSERT INTO Correos (idPersona, correo) VALUES ('22106768', 'martínpérez@gmail.com');
INSERT INTO Correos (idPersona, correo) VALUES ('19060227', 'díaz.carlos8@gmail.com');
INSERT INTO Correos (idPersona, correo) VALUES ('34744773', 'lucíarodríguez@gmail.com');
INSERT INTO Correos (idPersona, correo) VALUES ('45380854', 'juan.rodríguez@gmail.com');
INSERT INTO Correos (idPersona, correo) VALUES ('37447169', 'rodríguez.ana78@gmail.com');
INSERT INTO Correos (idPersona, correo) VALUES ('23153634', 'romero.lucía30@gmail.com');
INSERT INTO Correos (idPersona, correo) VALUES ('26888253', 'fernández.federico41@gmail.com');
INSERT INTO Correos (idPersona, correo) VALUES ('17033823', 'federicosánchez@gmail.com');
INSERT INTO Correos (idPersona, correo) VALUES ('32994763', 'anarodríguez@gmail.com');
INSERT INTO Correos (idPersona, correo) VALUES ('23382113', 'díaz.pedro86@gmail.com');
INSERT INTO Correos (idPersona, correo) VALUES ('18129379', 'romerojulieta@gmail.com');
INSERT INTO Correos (idPersona, correo) VALUES ('44012852', 'pedro.díaz@gmail.com');
INSERT INTO Correos (idPersona, correo) VALUES ('23898737', 'juan.pérez@gmail.com');
INSERT INTO Correos (idPersona, correo) VALUES ('20194119', 'carlosdíaz@gmail.com');
INSERT INTO Correos (idPersona, correo) VALUES ('40097895', 'carlosfernández@gmail.com');
INSERT INTO Correos (idPersona, correo) VALUES ('16908561', 'juan.gonzález@gmail.com');
INSERT INTO Correos (idPersona, correo) VALUES ('28548459', 'rodríguezpedro@gmail.com');
INSERT INTO Correos (idPersona, correo) VALUES ('35782994', 'fernández.florencia85@gmail.com');
INSERT INTO Correos (idPersona, correo) VALUES ('46363537', 'federicoalvarez@gmail.com');
INSERT INTO Correos (idPersona, correo) VALUES ('19391546', 'lucía.lópez@gmail.com');
INSERT INTO Correos (idPersona, correo) VALUES ('35842645', 'julieta.lópez@gmail.com');
INSERT INTO Correos (idPersona, correo) VALUES ('19444504', 'maríaromero@gmail.com');
INSERT INTO Correos (idPersona, correo) VALUES ('29703034', 'fernándezmaría@gmail.com');
INSERT INTO Correos (idPersona, correo) VALUES ('46264544', 'florenciaromero@gmail.com');
INSERT INTO Correos (idPersona, correo) VALUES ('24138489', 'gómez.pedro91@gmail.com');
INSERT INTO Correos (idPersona, correo) VALUES ('31958713', 'fernández.florencia22@gmail.com');
INSERT INTO Correos (idPersona, correo) VALUES ('42828304', 'gonzález.carlos32@gmail.com');
INSERT INTO Correos (idPersona, correo) VALUES ('36377977', 'juan.gonzález@gmail.com');
INSERT INTO Correos (idPersona, correo) VALUES ('33820911', 'pedrosánchez@gmail.com');
INSERT INTO Correos (idPersona, correo) VALUES ('43004361', 'rodríguezmaría@gmail.com');
INSERT INTO Correos (idPersona, correo) VALUES ('16403543', 'romeroflorencia@gmail.com');
INSERT INTO Correos (idPersona, correo) VALUES ('37378571', 'gonzález.ana97@gmail.com');
INSERT INTO Correos (idPersona, correo) VALUES ('46063479', 'romero.ana9@gmail.com');
INSERT INTO Correos (idPersona, correo) VALUES ('39715002', 'pedropérez@gmail.com');
INSERT INTO Correos (idPersona, correo) VALUES ('27835970', 'federico.fernández@gmail.com');
INSERT INTO Correos (idPersona, correo) VALUES ('26732589', 'julietafernández@gmail.com');
INSERT INTO Correos (idPersona, correo) VALUES ('28370299', 'lucíafernández@gmail.com');
INSERT INTO Correos (idPersona, correo) VALUES ('37800844', 'rodríguezcarlos@gmail.com');
INSERT INTO Correos (idPersona, correo) VALUES ('16283698', 'rodríguezjuan@gmail.com');
INSERT INTO Correos (idPersona, correo) VALUES ('29642948', 'florenciadíaz@gmail.com');
INSERT INTO Correos (idPersona, correo) VALUES ('38782887', 'alvarez.federico72@gmail.com');
INSERT INTO Correos (idPersona, correo) VALUES ('27221244', 'romerojuan@gmail.com');
INSERT INTO Correos (idPersona, correo) VALUES ('39150945', 'lópez.maría40@gmail.com');
INSERT INTO Correos (idPersona, correo) VALUES ('38394432', 'gómez.martín83@gmail.com');
INSERT INTO Correos (idPersona, correo) VALUES ('37727018', 'pérezmartín@gmail.com');
INSERT INTO Correos (idPersona, correo) VALUES ('25196351', 'florenciaalvarez@gmail.com');
INSERT INTO Correos (idPersona, correo) VALUES ('30602414', 'lucía.díaz@gmail.com');
INSERT INTO Correos (idPersona, correo) VALUES ('37107362', 'fernándezjulieta@gmail.com');
INSERT INTO Correos (idPersona, correo) VALUES ('37575276', 'romerocarlos@gmail.com');
INSERT INTO Correos (idPersona, correo) VALUES ('23215552', 'lucía.fernández@gmail.com');
INSERT INTO Correos (idPersona, correo) VALUES ('39103689', 'florencia.rodríguez@gmail.com');
INSERT INTO Correos (idPersona, correo) VALUES ('44952693', 'díazjulieta@gmail.com');
INSERT INTO Correos (idPersona, correo) VALUES ('44952693', 'julieta.díaz@gmail.com');
INSERT INTO Correos (idPersona, correo) VALUES ('16685049', 'federicofernández@gmail.com');
INSERT INTO Correos (idPersona, correo) VALUES ('37400191', 'sánchezmaría@gmail.com');
INSERT INTO Correos (idPersona, correo) VALUES ('45105308', 'alvarez.julieta4@gmail.com');
INSERT INTO Correos (idPersona, correo) VALUES ('43181122', 'julietasánchez@gmail.com');
INSERT INTO Correos (idPersona, correo) VALUES ('17599909', 'martín.sánchez@gmail.com');
INSERT INTO Correos (idPersona, correo) VALUES ('19643063', 'gómezlucía@gmail.com');
INSERT INTO Correos (idPersona, correo) VALUES ('17155162', 'lucía.díaz@gmail.com');
INSERT INTO Correos (idPersona, correo) VALUES ('17089290', 'federico.lópez@gmail.com');
INSERT INTO Correos (idPersona, correo) VALUES ('43747156', 'díaz.federico54@gmail.com');
INSERT INTO Correos (idPersona, correo) VALUES ('43636961', 'gonzálezjulieta@gmail.com');
INSERT INTO Correos (idPersona, correo) VALUES ('22362568', 'martín.romero@gmail.com');
INSERT INTO Correos (idPersona, correo) VALUES ('37443674', 'federicosánchez@gmail.com');
INSERT INTO Correos (idPersona, correo) VALUES ('45431482', 'sánchez.pedro50@gmail.com');
INSERT INTO Correos (idPersona, correo) VALUES ('19553319', 'florenciaalvarez@gmail.com');
INSERT INTO Correos (idPersona, correo) VALUES ('22102140', 'pedro.gonzález@gmail.com');
INSERT INTO Correos (idPersona, correo) VALUES ('23464827', 'lópezana@gmail.com');
INSERT INTO Correos (idPersona, correo) VALUES ('22523647', 'julietagonzález@gmail.com');
INSERT INTO Correos (idPersona, correo) VALUES ('35848565', 'gonzález.juan51@gmail.com');
INSERT INTO Correos (idPersona, correo) VALUES ('33923678', 'lucía.pérez@gmail.com');
INSERT INTO Correos (idPersona, correo) VALUES ('41098364', 'gómez.julieta96@gmail.com');
INSERT INTO Correos (idPersona, correo) VALUES ('34320532', 'carlos.rodríguez@gmail.com');
INSERT INTO Correos (idPersona, correo) VALUES ('18419240', 'federico.fernández@gmail.com');
INSERT INTO Correos (idPersona, correo) VALUES ('26650225', 'rodríguez.florencia40@gmail.com');
INSERT INTO Correos (idPersona, correo) VALUES ('31977226', 'tammyyoung@gmail.com');
INSERT INTO Correos (idPersona, correo) VALUES ('42592846', 'brennan.ashley10@gmail.com');
INSERT INTO Correos (idPersona, correo) VALUES ('27153013', 'bell.patricia78@gmail.com');
INSERT INTO Correos (idPersona, correo) VALUES ('20910175', 'reed.linda47@gmail.com');
INSERT INTO Correos (idPersona, correo) VALUES ('30598575', 'harmon.michelle48@gmail.com');
INSERT INTO Correos (idPersona, correo) VALUES ('25814747', 'stephanie.hunter@gmail.com');
INSERT INTO Correos (idPersona, correo) VALUES ('44582633', 'smith.joshua67@gmail.com');
INSERT INTO Correos (idPersona, correo) VALUES ('34120981', 'mary.harvey@gmail.com');
INSERT INTO Correos (idPersona, correo) VALUES ('31586173', 'jones.sarah10@gmail.com');
INSERT INTO Correos (idPersona, correo) VALUES ('31586173', 'sarahjones@gmail.com');
INSERT INTO Correos (idPersona, correo) VALUES ('22117561', 'reginadominguez@gmail.com');
INSERT INTO Correos (idPersona, correo) VALUES ('24383781', 'kelleysandra@gmail.com');
INSERT INTO Correos (idPersona, correo) VALUES ('32335133', 'washingtonpaula@gmail.com');
INSERT INTO Correos (idPersona, correo) VALUES ('39161696', 'hallcharles@gmail.com');
INSERT INTO Correos (idPersona, correo) VALUES ('38173004', 'wall.amy92@gmail.com');
INSERT INTO Correos (idPersona, correo) VALUES ('41606412', 'morganmarsh@gmail.com');
INSERT INTO Correos (idPersona, correo) VALUES ('22435541', 'ramseyrobert@gmail.com');
INSERT INTO Correos (idPersona, correo) VALUES ('37278801', 'lewisjamie@gmail.com');
INSERT INTO Correos (idPersona, correo) VALUES ('29277538', 'tina.williams@gmail.com');
INSERT INTO Correos (idPersona, correo) VALUES ('24090446', 'theresa.marshall@gmail.com');
INSERT INTO Correos (idPersona, correo) VALUES ('19048539', 'gonzalezteresa@gmail.com');
INSERT INTO Correos (idPersona, correo) VALUES ('39926952', 'benjamin.holland@gmail.com');
INSERT INTO Correos (idPersona, correo) VALUES ('39783459', 'nicholas.sheppard@gmail.com');
INSERT INTO Correos (idPersona, correo) VALUES ('18373096', 'sanchez.sierra39@gmail.com');
INSERT INTO Correos (idPersona, correo) VALUES ('27109159', 'ramirez.david62@gmail.com');
INSERT INTO Correos (idPersona, correo) VALUES ('38757158', 'michael.west@gmail.com');
INSERT INTO Correos (idPersona, correo) VALUES ('16829589', 'reesejeffery@gmail.com');
INSERT INTO Correos (idPersona, correo) VALUES ('18442270', 'cindywashington@gmail.com');
INSERT INTO Correos (idPersona, correo) VALUES ('30750347', 'edgar.raymond@gmail.com');
INSERT INTO Correos (idPersona, correo) VALUES ('21186218', 'ray.katherine66@gmail.com');
INSERT INTO Correos (idPersona, correo) VALUES ('18828129', 'montgomery.kyle51@gmail.com');
INSERT INTO Correos (idPersona, correo) VALUES ('17485785', 'allen.brad37@gmail.com');
INSERT INTO Correos (idPersona, correo) VALUES ('42217411', 'heath.douglas14@gmail.com');
INSERT INTO Correos (idPersona, correo) VALUES ('18974574', 'kerr.maria6@gmail.com');
INSERT INTO Correos (idPersona, correo) VALUES ('30116756', 'powell.elizabeth50@gmail.com');
INSERT INTO Correos (idPersona, correo) VALUES ('25246860', 'crystal.craig@gmail.com');
INSERT INTO Correos (idPersona, correo) VALUES ('35988801', 'thomaswhite@gmail.com');
INSERT INTO Correos (idPersona, correo) VALUES ('20269961', 'bates.jon67@gmail.com');
INSERT INTO Correos (idPersona, correo) VALUES ('20252363', 'lopez.jason21@gmail.com');
INSERT INTO Correos (idPersona, correo) VALUES ('38131456', 'lynch.william69@gmail.com');
INSERT INTO Correos (idPersona, correo) VALUES ('22767053', 'wendydurham@gmail.com');
INSERT INTO Correos (idPersona, correo) VALUES ('17388396', 'greenecheryl@gmail.com');
INSERT INTO Correos (idPersona, correo) VALUES ('29265296', 'duarte.kevin81@gmail.com');
INSERT INTO Correos (idPersona, correo) VALUES ('36731015', 'jenkins.scott3@gmail.com');
INSERT INTO Correos (idPersona, correo) VALUES ('17396116', 'kirk.brian53@gmail.com');
INSERT INTO Correos (idPersona, correo) VALUES ('34966364', 'john.costa@gmail.com');
INSERT INTO Correos (idPersona, correo) VALUES ('30726894', 'cohen.cynthia23@gmail.com');
INSERT INTO Correos (idPersona, correo) VALUES ('31793059', 'thomas.jade79@gmail.com');
INSERT INTO Correos (idPersona, correo) VALUES ('35066780', 'julia.king@gmail.com');
INSERT INTO Correos (idPersona, correo) VALUES ('35257268', 'eric.kidd@gmail.com');
INSERT INTO Correos (idPersona, correo) VALUES ('22681428', 'osbornesharon@gmail.com');
INSERT INTO Correos (idPersona, correo) VALUES ('40605689', 'david.campos@gmail.com');
INSERT INTO Correos (idPersona, correo) VALUES ('40605689', 'campos.david57@gmail.com');
INSERT INTO Correos (idPersona, correo) VALUES ('45738302', 'carlos.browning@gmail.com');
INSERT INTO Correos (idPersona, correo) VALUES ('36299840', 'sloancarmen@gmail.com');
INSERT INTO Correos (idPersona, correo) VALUES ('26675635', 'baker.jennifer43@gmail.com');
INSERT INTO Correos (idPersona, correo) VALUES ('37485949', 'henson.allison84@gmail.com');
INSERT INTO Correos (idPersona, correo) VALUES ('28812517', 'johnathandavis@gmail.com');
INSERT INTO Correos (idPersona, correo) VALUES ('42298746', 'gilbertsandra@gmail.com');
INSERT INTO Correos (idPersona, correo) VALUES ('25553444', 'donalddonaldson@gmail.com');
INSERT INTO Correos (idPersona, correo) VALUES ('40922406', 'kane.cindy83@gmail.com');
INSERT INTO Correos (idPersona, correo) VALUES ('37067420', 'rachel.chapman@gmail.com');
INSERT INTO Correos (idPersona, correo) VALUES ('21294225', 'paula.palmer@gmail.com');
INSERT INTO Correos (idPersona, correo) VALUES ('40501050', 'yvette.boone@gmail.com');
INSERT INTO Correos (idPersona, correo) VALUES ('33428753', 'mark.kelley@gmail.com');
INSERT INTO Correos (idPersona, correo) VALUES ('44556307', 'stephen.gutierrez@gmail.com');
INSERT INTO Correos (idPersona, correo) VALUES ('44556307', 'gutierrezstephen@gmail.com');
INSERT INTO Correos (idPersona, correo) VALUES ('36140039', 'reynoldsangela@gmail.com');
INSERT INTO Correos (idPersona, correo) VALUES ('33483090', 'erik.garcia@gmail.com');
INSERT INTO Correos (idPersona, correo) VALUES ('18127581', 'pattersondarrell@gmail.com');
INSERT INTO Correos (idPersona, correo) VALUES ('46778085', 'smith.gerald90@gmail.com');
INSERT INTO Correos (idPersona, correo) VALUES ('46294643', 'james.chavez@gmail.com');
INSERT INTO Correos (idPersona, correo) VALUES ('28941542', 'williamsnicole@gmail.com');
INSERT INTO Correos (idPersona, correo) VALUES ('30327210', 'reedkayla@gmail.com');
INSERT INTO Correos (idPersona, correo) VALUES ('45932762', 'turner.adam8@gmail.com');
INSERT INTO Correos (idPersona, correo) VALUES ('40926675', 'padilla.james72@gmail.com');
INSERT INTO Correos (idPersona, correo) VALUES ('42533071', 'smithashley@gmail.com');
INSERT INTO Correos (idPersona, correo) VALUES ('43101028', 'ericmorgan@gmail.com');
INSERT INTO Correos (idPersona, correo) VALUES ('33071765', 'thompson.dawn37@gmail.com');
INSERT INTO Correos (idPersona, correo) VALUES ('33519275', 'glass.joann58@gmail.com');
INSERT INTO Correos (idPersona, correo) VALUES ('33519275', 'glassjoann@gmail.com');
INSERT INTO Correos (idPersona, correo) VALUES ('44178990', 'collinskatie@gmail.com');
INSERT INTO Correos (idPersona, correo) VALUES ('22837055', 'larrymason@gmail.com');
INSERT INTO Correos (idPersona, correo) VALUES ('39988158', 'warrenwendy@gmail.com');
INSERT INTO Correos (idPersona, correo) VALUES ('37269701', 'lynncook@gmail.com');
INSERT INTO Correos (idPersona, correo) VALUES ('19236121', 'kurthurley@gmail.com');
INSERT INTO Correos (idPersona, correo) VALUES ('18345769', 'tiffanypeterson@gmail.com');
INSERT INTO Correos (idPersona, correo) VALUES ('28756599', 'jamiemartin@gmail.com');
INSERT INTO Correos (idPersona, correo) VALUES ('41223637', 'jeremy.mitchell@gmail.com');
INSERT INTO Correos (idPersona, correo) VALUES ('36804899', 'kelsey.burch@gmail.com');
INSERT INTO Correos (idPersona, correo) VALUES ('25625385', 'brian.singleton@gmail.com');
INSERT INTO Correos (idPersona, correo) VALUES ('35718501', 'velasquezsusan@gmail.com');
INSERT INTO Correos (idPersona, correo) VALUES ('22633172', 'espinozabrett@gmail.com');
INSERT INTO Correos (idPersona, correo) VALUES ('40513773', 'bentleychase@gmail.com');
INSERT INTO Correos (idPersona, correo) VALUES ('38286814', 'joshuachen@gmail.com');
INSERT INTO Correos (idPersona, correo) VALUES ('25884207', 'jennifer.beck@gmail.com');
INSERT INTO Correos (idPersona, correo) VALUES ('27577579', 'zavalamark@gmail.com');
INSERT INTO Correos (idPersona, correo) VALUES ('32822984', 'heathermorgan@gmail.com');
INSERT INTO Correos (idPersona, correo) VALUES ('20703704', 'judith.carter@gmail.com');
INSERT INTO Correos (idPersona, correo) VALUES ('35794029', 'corey.kelly@gmail.com');
INSERT INTO Correos (idPersona, correo) VALUES ('22790951', 'huber.jeremiah93@gmail.com');
INSERT INTO Correos (idPersona, correo) VALUES ('23567342', 'millererica@gmail.com');
INSERT INTO Correos (idPersona, correo) VALUES ('37736848', 'gouldwilliam@gmail.com');
INSERT INTO Correos (idPersona, correo) VALUES ('46716844', 'lawrence.harrington@gmail.com');

INSERT INTO Usuario (DNI, idRol, nombreUsuario, contrasenia, ultimoIngreso, alta) VALUES ('25553444', 1, 'admin_25553444', 'pass229', '2025-05-17 04:53:04', '2025-06-18 04:13:11');
INSERT INTO Usuario (DNI, idRol, nombreUsuario, contrasenia, ultimoIngreso, alta) VALUES ('18129379', 1, 'admin_18129379', 'pass235', '2025-02-18 11:34:49', '2025-01-29 09:32:37');
INSERT INTO Usuario (DNI, idRol, nombreUsuario, contrasenia, ultimoIngreso, alta) VALUES ('36377977', 1, 'admin_36377977', 'pass828', '2025-03-04 13:04:46', '2025-06-10 21:00:18');
INSERT INTO Usuario (DNI, idRol, nombreUsuario, contrasenia, ultimoIngreso, alta) VALUES ('22359183', 1, 'admin_22359183', 'pass353', '2025-05-28 20:43:26', '2025-06-13 19:15:15');
INSERT INTO Usuario (DNI, idRol, nombreUsuario, contrasenia, ultimoIngreso, alta) VALUES ('30726894', 1, 'admin_30726894', 'pass792', '2025-03-18 06:07:05', '2025-04-06 01:02:34');
INSERT INTO Usuario (DNI, idRol, nombreUsuario, contrasenia, ultimoIngreso, alta) VALUES ('23464827', 2, 'med_23464827', 'med245', '2025-04-23 02:59:52', '2025-05-03 19:12:24');
INSERT INTO Usuario (DNI, idRol, nombreUsuario, contrasenia, ultimoIngreso, alta) VALUES ('22767053', 2, 'med_22767053', 'med375', '2025-05-02 21:49:11', '2025-03-22 10:25:43');
INSERT INTO Usuario (DNI, idRol, nombreUsuario, contrasenia, ultimoIngreso, alta) VALUES ('23215552', 2, 'med_23215552', 'med484', '2025-03-29 18:26:02', '2025-01-15 15:55:52');
INSERT INTO Usuario (DNI, idRol, nombreUsuario, contrasenia, ultimoIngreso, alta) VALUES ('42298746', 2, 'med_42298746', 'med748', '2025-06-04 07:05:52', '2025-06-20 21:40:48');
INSERT INTO Usuario (DNI, idRol, nombreUsuario, contrasenia, ultimoIngreso, alta) VALUES ('17388396', 2, 'med_17388396', 'med887', '2025-01-19 01:51:11', '2025-03-20 05:25:14');
INSERT INTO Usuario (DNI, idRol, nombreUsuario, contrasenia, ultimoIngreso, alta) VALUES ('35842645', 2, 'med_35842645', 'med627', '2025-05-26 14:19:56', '2025-02-24 00:37:32');
INSERT INTO Usuario (DNI, idRol, nombreUsuario, contrasenia, ultimoIngreso, alta) VALUES ('43747156', 2, 'med_43747156', 'med811', '2025-06-20 08:35:42', '2025-03-13 15:59:46');
INSERT INTO Usuario (DNI, idRol, nombreUsuario, contrasenia, ultimoIngreso, alta) VALUES ('36804899', 2, 'med_36804899', 'med565', '2025-04-05 18:27:07', '2025-03-05 13:16:42');
INSERT INTO Usuario (DNI, idRol, nombreUsuario, contrasenia, ultimoIngreso, alta) VALUES ('16685049', 2, 'med_16685049', 'med695', '2025-01-01 11:31:31', '2025-06-18 17:24:13');
INSERT INTO Usuario (DNI, idRol, nombreUsuario, contrasenia, ultimoIngreso, alta) VALUES ('40605689', 2, 'med_40605689', 'med892', '2025-06-14 12:05:09', '2025-05-23 06:44:29');
INSERT INTO Usuario (DNI, idRol, nombreUsuario, contrasenia, ultimoIngreso, alta) VALUES ('30602414', 2, 'med_30602414', 'med195', '2025-05-22 22:23:22', '2025-03-31 00:31:42');
INSERT INTO Usuario (DNI, idRol, nombreUsuario, contrasenia, ultimoIngreso, alta) VALUES ('25246860', 2, 'med_25246860', 'med750', '2025-05-09 23:08:04', '2025-05-16 09:36:07');
INSERT INTO Usuario (DNI, idRol, nombreUsuario, contrasenia, ultimoIngreso, alta) VALUES ('22837055', 2, 'med_22837055', 'med466', '2025-06-15 01:46:56', '2025-01-13 07:08:32');
INSERT INTO Usuario (DNI, idRol, nombreUsuario, contrasenia, ultimoIngreso, alta) VALUES ('22106768', 2, 'med_22106768', 'med914', '2025-04-14 18:35:54', '2025-03-19 05:29:25');
INSERT INTO Usuario (DNI, idRol, nombreUsuario, contrasenia, ultimoIngreso, alta) VALUES ('44012852', 2, 'med_44012852', 'med323', '2025-03-25 10:16:55', '2025-06-10 04:04:07');
INSERT INTO Usuario (DNI, idRol, nombreUsuario, contrasenia, ultimoIngreso, alta) VALUES ('23567342', 2, 'med_23567342', 'med316', '2025-04-07 01:32:19', '2025-02-22 03:28:20');
INSERT INTO Usuario (DNI, idRol, nombreUsuario, contrasenia, ultimoIngreso, alta) VALUES ('31586173', 2, 'med_31586173', 'med430', '2025-06-10 20:21:39', '2025-02-25 01:38:22');
INSERT INTO Usuario (DNI, idRol, nombreUsuario, contrasenia, ultimoIngreso, alta) VALUES ('43893819', 2, 'med_43893819', 'med445', '2025-04-17 06:39:07', '2025-04-23 05:21:57');
INSERT INTO Usuario (DNI, idRol, nombreUsuario, contrasenia, ultimoIngreso, alta) VALUES ('37575276', 2, 'med_37575276', 'med233', '2025-04-20 22:24:48', '2025-06-15 12:34:37');
INSERT INTO Usuario (DNI, idRol, nombreUsuario, contrasenia, ultimoIngreso, alta) VALUES ('40926675', 2, 'med_40926675', 'med596', '2025-06-03 01:45:40', '2025-03-08 17:56:33');

INSERT INTO Medico (DNI, Legajo, idEspecialidad) VALUES ('23464827', '1', 1);
INSERT INTO Medico (DNI, Legajo, idEspecialidad) VALUES ('22767053', '2', 1);
INSERT INTO Medico (DNI, Legajo, idEspecialidad) VALUES ('23215552', '3', 2);
INSERT INTO Medico (DNI, Legajo, idEspecialidad) VALUES ('42298746', '4', 8);
INSERT INTO Medico (DNI, Legajo, idEspecialidad) VALUES ('17388396', '5', 1);
INSERT INTO Medico (DNI, Legajo, idEspecialidad) VALUES ('35842645', '6', 2);
INSERT INTO Medico (DNI, Legajo, idEspecialidad) VALUES ('43747156', '7', 3);
INSERT INTO Medico (DNI, Legajo, idEspecialidad) VALUES ('36804899', '8', 8);
INSERT INTO Medico (DNI, Legajo, idEspecialidad) VALUES ('16685049', '9', 8);
INSERT INTO Medico (DNI, Legajo, idEspecialidad) VALUES ('40605689', '10', 1);
INSERT INTO Medico (DNI, Legajo, idEspecialidad) VALUES ('30602414', '11', 7);
INSERT INTO Medico (DNI, Legajo, idEspecialidad) VALUES ('25246860', '12', 4);
INSERT INTO Medico (DNI, Legajo, idEspecialidad) VALUES ('22837055', '13', 3);
INSERT INTO Medico (DNI, Legajo, idEspecialidad) VALUES ('22106768', '14', 5);
INSERT INTO Medico (DNI, Legajo, idEspecialidad) VALUES ('44012852', '15', 3);
INSERT INTO Medico (DNI, Legajo, idEspecialidad) VALUES ('23567342', '16', 5);
INSERT INTO Medico (DNI, Legajo, idEspecialidad) VALUES ('31586173', '17', 2);
INSERT INTO Medico (DNI, Legajo, idEspecialidad) VALUES ('43893819', '18', 6);
INSERT INTO Medico (DNI, Legajo, idEspecialidad) VALUES ('37575276', '19', 5);
INSERT INTO Medico (DNI, Legajo, idEspecialidad) VALUES ('40926675', '20', 2);

INSERT INTO Jornadas (legajo, DiaSemana, rangoHorario) VALUES (6, 'Lunes', '08:00');
INSERT INTO Jornadas (legajo, DiaSemana, rangoHorario) VALUES (6, 'Martes', '08:00');
INSERT INTO Jornadas (legajo, DiaSemana, rangoHorario) VALUES (6, 'Miércoles', '08:00');
INSERT INTO Jornadas (legajo, DiaSemana, rangoHorario) VALUES (6, 'Jueves', '08:00');
INSERT INTO Jornadas (legajo, DiaSemana, rangoHorario) VALUES (6, 'Viernes', '08:00');
INSERT INTO Jornadas (legajo, DiaSemana, rangoHorario) VALUES (2, 'Lunes', '08:00');
INSERT INTO Jornadas (legajo, DiaSemana, rangoHorario) VALUES (2, 'Martes', '08:00');
INSERT INTO Jornadas (legajo, DiaSemana, rangoHorario) VALUES (2, 'Miércoles', '08:00');
INSERT INTO Jornadas (legajo, DiaSemana, rangoHorario) VALUES (2, 'Jueves', '08:00');
INSERT INTO Jornadas (legajo, DiaSemana, rangoHorario) VALUES (2, 'Viernes', '08:00');
INSERT INTO Jornadas (legajo, DiaSemana, rangoHorario) VALUES (13, 'Lunes', '08:00');
INSERT INTO Jornadas (legajo, DiaSemana, rangoHorario) VALUES (13, 'Martes', '08:00');
INSERT INTO Jornadas (legajo, DiaSemana, rangoHorario) VALUES (13, 'Miércoles', '08:00');
INSERT INTO Jornadas (legajo, DiaSemana, rangoHorario) VALUES (13, 'Jueves', '08:00');
INSERT INTO Jornadas (legajo, DiaSemana, rangoHorario) VALUES (13, 'Viernes', '08:00');
INSERT INTO Jornadas (legajo, DiaSemana, rangoHorario) VALUES (10, 'Lunes', '08:00');
INSERT INTO Jornadas (legajo, DiaSemana, rangoHorario) VALUES (10, 'Martes', '08:00');
INSERT INTO Jornadas (legajo, DiaSemana, rangoHorario) VALUES (10, 'Miércoles', '08:00');
INSERT INTO Jornadas (legajo, DiaSemana, rangoHorario) VALUES (10, 'Jueves', '08:00');
INSERT INTO Jornadas (legajo, DiaSemana, rangoHorario) VALUES (10, 'Viernes', '08:00');
INSERT INTO Jornadas (legajo, DiaSemana, rangoHorario) VALUES (8, 'Lunes', '08:00');
INSERT INTO Jornadas (legajo, DiaSemana, rangoHorario) VALUES (8, 'Martes', '08:00');
INSERT INTO Jornadas (legajo, DiaSemana, rangoHorario) VALUES (8, 'Miércoles', '08:00');
INSERT INTO Jornadas (legajo, DiaSemana, rangoHorario) VALUES (8, 'Jueves', '08:00');
INSERT INTO Jornadas (legajo, DiaSemana, rangoHorario) VALUES (8, 'Viernes', '08:00');
INSERT INTO Jornadas (legajo, DiaSemana, rangoHorario) VALUES (7, 'Lunes', '08:00');
INSERT INTO Jornadas (legajo, DiaSemana, rangoHorario) VALUES (7, 'Martes', '08:00');
INSERT INTO Jornadas (legajo, DiaSemana, rangoHorario) VALUES (7, 'Miércoles', '08:00');
INSERT INTO Jornadas (legajo, DiaSemana, rangoHorario) VALUES (7, 'Jueves', '08:00');
INSERT INTO Jornadas (legajo, DiaSemana, rangoHorario) VALUES (7, 'Viernes', '08:00');
INSERT INTO Jornadas (legajo, DiaSemana, rangoHorario) VALUES (11, 'Lunes', '08:00');
INSERT INTO Jornadas (legajo, DiaSemana, rangoHorario) VALUES (11, 'Martes', '08:00');
INSERT INTO Jornadas (legajo, DiaSemana, rangoHorario) VALUES (11, 'Miércoles', '08:00');
INSERT INTO Jornadas (legajo, DiaSemana, rangoHorario) VALUES (11, 'Jueves', '08:00');
INSERT INTO Jornadas (legajo, DiaSemana, rangoHorario) VALUES (11, 'Viernes', '08:00');
INSERT INTO Jornadas (legajo, DiaSemana, rangoHorario) VALUES (19, 'Lunes', '08:00');
INSERT INTO Jornadas (legajo, DiaSemana, rangoHorario) VALUES (19, 'Martes', '08:00');
INSERT INTO Jornadas (legajo, DiaSemana, rangoHorario) VALUES (19, 'Miércoles', '08:00');
INSERT INTO Jornadas (legajo, DiaSemana, rangoHorario) VALUES (19, 'Jueves', '08:00');
INSERT INTO Jornadas (legajo, DiaSemana, rangoHorario) VALUES (19, 'Viernes', '08:00');
INSERT INTO Jornadas (legajo, DiaSemana, rangoHorario) VALUES (12, 'Lunes', '08:00');
INSERT INTO Jornadas (legajo, DiaSemana, rangoHorario) VALUES (12, 'Martes', '08:00');
INSERT INTO Jornadas (legajo, DiaSemana, rangoHorario) VALUES (12, 'Miércoles', '08:00');
INSERT INTO Jornadas (legajo, DiaSemana, rangoHorario) VALUES (12, 'Jueves', '08:00');
INSERT INTO Jornadas (legajo, DiaSemana, rangoHorario) VALUES (12, 'Viernes', '08:00');
INSERT INTO Jornadas (legajo, DiaSemana, rangoHorario) VALUES (18, 'Lunes', '08:00');
INSERT INTO Jornadas (legajo, DiaSemana, rangoHorario) VALUES (18, 'Martes', '08:00');
INSERT INTO Jornadas (legajo, DiaSemana, rangoHorario) VALUES (18, 'Miércoles', '08:00');
INSERT INTO Jornadas (legajo, DiaSemana, rangoHorario) VALUES (18, 'Jueves', '08:00');
INSERT INTO Jornadas (legajo, DiaSemana, rangoHorario) VALUES (18, 'Viernes', '08:00');
INSERT INTO Jornadas (legajo, DiaSemana, rangoHorario) VALUES (1, 'Miércoles', '16:00');
INSERT INTO Jornadas (legajo, DiaSemana, rangoHorario) VALUES (1, 'Jueves', '16:00');
INSERT INTO Jornadas (legajo, DiaSemana, rangoHorario) VALUES (1, 'Viernes', '16:00');
INSERT INTO Jornadas (legajo, DiaSemana, rangoHorario) VALUES (1, 'Sábado', '16:00');
INSERT INTO Jornadas (legajo, DiaSemana, rangoHorario) VALUES (1, 'Domingo', '16:00');
INSERT INTO Jornadas (legajo, DiaSemana, rangoHorario) VALUES (3, 'Martes', '16:00');
INSERT INTO Jornadas (legajo, DiaSemana, rangoHorario) VALUES (3, 'Miércoles', '16:00');
INSERT INTO Jornadas (legajo, DiaSemana, rangoHorario) VALUES (3, 'Viernes', '16:00');
INSERT INTO Jornadas (legajo, DiaSemana, rangoHorario) VALUES (3, 'Sábado', '16:00');
INSERT INTO Jornadas (legajo, DiaSemana, rangoHorario) VALUES (3, 'Domingo', '16:00');
INSERT INTO Jornadas (legajo, DiaSemana, rangoHorario) VALUES (4, 'Lunes', '16:00');
INSERT INTO Jornadas (legajo, DiaSemana, rangoHorario) VALUES (4, 'Miércoles', '16:00');
INSERT INTO Jornadas (legajo, DiaSemana, rangoHorario) VALUES (4, 'Jueves', '16:00');
INSERT INTO Jornadas (legajo, DiaSemana, rangoHorario) VALUES (4, 'Sábado', '16:00');
INSERT INTO Jornadas (legajo, DiaSemana, rangoHorario) VALUES (4, 'Domingo', '16:00');
INSERT INTO Jornadas (legajo, DiaSemana, rangoHorario) VALUES (5, 'Lunes', '16:00');
INSERT INTO Jornadas (legajo, DiaSemana, rangoHorario) VALUES (5, 'Martes', '16:00');
INSERT INTO Jornadas (legajo, DiaSemana, rangoHorario) VALUES (5, 'Miércoles', '16:00');
INSERT INTO Jornadas (legajo, DiaSemana, rangoHorario) VALUES (5, 'Sábado', '16:00');
INSERT INTO Jornadas (legajo, DiaSemana, rangoHorario) VALUES (5, 'Domingo', '16:00');
INSERT INTO Jornadas (legajo, DiaSemana, rangoHorario) VALUES (9, 'Martes', '16:00');
INSERT INTO Jornadas (legajo, DiaSemana, rangoHorario) VALUES (9, 'Miércoles', '16:00');
INSERT INTO Jornadas (legajo, DiaSemana, rangoHorario) VALUES (9, 'Jueves', '16:00');
INSERT INTO Jornadas (legajo, DiaSemana, rangoHorario) VALUES (9, 'Sábado', '16:00');
INSERT INTO Jornadas (legajo, DiaSemana, rangoHorario) VALUES (9, 'Domingo', '16:00');
INSERT INTO Jornadas (legajo, DiaSemana, rangoHorario) VALUES (14, 'Martes', '16:00');
INSERT INTO Jornadas (legajo, DiaSemana, rangoHorario) VALUES (14, 'Jueves', '16:00');
INSERT INTO Jornadas (legajo, DiaSemana, rangoHorario) VALUES (14, 'Viernes', '16:00');
INSERT INTO Jornadas (legajo, DiaSemana, rangoHorario) VALUES (14, 'Sábado', '16:00');
INSERT INTO Jornadas (legajo, DiaSemana, rangoHorario) VALUES (14, 'Domingo', '16:00');
INSERT INTO Jornadas (legajo, DiaSemana, rangoHorario) VALUES (15, 'Lunes', '16:00');
INSERT INTO Jornadas (legajo, DiaSemana, rangoHorario) VALUES (15, 'Miércoles', '16:00');
INSERT INTO Jornadas (legajo, DiaSemana, rangoHorario) VALUES (15, 'Viernes', '16:00');
INSERT INTO Jornadas (legajo, DiaSemana, rangoHorario) VALUES (15, 'Sábado', '16:00');
INSERT INTO Jornadas (legajo, DiaSemana, rangoHorario) VALUES (15, 'Domingo', '16:00');
INSERT INTO Jornadas (legajo, DiaSemana, rangoHorario) VALUES (16, 'Martes', '16:00');
INSERT INTO Jornadas (legajo, DiaSemana, rangoHorario) VALUES (16, 'Miércoles', '16:00');
INSERT INTO Jornadas (legajo, DiaSemana, rangoHorario) VALUES (16, 'Viernes', '16:00');
INSERT INTO Jornadas (legajo, DiaSemana, rangoHorario) VALUES (16, 'Sábado', '16:00');
INSERT INTO Jornadas (legajo, DiaSemana, rangoHorario) VALUES (16, 'Domingo', '16:00');
INSERT INTO Jornadas (legajo, DiaSemana, rangoHorario) VALUES (17, 'Lunes', '16:00');
INSERT INTO Jornadas (legajo, DiaSemana, rangoHorario) VALUES (17, 'Miércoles', '16:00');
INSERT INTO Jornadas (legajo, DiaSemana, rangoHorario) VALUES (17, 'Viernes', '16:00');
INSERT INTO Jornadas (legajo, DiaSemana, rangoHorario) VALUES (17, 'Sábado', '16:00');
INSERT INTO Jornadas (legajo, DiaSemana, rangoHorario) VALUES (17, 'Domingo', '16:00');
INSERT INTO Jornadas (legajo, DiaSemana, rangoHorario) VALUES (20, 'Martes', '16:00');
INSERT INTO Jornadas (legajo, DiaSemana, rangoHorario) VALUES (20, 'Miércoles', '16:00');
INSERT INTO Jornadas (legajo, DiaSemana, rangoHorario) VALUES (20, 'Jueves', '16:00');
INSERT INTO Jornadas (legajo, DiaSemana, rangoHorario) VALUES (20, 'Sábado', '16:00');
INSERT INTO Jornadas (legajo, DiaSemana, rangoHorario) VALUES (20, 'Domingo', '16:00');

INSERT INTO Paciente (DNI, ObraSocial, ultimaAtencion, alta) VALUES ('39711873', 9, '2025-04-05 19:43:08', '2025-02-05 17:43:29');
INSERT INTO Paciente (DNI, ObraSocial, ultimaAtencion, alta) VALUES ('15999828', 9, '2025-05-05 15:02:55', '2025-01-12 09:42:40');
INSERT INTO Paciente (DNI, ObraSocial, ultimaAtencion, alta) VALUES ('33832259', 9, '2025-01-07 13:37:48', '2025-06-12 22:20:33');
INSERT INTO Paciente (DNI, ObraSocial, ultimaAtencion, alta) VALUES ('42159979', 2, '2025-06-08 20:08:14', '2025-05-10 18:06:36');
INSERT INTO Paciente (DNI, ObraSocial, ultimaAtencion, alta) VALUES ('22224730', 1, '2025-05-29 10:04:37', '2025-01-02 05:45:02');
INSERT INTO Paciente (DNI, ObraSocial, ultimaAtencion, alta) VALUES ('43437192', 7, '2025-01-27 16:45:25', '2025-06-13 14:32:34');
INSERT INTO Paciente (DNI, ObraSocial, ultimaAtencion, alta) VALUES ('32992829', 4, '2025-01-14 04:45:12', '2025-05-18 07:38:56');
INSERT INTO Paciente (DNI, ObraSocial, ultimaAtencion, alta) VALUES ('34372723', 3, '2025-01-02 18:36:08', '2025-02-12 11:18:27');
INSERT INTO Paciente (DNI, ObraSocial, ultimaAtencion, alta) VALUES ('17677374', 9, '2025-03-30 13:09:32', '2025-03-14 11:14:28');
INSERT INTO Paciente (DNI, ObraSocial, ultimaAtencion, alta) VALUES ('20457765', 1, '2025-04-30 23:19:15', '2025-05-04 20:01:50');
INSERT INTO Paciente (DNI, ObraSocial, ultimaAtencion, alta) VALUES ('35439044', 10, '2025-04-04 19:53:40', '2025-05-09 00:29:15');
INSERT INTO Paciente (DNI, ObraSocial, ultimaAtencion, alta) VALUES ('24057945', 8, '2025-01-04 01:18:55', '2025-01-02 06:48:56');
INSERT INTO Paciente (DNI, ObraSocial, ultimaAtencion, alta) VALUES ('42012854', 9, '2025-04-18 02:50:43', '2025-03-21 20:58:35');
INSERT INTO Paciente (DNI, ObraSocial, ultimaAtencion, alta) VALUES ('22134562', 1, '2025-01-04 05:56:58', '2025-04-13 19:15:54');
INSERT INTO Paciente (DNI, ObraSocial, ultimaAtencion, alta) VALUES ('23275445', 5, '2025-04-15 00:43:13', '2025-02-25 16:03:55');
INSERT INTO Paciente (DNI, ObraSocial, ultimaAtencion, alta) VALUES ('22359183', 1, '2025-04-08 12:29:46', '2025-06-07 21:35:14');
INSERT INTO Paciente (DNI, ObraSocial, ultimaAtencion, alta) VALUES ('43893819', 7, '2025-06-06 13:00:49', '2025-02-04 19:26:38');
INSERT INTO Paciente (DNI, ObraSocial, ultimaAtencion, alta) VALUES ('27910648', 2, '2025-01-19 16:51:18', '2025-04-12 19:48:47');
INSERT INTO Paciente (DNI, ObraSocial, ultimaAtencion, alta) VALUES ('37826523', 3, '2025-02-16 18:59:46', '2025-02-07 06:28:05');
INSERT INTO Paciente (DNI, ObraSocial, ultimaAtencion, alta) VALUES ('29588301', 10, '2025-04-13 05:27:45', '2025-02-19 00:21:14');
INSERT INTO Paciente (DNI, ObraSocial, ultimaAtencion, alta) VALUES ('32034970', 6, '2025-02-21 21:49:24', '2025-06-04 08:40:18');
INSERT INTO Paciente (DNI, ObraSocial, ultimaAtencion, alta) VALUES ('40585616', 7, '2025-01-16 08:15:22', '2025-03-14 10:32:46');
INSERT INTO Paciente (DNI, ObraSocial, ultimaAtencion, alta) VALUES ('31394887', 7, '2025-03-31 03:05:04', '2025-04-20 17:06:03');
INSERT INTO Paciente (DNI, ObraSocial, ultimaAtencion, alta) VALUES ('23082309', 4, '2025-05-16 09:21:24', '2025-02-13 20:34:15');
INSERT INTO Paciente (DNI, ObraSocial, ultimaAtencion, alta) VALUES ('19308102', 5, '2025-05-13 19:51:54', '2025-06-10 19:02:56');
INSERT INTO Paciente (DNI, ObraSocial, ultimaAtencion, alta) VALUES ('22106768', 2, '2025-05-07 22:37:45', '2025-06-16 15:35:28');
INSERT INTO Paciente (DNI, ObraSocial, ultimaAtencion, alta) VALUES ('19060227', 1, '2025-01-19 03:44:38', '2025-03-20 16:44:01');
INSERT INTO Paciente (DNI, ObraSocial, ultimaAtencion, alta) VALUES ('34744773', 7, '2025-03-15 05:44:15', '2025-04-18 07:46:31');
INSERT INTO Paciente (DNI, ObraSocial, ultimaAtencion, alta) VALUES ('45380854', 8, '2025-01-11 21:30:52', '2025-05-04 15:27:40');
INSERT INTO Paciente (DNI, ObraSocial, ultimaAtencion, alta) VALUES ('37447169', 1, '2025-05-17 11:29:44', '2025-02-03 06:42:19');
INSERT INTO Paciente (DNI, ObraSocial, ultimaAtencion, alta) VALUES ('23153634', 2, '2025-04-08 01:30:32', '2025-06-14 03:31:20');
INSERT INTO Paciente (DNI, ObraSocial, ultimaAtencion, alta) VALUES ('26888253', 7, '2025-05-06 05:29:08', '2025-06-02 07:27:30');
INSERT INTO Paciente (DNI, ObraSocial, ultimaAtencion, alta) VALUES ('17033823', 6, '2025-04-20 21:04:58', '2025-06-16 14:23:05');
INSERT INTO Paciente (DNI, ObraSocial, ultimaAtencion, alta) VALUES ('32994763', 2, '2025-04-13 13:24:00', '2025-01-09 06:18:20');
INSERT INTO Paciente (DNI, ObraSocial, ultimaAtencion, alta) VALUES ('23382113', 4, '2025-02-11 01:16:29', '2025-06-18 13:43:04');
INSERT INTO Paciente (DNI, ObraSocial, ultimaAtencion, alta) VALUES ('18129379', 10, '2025-04-03 07:59:31', '2025-02-22 15:23:40');
INSERT INTO Paciente (DNI, ObraSocial, ultimaAtencion, alta) VALUES ('44012852', 1, '2025-01-15 10:29:13', '2025-05-13 21:40:08');
INSERT INTO Paciente (DNI, ObraSocial, ultimaAtencion, alta) VALUES ('23898737', 5, '2025-04-16 10:42:23', '2025-04-20 10:08:46');
INSERT INTO Paciente (DNI, ObraSocial, ultimaAtencion, alta) VALUES ('20194119', 1, '2025-02-04 19:51:09', '2025-06-15 03:16:47');
INSERT INTO Paciente (DNI, ObraSocial, ultimaAtencion, alta) VALUES ('40097895', 6, '2025-01-04 00:58:19', '2025-02-10 05:25:36');
INSERT INTO Paciente (DNI, ObraSocial, ultimaAtencion, alta) VALUES ('16908561', 10, '2025-01-28 23:58:52', '2025-05-27 01:45:35');
INSERT INTO Paciente (DNI, ObraSocial, ultimaAtencion, alta) VALUES ('28548459', 7, '2025-01-15 22:33:16', '2025-02-28 02:43:53');
INSERT INTO Paciente (DNI, ObraSocial, ultimaAtencion, alta) VALUES ('35782994', 3, '2025-04-20 12:14:08', '2025-02-16 16:40:53');
INSERT INTO Paciente (DNI, ObraSocial, ultimaAtencion, alta) VALUES ('46363537', 10, '2025-06-12 01:45:12', '2025-06-14 22:41:19');
INSERT INTO Paciente (DNI, ObraSocial, ultimaAtencion, alta) VALUES ('19391546', 7, '2025-05-12 11:12:41', '2025-04-15 23:12:12');
INSERT INTO Paciente (DNI, ObraSocial, ultimaAtencion, alta) VALUES ('35842645', 6, '2025-03-16 12:51:10', '2025-05-27 17:23:39');
INSERT INTO Paciente (DNI, ObraSocial, ultimaAtencion, alta) VALUES ('19444504', 3, '2025-06-03 11:59:17', '2025-05-14 20:25:11');
INSERT INTO Paciente (DNI, ObraSocial, ultimaAtencion, alta) VALUES ('29703034', 2, '2025-04-08 05:51:49', '2025-05-25 18:04:45');
INSERT INTO Paciente (DNI, ObraSocial, ultimaAtencion, alta) VALUES ('46264544', 6, '2025-01-11 10:14:36', '2025-01-19 23:14:55');
INSERT INTO Paciente (DNI, ObraSocial, ultimaAtencion, alta) VALUES ('24138489', 7, '2025-02-15 01:52:10', '2025-06-12 20:30:25');
INSERT INTO Paciente (DNI, ObraSocial, ultimaAtencion, alta) VALUES ('31958713', 2, '2025-03-08 03:16:38', '2025-04-28 12:17:26');
INSERT INTO Paciente (DNI, ObraSocial, ultimaAtencion, alta) VALUES ('42828304', 10, '2025-04-26 15:44:15', '2025-03-19 00:46:12');
INSERT INTO Paciente (DNI, ObraSocial, ultimaAtencion, alta) VALUES ('36377977', 6, '2025-01-06 18:03:56', '2025-05-04 03:13:37');
INSERT INTO Paciente (DNI, ObraSocial, ultimaAtencion, alta) VALUES ('33820911', 5, '2025-06-02 03:35:56', '2025-03-29 11:42:57');
INSERT INTO Paciente (DNI, ObraSocial, ultimaAtencion, alta) VALUES ('43004361', 8, '2025-02-14 07:12:07', '2025-03-11 02:12:01');
INSERT INTO Paciente (DNI, ObraSocial, ultimaAtencion, alta) VALUES ('16403543', 9, '2025-03-14 21:36:59', '2025-03-25 20:33:26');
INSERT INTO Paciente (DNI, ObraSocial, ultimaAtencion, alta) VALUES ('37378571', 3, '2025-05-12 23:36:27', '2025-04-24 18:22:33');
INSERT INTO Paciente (DNI, ObraSocial, ultimaAtencion, alta) VALUES ('46063479', 7, '2025-01-17 15:21:48', '2025-05-30 22:33:39');
INSERT INTO Paciente (DNI, ObraSocial, ultimaAtencion, alta) VALUES ('39715002', 10, '2025-02-27 08:34:05', '2025-06-04 23:12:24');
INSERT INTO Paciente (DNI, ObraSocial, ultimaAtencion, alta) VALUES ('27835970', 4, '2025-05-19 11:19:35', '2025-01-15 06:33:57');
INSERT INTO Paciente (DNI, ObraSocial, ultimaAtencion, alta) VALUES ('26732589', 2, '2025-02-22 00:50:24', '2025-01-30 22:43:18');
INSERT INTO Paciente (DNI, ObraSocial, ultimaAtencion, alta) VALUES ('28370299', 7, '2025-05-19 04:39:21', '2025-06-02 05:11:36');
INSERT INTO Paciente (DNI, ObraSocial, ultimaAtencion, alta) VALUES ('37800844', 3, '2025-05-24 15:02:36', '2025-03-17 15:46:12');
INSERT INTO Paciente (DNI, ObraSocial, ultimaAtencion, alta) VALUES ('16283698', 6, '2025-03-12 00:59:05', '2025-01-21 16:33:47');
INSERT INTO Paciente (DNI, ObraSocial, ultimaAtencion, alta) VALUES ('29642948', 2, '2025-01-02 00:12:41', '2025-03-01 20:37:49');
INSERT INTO Paciente (DNI, ObraSocial, ultimaAtencion, alta) VALUES ('38782887', 8, '2025-03-11 21:20:13', '2025-05-28 20:07:54');
INSERT INTO Paciente (DNI, ObraSocial, ultimaAtencion, alta) VALUES ('27221244', 5, '2025-01-20 20:25:58', '2025-01-26 17:31:38');
INSERT INTO Paciente (DNI, ObraSocial, ultimaAtencion, alta) VALUES ('39150945', 2, '2025-02-06 09:18:32', '2025-03-25 16:30:36');
INSERT INTO Paciente (DNI, ObraSocial, ultimaAtencion, alta) VALUES ('38394432', 8, '2025-04-19 03:44:18', '2025-04-18 17:16:32');
INSERT INTO Paciente (DNI, ObraSocial, ultimaAtencion, alta) VALUES ('37727018', 9, '2025-03-21 05:37:25', '2025-01-21 01:22:47');
INSERT INTO Paciente (DNI, ObraSocial, ultimaAtencion, alta) VALUES ('25196351', 1, '2025-01-18 09:39:14', '2025-03-10 17:21:36');
INSERT INTO Paciente (DNI, ObraSocial, ultimaAtencion, alta) VALUES ('30602414', 9, '2025-01-19 01:42:39', '2025-04-26 21:52:12');
INSERT INTO Paciente (DNI, ObraSocial, ultimaAtencion, alta) VALUES ('37107362', 10, '2025-06-02 07:44:57', '2025-03-04 23:57:17');
INSERT INTO Paciente (DNI, ObraSocial, ultimaAtencion, alta) VALUES ('37575276', 7, '2025-01-03 09:30:41', '2025-02-26 16:06:26');
INSERT INTO Paciente (DNI, ObraSocial, ultimaAtencion, alta) VALUES ('23215552', 7, '2025-03-17 07:16:36', '2025-06-01 07:11:28');
INSERT INTO Paciente (DNI, ObraSocial, ultimaAtencion, alta) VALUES ('39103689', 2, '2025-05-21 18:01:01', '2025-04-19 15:37:45');
INSERT INTO Paciente (DNI, ObraSocial, ultimaAtencion, alta) VALUES ('44952693', 4, '2025-04-22 01:31:43', '2025-04-12 04:31:23');
INSERT INTO Paciente (DNI, ObraSocial, ultimaAtencion, alta) VALUES ('16685049', 3, '2025-05-14 01:48:14', '2025-03-15 22:20:23');
INSERT INTO Paciente (DNI, ObraSocial, ultimaAtencion, alta) VALUES ('37400191', 3, '2025-01-27 23:02:29', '2025-02-22 05:15:11');
INSERT INTO Paciente (DNI, ObraSocial, ultimaAtencion, alta) VALUES ('45105308', 5, '2025-02-22 02:51:58', '2025-04-06 18:07:26');
INSERT INTO Paciente (DNI, ObraSocial, ultimaAtencion, alta) VALUES ('43181122', 3, '2025-01-13 06:50:46', '2025-02-02 11:14:34');
INSERT INTO Paciente (DNI, ObraSocial, ultimaAtencion, alta) VALUES ('17599909', 7, '2025-02-23 14:04:31', '2025-03-23 18:28:44');
INSERT INTO Paciente (DNI, ObraSocial, ultimaAtencion, alta) VALUES ('19643063', 5, '2025-04-05 00:40:53', '2025-06-01 23:29:27');
INSERT INTO Paciente (DNI, ObraSocial, ultimaAtencion, alta) VALUES ('17155162', 2, '2025-03-12 02:57:50', '2025-02-18 21:00:20');
INSERT INTO Paciente (DNI, ObraSocial, ultimaAtencion, alta) VALUES ('17089290', 4, '2025-05-20 23:38:05', '2025-05-02 08:52:05');
INSERT INTO Paciente (DNI, ObraSocial, ultimaAtencion, alta) VALUES ('43747156', 8, '2025-04-26 07:20:18', '2025-04-30 17:53:05');
INSERT INTO Paciente (DNI, ObraSocial, ultimaAtencion, alta) VALUES ('43636961', 4, '2025-03-30 21:47:23', '2025-01-21 18:31:38');
INSERT INTO Paciente (DNI, ObraSocial, ultimaAtencion, alta) VALUES ('22362568', 3, '2025-03-01 03:48:33', '2025-01-02 07:32:17');
INSERT INTO Paciente (DNI, ObraSocial, ultimaAtencion, alta) VALUES ('37443674', 7, '2025-03-06 12:14:39', '2025-06-13 10:12:09');
INSERT INTO Paciente (DNI, ObraSocial, ultimaAtencion, alta) VALUES ('45431482', 10, '2025-03-15 18:24:55', '2025-06-06 03:16:04');
INSERT INTO Paciente (DNI, ObraSocial, ultimaAtencion, alta) VALUES ('19553319', 6, '2025-03-27 11:35:15', '2025-03-06 23:59:01');
INSERT INTO Paciente (DNI, ObraSocial, ultimaAtencion, alta) VALUES ('22102140', 7, '2025-06-08 08:23:28', '2025-06-09 21:57:08');
INSERT INTO Paciente (DNI, ObraSocial, ultimaAtencion, alta) VALUES ('23464827', 10, '2025-01-27 10:23:09', '2025-02-28 08:07:47');
INSERT INTO Paciente (DNI, ObraSocial, ultimaAtencion, alta) VALUES ('22523647', 6, '2025-04-28 03:10:05', '2025-05-16 00:17:49');
INSERT INTO Paciente (DNI, ObraSocial, ultimaAtencion, alta) VALUES ('35848565', 4, '2025-04-04 00:20:49', '2025-03-03 00:12:00');
INSERT INTO Paciente (DNI, ObraSocial, ultimaAtencion, alta) VALUES ('33923678', 3, '2025-03-19 07:55:51', '2025-03-03 23:17:21');
INSERT INTO Paciente (DNI, ObraSocial, ultimaAtencion, alta) VALUES ('41098364', 5, '2025-05-23 16:45:45', '2025-05-15 22:44:16');
INSERT INTO Paciente (DNI, ObraSocial, ultimaAtencion, alta) VALUES ('34320532', 8, '2025-04-22 19:47:31', '2025-06-01 20:15:52');
INSERT INTO Paciente (DNI, ObraSocial, ultimaAtencion, alta) VALUES ('18419240', 4, '2025-03-05 06:44:23', '2025-03-15 00:32:41');
INSERT INTO Paciente (DNI, ObraSocial, ultimaAtencion, alta) VALUES ('26650225', 5, '2025-06-08 13:08:24', '2025-06-02 14:24:12');
INSERT INTO Paciente (DNI, ObraSocial, ultimaAtencion, alta) VALUES ('31977226', 7, '2025-03-12 21:05:44', '2025-01-23 02:45:20');
INSERT INTO Paciente (DNI, ObraSocial, ultimaAtencion, alta) VALUES ('42592846', 10, '2025-02-08 19:08:08', '2025-04-25 23:58:40');
INSERT INTO Paciente (DNI, ObraSocial, ultimaAtencion, alta) VALUES ('27153013', 9, '2025-02-04 22:31:17', '2025-05-13 09:00:40');
INSERT INTO Paciente (DNI, ObraSocial, ultimaAtencion, alta) VALUES ('20910175', 9, '2025-01-06 05:26:17', '2025-05-22 05:03:35');
INSERT INTO Paciente (DNI, ObraSocial, ultimaAtencion, alta) VALUES ('30598575', 8, '2025-05-18 13:13:47', '2025-02-10 17:01:56');
INSERT INTO Paciente (DNI, ObraSocial, ultimaAtencion, alta) VALUES ('25814747', 8, '2025-06-04 21:29:02', '2025-02-26 13:42:06');
INSERT INTO Paciente (DNI, ObraSocial, ultimaAtencion, alta) VALUES ('44582633', 2, '2025-06-09 00:39:22', '2025-06-14 14:58:41');
INSERT INTO Paciente (DNI, ObraSocial, ultimaAtencion, alta) VALUES ('34120981', 7, '2025-05-11 16:18:11', '2025-04-07 22:55:17');
INSERT INTO Paciente (DNI, ObraSocial, ultimaAtencion, alta) VALUES ('31586173', 3, '2025-05-03 23:33:35', '2025-02-28 19:18:08');
INSERT INTO Paciente (DNI, ObraSocial, ultimaAtencion, alta) VALUES ('22117561', 4, '2025-02-19 01:34:55', '2025-05-08 21:35:30');
INSERT INTO Paciente (DNI, ObraSocial, ultimaAtencion, alta) VALUES ('24383781', 3, '2025-05-19 21:14:35', '2025-03-24 03:55:09');
INSERT INTO Paciente (DNI, ObraSocial, ultimaAtencion, alta) VALUES ('32335133', 7, '2025-01-15 08:42:09', '2025-03-29 04:48:09');
INSERT INTO Paciente (DNI, ObraSocial, ultimaAtencion, alta) VALUES ('39161696', 10, '2025-04-04 01:23:44', '2025-04-24 01:27:13');
INSERT INTO Paciente (DNI, ObraSocial, ultimaAtencion, alta) VALUES ('38173004', 7, '2025-04-14 18:19:57', '2025-04-09 08:59:09');
INSERT INTO Paciente (DNI, ObraSocial, ultimaAtencion, alta) VALUES ('41606412', 7, '2025-04-16 13:34:13', '2025-01-08 03:20:17');
INSERT INTO Paciente (DNI, ObraSocial, ultimaAtencion, alta) VALUES ('22435541', 6, '2025-05-17 05:51:09', '2025-06-07 17:34:41');
INSERT INTO Paciente (DNI, ObraSocial, ultimaAtencion, alta) VALUES ('37278801', 9, '2025-04-26 07:24:05', '2025-05-04 22:08:09');
INSERT INTO Paciente (DNI, ObraSocial, ultimaAtencion, alta) VALUES ('29277538', 2, '2025-01-22 05:41:54', '2025-05-30 07:35:08');
INSERT INTO Paciente (DNI, ObraSocial, ultimaAtencion, alta) VALUES ('24090446', 4, '2025-05-08 16:38:44', '2025-05-10 01:41:52');
INSERT INTO Paciente (DNI, ObraSocial, ultimaAtencion, alta) VALUES ('19048539', 6, '2025-02-02 07:11:36', '2025-05-06 15:14:16');
INSERT INTO Paciente (DNI, ObraSocial, ultimaAtencion, alta) VALUES ('39926952', 10, '2025-01-09 14:26:15', '2025-04-20 08:47:48');
INSERT INTO Paciente (DNI, ObraSocial, ultimaAtencion, alta) VALUES ('39783459', 7, '2025-05-27 03:45:21', '2025-03-06 09:21:09');
INSERT INTO Paciente (DNI, ObraSocial, ultimaAtencion, alta) VALUES ('18373096', 7, '2025-01-21 13:44:14', '2025-01-03 01:09:22');
INSERT INTO Paciente (DNI, ObraSocial, ultimaAtencion, alta) VALUES ('27109159', 2, '2025-02-20 05:48:29', '2025-02-13 02:36:00');
INSERT INTO Paciente (DNI, ObraSocial, ultimaAtencion, alta) VALUES ('38757158', 9, '2025-05-26 00:35:14', '2025-04-11 17:46:22');
INSERT INTO Paciente (DNI, ObraSocial, ultimaAtencion, alta) VALUES ('16829589', 9, '2025-04-23 17:24:40', '2025-05-14 12:44:54');
INSERT INTO Paciente (DNI, ObraSocial, ultimaAtencion, alta) VALUES ('18442270', 10, '2025-02-12 22:04:57', '2025-03-28 13:28:43');
INSERT INTO Paciente (DNI, ObraSocial, ultimaAtencion, alta) VALUES ('30750347', 6, '2025-03-17 22:49:02', '2025-03-31 22:01:51');
INSERT INTO Paciente (DNI, ObraSocial, ultimaAtencion, alta) VALUES ('21186218', 10, '2025-05-15 01:40:15', '2025-04-08 04:20:22');
INSERT INTO Paciente (DNI, ObraSocial, ultimaAtencion, alta) VALUES ('18828129', 3, '2025-03-08 23:39:52', '2025-01-05 18:28:12');
INSERT INTO Paciente (DNI, ObraSocial, ultimaAtencion, alta) VALUES ('17485785', 8, '2025-01-21 07:14:07', '2025-02-27 08:48:50');
INSERT INTO Paciente (DNI, ObraSocial, ultimaAtencion, alta) VALUES ('42217411', 7, '2025-01-17 16:06:44', '2025-01-23 12:55:20');
INSERT INTO Paciente (DNI, ObraSocial, ultimaAtencion, alta) VALUES ('18974574', 3, '2025-03-09 15:19:45', '2025-03-02 13:30:51');
INSERT INTO Paciente (DNI, ObraSocial, ultimaAtencion, alta) VALUES ('30116756', 6, '2025-03-30 10:00:13', '2025-06-02 06:57:47');
INSERT INTO Paciente (DNI, ObraSocial, ultimaAtencion, alta) VALUES ('25246860', 4, '2025-04-12 04:34:16', '2025-04-04 18:35:53');
INSERT INTO Paciente (DNI, ObraSocial, ultimaAtencion, alta) VALUES ('35988801', 6, '2025-04-03 11:04:41', '2025-01-19 22:57:22');
INSERT INTO Paciente (DNI, ObraSocial, ultimaAtencion, alta) VALUES ('20269961', 8, '2025-05-21 04:44:08', '2025-05-16 07:09:07');
INSERT INTO Paciente (DNI, ObraSocial, ultimaAtencion, alta) VALUES ('20252363', 8, '2025-03-03 22:13:33', '2025-01-14 01:03:18');
INSERT INTO Paciente (DNI, ObraSocial, ultimaAtencion, alta) VALUES ('38131456', 5, '2025-01-09 16:14:17', '2025-06-07 07:44:24');
INSERT INTO Paciente (DNI, ObraSocial, ultimaAtencion, alta) VALUES ('22767053', 2, '2025-01-05 09:15:15', '2025-06-14 21:27:56');
INSERT INTO Paciente (DNI, ObraSocial, ultimaAtencion, alta) VALUES ('17388396', 6, '2025-05-06 19:45:31', '2025-01-22 05:40:01');
INSERT INTO Paciente (DNI, ObraSocial, ultimaAtencion, alta) VALUES ('29265296', 3, '2025-05-24 18:55:52', '2025-02-17 08:43:00');
INSERT INTO Paciente (DNI, ObraSocial, ultimaAtencion, alta) VALUES ('36731015', 9, '2025-02-03 21:00:39', '2025-04-18 04:05:18');
INSERT INTO Paciente (DNI, ObraSocial, ultimaAtencion, alta) VALUES ('17396116', 3, '2025-03-06 06:31:24', '2025-04-19 17:05:06');
INSERT INTO Paciente (DNI, ObraSocial, ultimaAtencion, alta) VALUES ('34966364', 7, '2025-03-31 17:19:42', '2025-02-15 00:31:30');
INSERT INTO Paciente (DNI, ObraSocial, ultimaAtencion, alta) VALUES ('30726894', 7, '2025-05-03 06:53:44', '2025-02-05 19:36:27');
INSERT INTO Paciente (DNI, ObraSocial, ultimaAtencion, alta) VALUES ('31793059', 3, '2025-05-05 08:50:52', '2025-05-08 15:16:36');
INSERT INTO Paciente (DNI, ObraSocial, ultimaAtencion, alta) VALUES ('35066780', 7, '2025-03-18 19:32:51', '2025-01-06 16:02:45');
INSERT INTO Paciente (DNI, ObraSocial, ultimaAtencion, alta) VALUES ('35257268', 10, '2025-02-08 07:35:54', '2025-03-29 07:10:17');
INSERT INTO Paciente (DNI, ObraSocial, ultimaAtencion, alta) VALUES ('22681428', 10, '2025-03-25 09:51:40', '2025-03-17 12:06:21');
INSERT INTO Paciente (DNI, ObraSocial, ultimaAtencion, alta) VALUES ('40605689', 1, '2025-05-17 20:18:21', '2025-02-11 17:01:20');
INSERT INTO Paciente (DNI, ObraSocial, ultimaAtencion, alta) VALUES ('45738302', 4, '2025-02-24 01:10:51', '2025-05-27 02:05:27');
INSERT INTO Paciente (DNI, ObraSocial, ultimaAtencion, alta) VALUES ('36299840', 2, '2025-04-23 02:38:10', '2025-01-20 18:11:56');
INSERT INTO Paciente (DNI, ObraSocial, ultimaAtencion, alta) VALUES ('26675635', 9, '2025-02-06 07:17:45', '2025-03-13 00:43:08');
INSERT INTO Paciente (DNI, ObraSocial, ultimaAtencion, alta) VALUES ('37485949', 6, '2025-02-08 06:25:57', '2025-03-30 20:20:22');
INSERT INTO Paciente (DNI, ObraSocial, ultimaAtencion, alta) VALUES ('28812517', 2, '2025-02-20 22:39:19', '2025-05-11 05:41:42');
INSERT INTO Paciente (DNI, ObraSocial, ultimaAtencion, alta) VALUES ('42298746', 8, '2025-04-13 11:19:48', '2025-05-05 02:27:42');
INSERT INTO Paciente (DNI, ObraSocial, ultimaAtencion, alta) VALUES ('25553444', 6, '2025-04-26 22:05:08', '2025-03-17 11:11:24');
INSERT INTO Paciente (DNI, ObraSocial, ultimaAtencion, alta) VALUES ('40922406', 10, '2025-03-18 05:23:15', '2025-04-24 23:38:24');
INSERT INTO Paciente (DNI, ObraSocial, ultimaAtencion, alta) VALUES ('37067420', 2, '2025-03-09 13:26:46', '2025-03-10 08:22:07');
INSERT INTO Paciente (DNI, ObraSocial, ultimaAtencion, alta) VALUES ('21294225', 8, '2025-04-30 21:07:07', '2025-02-03 12:02:11');
INSERT INTO Paciente (DNI, ObraSocial, ultimaAtencion, alta) VALUES ('40501050', 5, '2025-04-30 07:42:19', '2025-04-25 14:23:02');
INSERT INTO Paciente (DNI, ObraSocial, ultimaAtencion, alta) VALUES ('33428753', 2, '2025-05-11 12:15:36', '2025-01-27 00:14:30');
INSERT INTO Paciente (DNI, ObraSocial, ultimaAtencion, alta) VALUES ('44556307', 6, '2025-01-23 21:16:30', '2025-02-16 07:49:46');
INSERT INTO Paciente (DNI, ObraSocial, ultimaAtencion, alta) VALUES ('36140039', 5, '2025-01-23 17:01:17', '2025-02-05 13:02:57');
INSERT INTO Paciente (DNI, ObraSocial, ultimaAtencion, alta) VALUES ('33483090', 6, '2025-05-15 15:38:54', '2025-01-28 10:46:42');
INSERT INTO Paciente (DNI, ObraSocial, ultimaAtencion, alta) VALUES ('18127581', 9, '2025-03-17 10:22:12', '2025-03-23 05:08:07');
INSERT INTO Paciente (DNI, ObraSocial, ultimaAtencion, alta) VALUES ('46778085', 10, '2025-01-27 18:30:29', '2025-04-22 14:47:25');
INSERT INTO Paciente (DNI, ObraSocial, ultimaAtencion, alta) VALUES ('46294643', 7, '2025-03-24 03:30:13', '2025-02-06 01:40:29');
INSERT INTO Paciente (DNI, ObraSocial, ultimaAtencion, alta) VALUES ('28941542', 8, '2025-05-04 09:39:08', '2025-04-15 08:22:08');
INSERT INTO Paciente (DNI, ObraSocial, ultimaAtencion, alta) VALUES ('30327210', 3, '2025-04-18 18:04:48', '2025-02-02 09:38:58');
INSERT INTO Paciente (DNI, ObraSocial, ultimaAtencion, alta) VALUES ('45932762', 8, '2025-02-26 02:04:03', '2025-01-28 05:49:45');
INSERT INTO Paciente (DNI, ObraSocial, ultimaAtencion, alta) VALUES ('40926675', 3, '2025-03-03 02:02:56', '2025-06-13 11:56:07');
INSERT INTO Paciente (DNI, ObraSocial, ultimaAtencion, alta) VALUES ('42533071', 8, '2025-05-01 06:39:35', '2025-01-11 09:50:47');
INSERT INTO Paciente (DNI, ObraSocial, ultimaAtencion, alta) VALUES ('43101028', 6, '2025-01-02 20:39:43', '2025-04-05 02:26:28');
INSERT INTO Paciente (DNI, ObraSocial, ultimaAtencion, alta) VALUES ('33071765', 3, '2025-02-07 21:21:52', '2025-06-08 07:10:53');
INSERT INTO Paciente (DNI, ObraSocial, ultimaAtencion, alta) VALUES ('33519275', 7, '2025-04-20 01:09:43', '2025-04-09 03:30:42');
INSERT INTO Paciente (DNI, ObraSocial, ultimaAtencion, alta) VALUES ('44178990', 8, '2025-03-21 10:42:15', '2025-05-13 22:55:03');
INSERT INTO Paciente (DNI, ObraSocial, ultimaAtencion, alta) VALUES ('22837055', 8, '2025-03-22 16:58:41', '2025-05-18 21:30:11');
INSERT INTO Paciente (DNI, ObraSocial, ultimaAtencion, alta) VALUES ('39988158', 8, '2025-04-05 21:30:17', '2025-02-02 11:27:27');
INSERT INTO Paciente (DNI, ObraSocial, ultimaAtencion, alta) VALUES ('37269701', 2, '2025-04-20 18:56:41', '2025-01-06 23:49:16');
INSERT INTO Paciente (DNI, ObraSocial, ultimaAtencion, alta) VALUES ('19236121', 4, '2025-02-26 17:14:15', '2025-01-07 08:22:12');
INSERT INTO Paciente (DNI, ObraSocial, ultimaAtencion, alta) VALUES ('18345769', 5, '2025-02-13 15:50:46', '2025-04-15 09:26:15');
INSERT INTO Paciente (DNI, ObraSocial, ultimaAtencion, alta) VALUES ('28756599', 5, '2025-02-02 15:54:38', '2025-06-01 14:30:46');
INSERT INTO Paciente (DNI, ObraSocial, ultimaAtencion, alta) VALUES ('41223637', 8, '2025-04-20 20:07:19', '2025-05-25 04:23:09');
INSERT INTO Paciente (DNI, ObraSocial, ultimaAtencion, alta) VALUES ('36804899', 8, '2025-04-17 17:54:34', '2025-04-10 04:31:42');
INSERT INTO Paciente (DNI, ObraSocial, ultimaAtencion, alta) VALUES ('25625385', 2, '2025-04-22 05:02:27', '2025-01-23 04:14:29');
INSERT INTO Paciente (DNI, ObraSocial, ultimaAtencion, alta) VALUES ('35718501', 5, '2025-05-31 12:17:18', '2025-04-16 11:03:29');
INSERT INTO Paciente (DNI, ObraSocial, ultimaAtencion, alta) VALUES ('22633172', 6, '2025-04-16 06:06:18', '2025-06-09 17:38:41');
INSERT INTO Paciente (DNI, ObraSocial, ultimaAtencion, alta) VALUES ('40513773', 1, '2025-05-28 13:52:33', '2025-05-20 14:41:26');
INSERT INTO Paciente (DNI, ObraSocial, ultimaAtencion, alta) VALUES ('38286814', 8, '2025-04-17 02:11:26', '2025-02-12 10:28:45');
INSERT INTO Paciente (DNI, ObraSocial, ultimaAtencion, alta) VALUES ('25884207', 7, '2025-01-20 21:17:42', '2025-05-23 21:57:21');
INSERT INTO Paciente (DNI, ObraSocial, ultimaAtencion, alta) VALUES ('27577579', 4, '2025-02-27 19:25:27', '2025-06-19 20:54:33');
INSERT INTO Paciente (DNI, ObraSocial, ultimaAtencion, alta) VALUES ('32822984', 1, '2025-03-29 07:54:16', '2025-02-21 00:48:27');
INSERT INTO Paciente (DNI, ObraSocial, ultimaAtencion, alta) VALUES ('20703704', 6, '2025-06-17 10:08:29', '2025-06-08 14:13:51');
INSERT INTO Paciente (DNI, ObraSocial, ultimaAtencion, alta) VALUES ('35794029', 2, '2025-03-27 06:12:50', '2025-06-18 00:32:45');
INSERT INTO Paciente (DNI, ObraSocial, ultimaAtencion, alta) VALUES ('22790951', 2, '2025-05-31 14:42:19', '2025-06-07 15:40:35');
INSERT INTO Paciente (DNI, ObraSocial, ultimaAtencion, alta) VALUES ('23567342', 4, '2025-02-10 18:06:11', '2025-06-07 10:08:54');
INSERT INTO Paciente (DNI, ObraSocial, ultimaAtencion, alta) VALUES ('37736848', 10, '2025-05-14 19:35:43', '2025-03-10 02:03:29');
INSERT INTO Paciente (DNI, ObraSocial, ultimaAtencion, alta) VALUES ('46716844', 10, '2025-05-03 20:55:29', '2025-03-25 03:24:11');

INSERT INTO Turnos (dniPaciente, Legajo, estado, diagnostico, observacion) VALUES ('43181122', 12, 1, 'Hipertensión', 'Control en 15 días');
INSERT INTO Turnos (dniPaciente, Legajo, estado, diagnostico, observacion) VALUES ('34966364', 1, 2, 'Ansiedad', 'Se sugiere dieta');
INSERT INTO Turnos (dniPaciente, Legajo, estado, diagnostico, observacion) VALUES ('21294225', 5, 2, 'Ansiedad', 'Derivado a especialista');
INSERT INTO Turnos (dniPaciente, Legajo, estado, diagnostico, observacion) VALUES ('22106768', 5, 1, 'Dermatitis', 'Se sugiere dieta');
INSERT INTO Turnos (dniPaciente, Legajo, estado, diagnostico, observacion) VALUES ('43181122', 5, 1, 'Migraña', 'Derivado a especialista');
INSERT INTO Turnos (dniPaciente, Legajo, estado, diagnostico, observacion) VALUES ('26675635', 20, 2, 'Gripe común', 'Buen estado general');
INSERT INTO Turnos (dniPaciente, Legajo, estado, diagnostico, observacion) VALUES ('28812517', 17, 2, 'Dolor lumbar', 'Recomendado reposo');
INSERT INTO Turnos (dniPaciente, Legajo, estado, diagnostico, observacion) VALUES ('28370299', 16, 1, 'Ansiedad', 'No se evidencian complicaciones');
INSERT INTO Turnos (dniPaciente, Legajo, estado, diagnostico, observacion) VALUES ('42159979', 12, 1, 'Colesterol alto', 'Observación ambulatoria');
INSERT INTO Turnos (dniPaciente, Legajo, estado, diagnostico, observacion) VALUES ('43101028', 6, 1, 'Migraña', 'Recomendado reposo');
INSERT INTO Turnos (dniPaciente, Legajo, estado, diagnostico, observacion) VALUES ('42159979', 9, 0, 'Gripe común', 'Observación ambulatoria');
INSERT INTO Turnos (dniPaciente, Legajo, estado, diagnostico, observacion) VALUES ('21294225', 17, 1, 'Dermatitis', 'Indicado análisis complementarios');
INSERT INTO Turnos (dniPaciente, Legajo, estado, diagnostico, observacion) VALUES ('20252363', 20, 1, 'Dolor lumbar', 'Indicado análisis complementarios');
INSERT INTO Turnos (dniPaciente, Legajo, estado, diagnostico, observacion) VALUES ('36377977', 5, 1, 'Colesterol alto', 'Indicado análisis complementarios');
INSERT INTO Turnos (dniPaciente, Legajo, estado, diagnostico, observacion) VALUES ('32335133', 8, 1, 'Dermatitis', 'Indicado análisis complementarios');
INSERT INTO Turnos (dniPaciente, Legajo, estado, diagnostico, observacion) VALUES ('28812517', 2, 2, 'Hipertensión', 'Indicado análisis complementarios');
INSERT INTO Turnos (dniPaciente, Legajo, estado, diagnostico, observacion) VALUES ('18129379', 1, 1, 'Infección urinaria', 'Requiere estudios');
INSERT INTO Turnos (dniPaciente, Legajo, estado, diagnostico, observacion) VALUES ('41223637', 9, 1, 'Dolor lumbar', 'Indicado análisis complementarios');
INSERT INTO Turnos (dniPaciente, Legajo, estado, diagnostico, observacion) VALUES ('34372723', 11, 1, 'Sinusitis', 'Indicado análisis complementarios');
INSERT INTO Turnos (dniPaciente, Legajo, estado, diagnostico, observacion) VALUES ('39926952', 17, 2, 'Alergia estacional', 'Control en 15 días');
INSERT INTO Turnos (dniPaciente, Legajo, estado, diagnostico, observacion) VALUES ('46294643', 8, 1, 'Gripe común', 'Derivado a especialista');
INSERT INTO Turnos (dniPaciente, Legajo, estado, diagnostico, observacion) VALUES ('26650225', 12, 2, 'Hipertensión', 'Control en 15 días');
INSERT INTO Turnos (dniPaciente, Legajo, estado, diagnostico, observacion) VALUES ('17599909', 12, 0, 'Infección urinaria', 'No se evidencian complicaciones');
INSERT INTO Turnos (dniPaciente, Legajo, estado, diagnostico, observacion) VALUES ('34966364', 7, 2, 'Ansiedad', 'Requiere estudios');
INSERT INTO Turnos (dniPaciente, Legajo, estado, diagnostico, observacion) VALUES ('16829589', 2, 0, 'Colesterol alto', 'Derivado a especialista');
INSERT INTO Turnos (dniPaciente, Legajo, estado, diagnostico, observacion) VALUES ('18373096', 1, 2, 'Alergia estacional', 'Control en 15 días');
INSERT INTO Turnos (dniPaciente, Legajo, estado, diagnostico, observacion) VALUES ('35842645', 11, 0, 'Colesterol alto', 'Control en 15 días');
INSERT INTO Turnos (dniPaciente, Legajo, estado, diagnostico, observacion) VALUES ('25246860', 12, 1, 'Dermatitis', 'No se evidencian complicaciones');
INSERT INTO Turnos (dniPaciente, Legajo, estado, diagnostico, observacion) VALUES ('16685049', 11, 2, 'Dermatitis', 'Evaluación continua');
INSERT INTO Turnos (dniPaciente, Legajo, estado, diagnostico, observacion) VALUES ('19391546', 18, 2, 'Colesterol alto', 'Se sugiere dieta');
INSERT INTO Turnos (dniPaciente, Legajo, estado, diagnostico, observacion) VALUES ('40605689', 6, 1, 'Dolor lumbar', 'Control en 15 días');
INSERT INTO Turnos (dniPaciente, Legajo, estado, diagnostico, observacion) VALUES ('39711873', 19, 2, 'Colesterol alto', 'Recomendado reposo');
INSERT INTO Turnos (dniPaciente, Legajo, estado, diagnostico, observacion) VALUES ('17599909', 20, 2, 'Migraña', 'Evaluación continua');
INSERT INTO Turnos (dniPaciente, Legajo, estado, diagnostico, observacion) VALUES ('38286814', 3, 1, 'Infección urinaria', 'Control en 15 días');
INSERT INTO Turnos (dniPaciente, Legajo, estado, diagnostico, observacion) VALUES ('31394887', 11, 0, 'Alergia estacional', 'Derivado a especialista');
INSERT INTO Turnos (dniPaciente, Legajo, estado, diagnostico, observacion) VALUES ('45431482', 9, 1, 'Gripe común', 'Recomendado reposo');
INSERT INTO Turnos (dniPaciente, Legajo, estado, diagnostico, observacion) VALUES ('35718501', 14, 2, 'Ansiedad', 'Observación ambulatoria');
INSERT INTO Turnos (dniPaciente, Legajo, estado, diagnostico, observacion) VALUES ('41098364', 4, 1, 'Colesterol alto', 'Derivado a especialista');
INSERT INTO Turnos (dniPaciente, Legajo, estado, diagnostico, observacion) VALUES ('37826523', 2, 0, 'Dolor lumbar', 'Indicado análisis complementarios');
INSERT INTO Turnos (dniPaciente, Legajo, estado, diagnostico, observacion) VALUES ('46363537', 13, 2, 'Sinusitis', 'Indicado análisis complementarios');
INSERT INTO Turnos (dniPaciente, Legajo, estado, diagnostico, observacion) VALUES ('25553444', 16, 0, 'Hipertensión', 'No se evidencian complicaciones');
INSERT INTO Turnos (dniPaciente, Legajo, estado, diagnostico, observacion) VALUES ('16908561', 2, 1, 'Alergia estacional', 'Observación ambulatoria');
INSERT INTO Turnos (dniPaciente, Legajo, estado, diagnostico, observacion) VALUES ('41223637', 18, 2, 'Dolor lumbar', 'Derivado a especialista');
INSERT INTO Turnos (dniPaciente, Legajo, estado, diagnostico, observacion) VALUES ('31977226', 19, 2, 'Hipertensión', 'Recomendado reposo');
INSERT INTO Turnos (dniPaciente, Legajo, estado, diagnostico, observacion) VALUES ('22117561', 3, 2, 'Colesterol alto', 'Evaluación continua');
INSERT INTO Turnos (dniPaciente, Legajo, estado, diagnostico, observacion) VALUES ('32992829', 7, 2, 'Migraña', 'Evaluación continua');
INSERT INTO Turnos (dniPaciente, Legajo, estado, diagnostico, observacion) VALUES ('37400191', 13, 1, 'Dolor lumbar', 'Indicado análisis complementarios');
INSERT INTO Turnos (dniPaciente, Legajo, estado, diagnostico, observacion) VALUES ('26650225', 6, 2, 'Infección urinaria', 'Control en 15 días');
INSERT INTO Turnos (dniPaciente, Legajo, estado, diagnostico, observacion) VALUES ('39150945', 15, 1, 'Dolor lumbar', 'No se evidencian complicaciones');
INSERT INTO Turnos (dniPaciente, Legajo, estado, diagnostico, observacion) VALUES ('27577579', 4, 2, 'Sinusitis', 'Observación ambulatoria');
INSERT INTO Turnos (dniPaciente, Legajo, estado, diagnostico, observacion) VALUES ('40605689', 8, 0, 'Dermatitis', 'Requiere estudios');
INSERT INTO Turnos (dniPaciente, Legajo, estado, diagnostico, observacion) VALUES ('20252363', 16, 2, 'Ansiedad', 'Buen estado general');
INSERT INTO Turnos (dniPaciente, Legajo, estado, diagnostico, observacion) VALUES ('18345769', 2, 2, 'Sinusitis', 'No se evidencian complicaciones');
INSERT INTO Turnos (dniPaciente, Legajo, estado, diagnostico, observacion) VALUES ('40922406', 5, 2, 'Ansiedad', 'Control en 15 días');
INSERT INTO Turnos (dniPaciente, Legajo, estado, diagnostico, observacion) VALUES ('35782994', 7, 1, 'Gripe común', 'Observación ambulatoria');
INSERT INTO Turnos (dniPaciente, Legajo, estado, diagnostico, observacion) VALUES ('43101028', 14, 2, 'Hipertensión', 'No se evidencian complicaciones');
INSERT INTO Turnos (dniPaciente, Legajo, estado, diagnostico, observacion) VALUES ('25625385', 3, 1, 'Dermatitis', 'Requiere estudios');
INSERT INTO Turnos (dniPaciente, Legajo, estado, diagnostico, observacion) VALUES ('25196351', 17, 2, 'Gripe común', 'No se evidencian complicaciones');
INSERT INTO Turnos (dniPaciente, Legajo, estado, diagnostico, observacion) VALUES ('34120981', 4, 1, 'Colesterol alto', 'No se evidencian complicaciones');
INSERT INTO Turnos (dniPaciente, Legajo, estado, diagnostico, observacion) VALUES ('22106768', 4, 2, 'Dolor lumbar', 'Requiere estudios');
INSERT INTO Turnos (dniPaciente, Legajo, estado, diagnostico, observacion) VALUES ('25814747', 9, 2, 'Colesterol alto', 'No se evidencian complicaciones');
INSERT INTO Turnos (dniPaciente, Legajo, estado, diagnostico, observacion) VALUES ('19391546', 9, 1, 'Colesterol alto', 'Observación ambulatoria');
INSERT INTO Turnos (dniPaciente, Legajo, estado, diagnostico, observacion) VALUES ('17089290', 8, 2, 'Dolor lumbar', 'Se sugiere dieta');
INSERT INTO Turnos (dniPaciente, Legajo, estado, diagnostico, observacion) VALUES ('16685049', 10, 2, 'Migraña', 'Derivado a especialista');
INSERT INTO Turnos (dniPaciente, Legajo, estado, diagnostico, observacion) VALUES ('38286814', 15, 2, 'Dolor lumbar', 'Observación ambulatoria');
INSERT INTO Turnos (dniPaciente, Legajo, estado, diagnostico, observacion) VALUES ('31394887', 7, 1, 'Dermatitis', 'Evaluación continua');
INSERT INTO Turnos (dniPaciente, Legajo, estado, diagnostico, observacion) VALUES ('33923678', 2, 2, 'Migraña', 'Buen estado general');
INSERT INTO Turnos (dniPaciente, Legajo, estado, diagnostico, observacion) VALUES ('20910175', 5, 2, 'Colesterol alto', 'Recomendado reposo');
INSERT INTO Turnos (dniPaciente, Legajo, estado, diagnostico, observacion) VALUES ('42828304', 2, 0, 'Gripe común', 'Se sugiere dieta');
INSERT INTO Turnos (dniPaciente, Legajo, estado, diagnostico, observacion) VALUES ('25196351', 12, 1, 'Dermatitis', 'Indicado análisis complementarios');
INSERT INTO Turnos (dniPaciente, Legajo, estado, diagnostico, observacion) VALUES ('28370299', 12, 2, 'Hipertensión', 'Evaluación continua');
INSERT INTO Turnos (dniPaciente, Legajo, estado, diagnostico, observacion) VALUES ('45431482', 12, 2, 'Dolor lumbar', 'Indicado análisis complementarios');
INSERT INTO Turnos (dniPaciente, Legajo, estado, diagnostico, observacion) VALUES ('18419240', 2, 2, 'Alergia estacional', 'Derivado a especialista');
INSERT INTO Turnos (dniPaciente, Legajo, estado, diagnostico, observacion) VALUES ('42533071', 7, 2, 'Sinusitis', 'Recomendado reposo');
INSERT INTO Turnos (dniPaciente, Legajo, estado, diagnostico, observacion) VALUES ('22790951', 1, 2, 'Hipertensión', 'No se evidencian complicaciones');
INSERT INTO Turnos (dniPaciente, Legajo, estado, diagnostico, observacion) VALUES ('46063479', 9, 2, 'Dolor lumbar', 'Buen estado general');
INSERT INTO Turnos (dniPaciente, Legajo, estado, diagnostico, observacion) VALUES ('41098364', 12, 1, 'Ansiedad', 'Buen estado general');
INSERT INTO Turnos (dniPaciente, Legajo, estado, diagnostico, observacion) VALUES ('37067420', 13, 1, 'Sinusitis', 'Se sugiere dieta');
INSERT INTO Turnos (dniPaciente, Legajo, estado, diagnostico, observacion) VALUES ('36299840', 20, 1, 'Migraña', 'Evaluación continua');
INSERT INTO Turnos (dniPaciente, Legajo, estado, diagnostico, observacion) VALUES ('25196351', 11, 1, 'Dolor lumbar', 'Derivado a especialista');
INSERT INTO Turnos (dniPaciente, Legajo, estado, diagnostico, observacion) VALUES ('35794029', 8, 2, 'Colesterol alto', 'Observación ambulatoria');
INSERT INTO Turnos (dniPaciente, Legajo, estado, diagnostico, observacion) VALUES ('43101028', 5, 0, 'Ansiedad', 'Buen estado general');
INSERT INTO Turnos (dniPaciente, Legajo, estado, diagnostico, observacion) VALUES ('34120981', 13, 2, 'Colesterol alto', 'No se evidencian complicaciones');
INSERT INTO Turnos (dniPaciente, Legajo, estado, diagnostico, observacion) VALUES ('22362568', 8, 1, 'Ansiedad', 'Se sugiere dieta');
INSERT INTO Turnos (dniPaciente, Legajo, estado, diagnostico, observacion) VALUES ('46363537', 18, 1, 'Ansiedad', 'Control en 15 días');
INSERT INTO Turnos (dniPaciente, Legajo, estado, diagnostico, observacion) VALUES ('36804899', 18, 2, 'Infección urinaria', 'Indicado análisis complementarios');
INSERT INTO Turnos (dniPaciente, Legajo, estado, diagnostico, observacion) VALUES ('46063479', 10, 2, 'Infección urinaria', 'Se sugiere dieta');
INSERT INTO Turnos (dniPaciente, Legajo, estado, diagnostico, observacion) VALUES ('39103689', 15, 1, 'Gripe común', 'No se evidencian complicaciones');
INSERT INTO Turnos (dniPaciente, Legajo, estado, diagnostico, observacion) VALUES ('40922406', 3, 2, 'Sinusitis', 'Indicado análisis complementarios');
INSERT INTO Turnos (dniPaciente, Legajo, estado, diagnostico, observacion) VALUES ('34320532', 17, 1, 'Hipertensión', 'Control en 15 días');
INSERT INTO Turnos (dniPaciente, Legajo, estado, diagnostico, observacion) VALUES ('22362568', 14, 2, 'Ansiedad', 'Control en 15 días');
INSERT INTO Turnos (dniPaciente, Legajo, estado, diagnostico, observacion) VALUES ('28756599', 6, 0, 'Infección urinaria', 'Control en 15 días');
INSERT INTO Turnos (dniPaciente, Legajo, estado, diagnostico, observacion) VALUES ('23275445', 1, 1, 'Hipertensión', 'No se evidencian complicaciones');
INSERT INTO Turnos (dniPaciente, Legajo, estado, diagnostico, observacion) VALUES ('16829589', 3, 2, 'Dermatitis', 'Observación ambulatoria');
INSERT INTO Turnos (dniPaciente, Legajo, estado, diagnostico, observacion) VALUES ('18373096', 13, 0, 'Alergia estacional', 'Se sugiere dieta');
INSERT INTO Turnos (dniPaciente, Legajo, estado, diagnostico, observacion) VALUES ('19643063', 17, 0, 'Gripe común', 'Derivado a especialista');
INSERT INTO Turnos (dniPaciente, Legajo, estado, diagnostico, observacion) VALUES ('37443674', 10, 1, 'Sinusitis', 'No se evidencian complicaciones');
INSERT INTO Turnos (dniPaciente, Legajo, estado, diagnostico, observacion) VALUES ('43893819', 2, 2, 'Ansiedad', 'Requiere estudios');
INSERT INTO Turnos (dniPaciente, Legajo, estado, diagnostico, observacion) VALUES ('43636961', 14, 2, 'Infección urinaria', 'Evaluación continua');
INSERT INTO Turnos (dniPaciente, Legajo, estado, diagnostico, observacion) VALUES ('46264544', 6, 1, 'Alergia estacional', 'Derivado a especialista');
INSERT INTO Turnos (dniPaciente, Legajo, estado, diagnostico, observacion) VALUES ('32994763', 7, 0, 'Sinusitis', 'Control en 15 días');
INSERT INTO Turnos (dniPaciente, Legajo, estado, diagnostico, observacion) VALUES ('18345769', 2, 2, 'Dolor lumbar', 'Requiere estudios');
INSERT INTO Turnos (dniPaciente, Legajo, estado, diagnostico, observacion) VALUES ('36299840', 2, 1, 'Gripe común', 'Recomendado reposo');
INSERT INTO Turnos (dniPaciente, Legajo, estado, diagnostico, observacion) VALUES ('44582633', 15, 1, 'Dolor lumbar', 'Evaluación continua');
INSERT INTO Turnos (dniPaciente, Legajo, estado, diagnostico, observacion) VALUES ('36377977', 1, 1, 'Migraña', 'Requiere estudios');
INSERT INTO Turnos (dniPaciente, Legajo, estado, diagnostico, observacion) VALUES ('28812517', 5, 2, 'Migraña', 'Requiere estudios');
INSERT INTO Turnos (dniPaciente, Legajo, estado, diagnostico, observacion) VALUES ('23153634', 10, 2, 'Ansiedad', 'Derivado a especialista');
INSERT INTO Turnos (dniPaciente, Legajo, estado, diagnostico, observacion) VALUES ('46716844', 9, 1, 'Alergia estacional', 'Se sugiere dieta');
INSERT INTO Turnos (dniPaciente, Legajo, estado, diagnostico, observacion) VALUES ('39103689', 6, 1, 'Alergia estacional', 'Evaluación continua');
INSERT INTO Turnos (dniPaciente, Legajo, estado, diagnostico, observacion) VALUES ('39711873', 1, 0, 'Migraña', 'No se evidencian complicaciones');
INSERT INTO Turnos (dniPaciente, Legajo, estado, diagnostico, observacion) VALUES ('20194119', 3, 1, 'Migraña', 'Buen estado general');
INSERT INTO Turnos (dniPaciente, Legajo, estado, diagnostico, observacion) VALUES ('37278801', 10, 1, 'Migraña', 'Control en 15 días');
INSERT INTO Turnos (dniPaciente, Legajo, estado, diagnostico, observacion) VALUES ('23215552', 12, 2, 'Dermatitis', 'Indicado análisis complementarios');
INSERT INTO Turnos (dniPaciente, Legajo, estado, diagnostico, observacion) VALUES ('20703704', 2, 2, 'Hipertensión', 'Se sugiere dieta');
INSERT INTO Turnos (dniPaciente, Legajo, estado, diagnostico, observacion) VALUES ('39161696', 20, 2, 'Migraña', 'Se sugiere dieta');
INSERT INTO Turnos (dniPaciente, Legajo, estado, diagnostico, observacion) VALUES ('19444504', 4, 1, 'Ansiedad', 'Buen estado general');
INSERT INTO Turnos (dniPaciente, Legajo, estado, diagnostico, observacion) VALUES ('33519275', 16, 1, 'Hipertensión', 'Indicado análisis complementarios');
INSERT INTO Turnos (dniPaciente, Legajo, estado, diagnostico, observacion) VALUES ('36804899', 2, 1, 'Dermatitis', 'No se evidencian complicaciones');
INSERT INTO Turnos (dniPaciente, Legajo, estado, diagnostico, observacion) VALUES ('30726894', 15, 2, 'Infección urinaria', 'No se evidencian complicaciones');
INSERT INTO Turnos (dniPaciente, Legajo, estado, diagnostico, observacion) VALUES ('33071765', 5, 2, 'Migraña', 'Observación ambulatoria');
INSERT INTO Turnos (dniPaciente, Legajo, estado, diagnostico, observacion) VALUES ('43893819', 9, 1, 'Sinusitis', 'No se evidencian complicaciones');
INSERT INTO Turnos (dniPaciente, Legajo, estado, diagnostico, observacion) VALUES ('46063479', 11, 1, 'Colesterol alto', 'Indicado análisis complementarios');
INSERT INTO Turnos (dniPaciente, Legajo, estado, diagnostico, observacion) VALUES ('25625385', 8, 1, 'Dermatitis', 'Control en 15 días');
INSERT INTO Turnos (dniPaciente, Legajo, estado, diagnostico, observacion) VALUES ('36731015', 20, 0, 'Hipertensión', 'Requiere estudios');
INSERT INTO Turnos (dniPaciente, Legajo, estado, diagnostico, observacion) VALUES ('18442270', 6, 2, 'Infección urinaria', 'Derivado a especialista');
INSERT INTO Turnos (dniPaciente, Legajo, estado, diagnostico, observacion) VALUES ('30602414', 2, 1, 'Dermatitis', 'Observación ambulatoria');
INSERT INTO Turnos (dniPaciente, Legajo, estado, diagnostico, observacion) VALUES ('32034970', 15, 2, 'Ansiedad', 'Indicado análisis complementarios');
INSERT INTO Turnos (dniPaciente, Legajo, estado, diagnostico, observacion) VALUES ('41606412', 11, 2, 'Gripe común', 'Indicado análisis complementarios');
INSERT INTO Turnos (dniPaciente, Legajo, estado, diagnostico, observacion) VALUES ('20457765', 18, 0, 'Migraña', 'No se evidencian complicaciones');
INSERT INTO Turnos (dniPaciente, Legajo, estado, diagnostico, observacion) VALUES ('44556307', 10, 2, 'Ansiedad', 'Se sugiere dieta');
INSERT INTO Turnos (dniPaciente, Legajo, estado, diagnostico, observacion) VALUES ('22134562', 8, 1, 'Sinusitis', 'No se evidencian complicaciones');
INSERT INTO Turnos (dniPaciente, Legajo, estado, diagnostico, observacion) VALUES ('28756599', 12, 1, 'Migraña', 'Derivado a especialista');
INSERT INTO Turnos (dniPaciente, Legajo, estado, diagnostico, observacion) VALUES ('19553319', 10, 1, 'Migraña', 'Recomendado reposo');
INSERT INTO Turnos (dniPaciente, Legajo, estado, diagnostico, observacion) VALUES ('18442270', 5, 2, 'Dermatitis', 'Indicado análisis complementarios');
INSERT INTO Turnos (dniPaciente, Legajo, estado, diagnostico, observacion) VALUES ('31958713', 7, 2, 'Dermatitis', 'Derivado a especialista');
INSERT INTO Turnos (dniPaciente, Legajo, estado, diagnostico, observacion) VALUES ('46264544', 11, 2, 'Gripe común', 'No se evidencian complicaciones');
INSERT INTO Turnos (dniPaciente, Legajo, estado, diagnostico, observacion) VALUES ('22435541', 15, 2, 'Sinusitis', 'Control en 15 días');
INSERT INTO Turnos (dniPaciente, Legajo, estado, diagnostico, observacion) VALUES ('15999828', 17, 0, 'Dermatitis', 'No se evidencian complicaciones');
INSERT INTO Turnos (dniPaciente, Legajo, estado, diagnostico, observacion) VALUES ('17485785', 6, 2, 'Hipertensión', 'Indicado análisis complementarios');
INSERT INTO Turnos (dniPaciente, Legajo, estado, diagnostico, observacion) VALUES ('26675635', 20, 1, 'Dermatitis', 'Observación ambulatoria');
INSERT INTO Turnos (dniPaciente, Legajo, estado, diagnostico, observacion) VALUES ('44178990', 8, 1, 'Infección urinaria', 'Buen estado general');
INSERT INTO Turnos (dniPaciente, Legajo, estado, diagnostico, observacion) VALUES ('23382113', 5, 2, 'Sinusitis', 'Buen estado general');
INSERT INTO Turnos (dniPaciente, Legajo, estado, diagnostico, observacion) VALUES ('17388396', 11, 2, 'Sinusitis', 'Derivado a especialista');
INSERT INTO Turnos (dniPaciente, Legajo, estado, diagnostico, observacion) VALUES ('37067420', 10, 1, 'Hipertensión', 'Control en 15 días');
INSERT INTO Turnos (dniPaciente, Legajo, estado, diagnostico, observacion) VALUES ('44178990', 11, 1, 'Infección urinaria', 'Requiere estudios');
INSERT INTO Turnos (dniPaciente, Legajo, estado, diagnostico, observacion) VALUES ('31793059', 14, 2, 'Sinusitis', 'Buen estado general');
INSERT INTO Turnos (dniPaciente, Legajo, estado, diagnostico, observacion) VALUES ('31586173', 1, 1, 'Dermatitis', 'Control en 15 días');
INSERT INTO Turnos (dniPaciente, Legajo, estado, diagnostico, observacion) VALUES ('23275445', 7, 2, 'Hipertensión', 'Buen estado general');
INSERT INTO Turnos (dniPaciente, Legajo, estado, diagnostico, observacion) VALUES ('23898737', 2, 2, 'Alergia estacional', 'Requiere estudios');
INSERT INTO Turnos (dniPaciente, Legajo, estado, diagnostico, observacion) VALUES ('22435541', 4, 2, 'Sinusitis', 'Derivado a especialista');
INSERT INTO Turnos (dniPaciente, Legajo, estado, diagnostico, observacion) VALUES ('17396116', 13, 1, 'Dolor lumbar', 'Recomendado reposo');
INSERT INTO Turnos (dniPaciente, Legajo, estado, diagnostico, observacion) VALUES ('26650225', 14, 2, 'Infección urinaria', 'Requiere estudios');
INSERT INTO Turnos (dniPaciente, Legajo, estado, diagnostico, observacion) VALUES ('38286814', 9, 2, 'Ansiedad', 'Derivado a especialista');
INSERT INTO Turnos (dniPaciente, Legajo, estado, diagnostico, observacion) VALUES ('37269701', 12, 2, 'Colesterol alto', 'Derivado a especialista');
INSERT INTO Turnos (dniPaciente, Legajo, estado, diagnostico, observacion) VALUES ('24138489', 10, 1, 'Migraña', 'Control en 15 días');
INSERT INTO Turnos (dniPaciente, Legajo, estado, diagnostico, observacion) VALUES ('22633172', 17, 1, 'Dermatitis', 'Buen estado general');
INSERT INTO Turnos (dniPaciente, Legajo, estado, diagnostico, observacion) VALUES ('32994763', 6, 2, 'Gripe común', 'Se sugiere dieta');
INSERT INTO Turnos (dniPaciente, Legajo, estado, diagnostico, observacion) VALUES ('40097895', 2, 2, 'Colesterol alto', 'Recomendado reposo');
INSERT INTO Turnos (dniPaciente, Legajo, estado, diagnostico, observacion) VALUES ('21294225', 20, 2, 'Ansiedad', 'No se evidencian complicaciones');
INSERT INTO Turnos (dniPaciente, Legajo, estado, diagnostico, observacion) VALUES ('37826523', 11, 1, 'Hipertensión', 'Requiere estudios');
INSERT INTO Turnos (dniPaciente, Legajo, estado, diagnostico, observacion) VALUES ('18828129', 6, 1, 'Dermatitis', 'Indicado análisis complementarios');
INSERT INTO Turnos (dniPaciente, Legajo, estado, diagnostico, observacion) VALUES ('43004361', 11, 1, 'Alergia estacional', 'No se evidencian complicaciones');
INSERT INTO Turnos (dniPaciente, Legajo, estado, diagnostico, observacion) VALUES ('17396116', 1, 2, 'Ansiedad', 'Derivado a especialista');
INSERT INTO Turnos (dniPaciente, Legajo, estado, diagnostico, observacion) VALUES ('25553444', 20, 2, 'Infección urinaria', 'Observación ambulatoria');
INSERT INTO Turnos (dniPaciente, Legajo, estado, diagnostico, observacion) VALUES ('37447169', 13, 1, 'Dolor lumbar', 'Recomendado reposo');
INSERT INTO Turnos (dniPaciente, Legajo, estado, diagnostico, observacion) VALUES ('23567342', 12, 2, 'Ansiedad', 'Evaluación continua');
INSERT INTO Turnos (dniPaciente, Legajo, estado, diagnostico, observacion) VALUES ('18127581', 7, 1, 'Migraña', 'Control en 15 días');
INSERT INTO Turnos (dniPaciente, Legajo, estado, diagnostico, observacion) VALUES ('23567342', 18, 0, 'Migraña', 'Derivado a especialista');
INSERT INTO Turnos (dniPaciente, Legajo, estado, diagnostico, observacion) VALUES ('37736848', 7, 2, 'Migraña', 'Derivado a especialista');
INSERT INTO Turnos (dniPaciente, Legajo, estado, diagnostico, observacion) VALUES ('39988158', 14, 2, 'Migraña', 'Control en 15 días');
INSERT INTO Turnos (dniPaciente, Legajo, estado, diagnostico, observacion) VALUES ('28756599', 11, 0, 'Gripe común', 'Control en 15 días');
INSERT INTO Turnos (dniPaciente, Legajo, estado, diagnostico, observacion) VALUES ('36731015', 3, 2, 'Dolor lumbar', 'Observación ambulatoria');
INSERT INTO Turnos (dniPaciente, Legajo, estado, diagnostico, observacion) VALUES ('40501050', 13, 1, 'Dermatitis', 'Indicado análisis complementarios');
INSERT INTO Turnos (dniPaciente, Legajo, estado, diagnostico, observacion) VALUES ('36140039', 20, 2, 'Colesterol alto', 'Recomendado reposo');
INSERT INTO Turnos (dniPaciente, Legajo, estado, diagnostico, observacion) VALUES ('37826523', 12, 1, 'Dolor lumbar', 'No se evidencian complicaciones');
INSERT INTO Turnos (dniPaciente, Legajo, estado, diagnostico, observacion) VALUES ('35794029', 15, 1, 'Gripe común', 'Evaluación continua');
INSERT INTO Turnos (dniPaciente, Legajo, estado, diagnostico, observacion) VALUES ('37378571', 5, 1, 'Sinusitis', 'Buen estado general');
INSERT INTO Turnos (dniPaciente, Legajo, estado, diagnostico, observacion) VALUES ('44012852', 10, 2, 'Infección urinaria', 'Recomendado reposo');
INSERT INTO Turnos (dniPaciente, Legajo, estado, diagnostico, observacion) VALUES ('36731015', 5, 0, 'Colesterol alto', 'No se evidencian complicaciones');
INSERT INTO Turnos (dniPaciente, Legajo, estado, diagnostico, observacion) VALUES ('17388396', 3, 1, 'Infección urinaria', 'Derivado a especialista');
INSERT INTO Turnos (dniPaciente, Legajo, estado, diagnostico, observacion) VALUES ('33483090', 17, 1, 'Alergia estacional', 'No se evidencian complicaciones');
INSERT INTO Turnos (dniPaciente, Legajo, estado, diagnostico, observacion) VALUES ('24138489', 4, 2, 'Colesterol alto', 'Recomendado reposo');
INSERT INTO Turnos (dniPaciente, Legajo, estado, diagnostico, observacion) VALUES ('17388396', 15, 1, 'Dolor lumbar', 'Indicado análisis complementarios');
INSERT INTO Turnos (dniPaciente, Legajo, estado, diagnostico, observacion) VALUES ('31958713', 19, 2, 'Infección urinaria', 'Control en 15 días');
INSERT INTO Turnos (dniPaciente, Legajo, estado, diagnostico, observacion) VALUES ('26732589', 4, 2, 'Alergia estacional', 'Se sugiere dieta');
INSERT INTO Turnos (dniPaciente, Legajo, estado, diagnostico, observacion) VALUES ('17089290', 20, 1, 'Colesterol alto', 'Control en 15 días');
INSERT INTO Turnos (dniPaciente, Legajo, estado, diagnostico, observacion) VALUES ('22523647', 11, 1, 'Infección urinaria', 'Derivado a especialista');
INSERT INTO Turnos (dniPaciente, Legajo, estado, diagnostico, observacion) VALUES ('18345769', 14, 2, 'Hipertensión', 'Se sugiere dieta');
INSERT INTO Turnos (dniPaciente, Legajo, estado, diagnostico, observacion) VALUES ('24090446', 15, 2, 'Ansiedad', 'Requiere estudios');
INSERT INTO Turnos (dniPaciente, Legajo, estado, diagnostico, observacion) VALUES ('33483090', 20, 2, 'Hipertensión', 'Requiere estudios');
INSERT INTO Turnos (dniPaciente, Legajo, estado, diagnostico, observacion) VALUES ('35718501', 3, 0, 'Gripe común', 'Requiere estudios');
INSERT INTO Turnos (dniPaciente, Legajo, estado, diagnostico, observacion) VALUES ('35257268', 19, 2, 'Alergia estacional', 'Recomendado reposo');
INSERT INTO Turnos (dniPaciente, Legajo, estado, diagnostico, observacion) VALUES ('22767053', 18, 2, 'Hipertensión', 'Se sugiere dieta');
INSERT INTO Turnos (dniPaciente, Legajo, estado, diagnostico, observacion) VALUES ('23567342', 19, 2, 'Hipertensión', 'Evaluación continua');
INSERT INTO Turnos (dniPaciente, Legajo, estado, diagnostico, observacion) VALUES ('23082309', 13, 1, 'Alergia estacional', 'No se evidencian complicaciones');
INSERT INTO Turnos (dniPaciente, Legajo, estado, diagnostico, observacion) VALUES ('32822984', 17, 1, 'Hipertensión', 'No se evidencian complicaciones');
INSERT INTO Turnos (dniPaciente, Legajo, estado, diagnostico, observacion) VALUES ('46294643', 5, 2, 'Infección urinaria', 'Recomendado reposo');
INSERT INTO Turnos (dniPaciente, Legajo, estado, diagnostico, observacion) VALUES ('38757158', 8, 1, 'Alergia estacional', 'Recomendado reposo');
INSERT INTO Turnos (dniPaciente, Legajo, estado, diagnostico, observacion) VALUES ('18974574', 12, 1, 'Ansiedad', 'Recomendado reposo');
INSERT INTO Turnos (dniPaciente, Legajo, estado, diagnostico, observacion) VALUES ('18127581', 11, 2, 'Sinusitis', 'Buen estado general');
INSERT INTO Turnos (dniPaciente, Legajo, estado, diagnostico, observacion) VALUES ('39150945', 19, 2, 'Dermatitis', 'Observación ambulatoria');
INSERT INTO Turnos (dniPaciente, Legajo, estado, diagnostico, observacion) VALUES ('46778085', 3, 1, 'Alergia estacional', 'Requiere estudios');
INSERT INTO Turnos (dniPaciente, Legajo, estado, diagnostico, observacion) VALUES ('37443674', 16, 1, 'Colesterol alto', 'Recomendado reposo');
INSERT INTO Turnos (dniPaciente, Legajo, estado, diagnostico, observacion) VALUES ('18129379', 15, 1, 'Sinusitis', 'Buen estado general');
INSERT INTO Turnos (dniPaciente, Legajo, estado, diagnostico, observacion) VALUES ('29703034', 6, 2, 'Migraña', 'Derivado a especialista');
INSERT INTO Turnos (dniPaciente, Legajo, estado, diagnostico, observacion) VALUES ('17089290', 4, 2, 'Ansiedad', 'Derivado a especialista');
INSERT INTO Turnos (dniPaciente, Legajo, estado, diagnostico, observacion) VALUES ('33483090', 14, 1, 'Hipertensión', 'No se evidencian complicaciones');
INSERT INTO Turnos (dniPaciente, Legajo, estado, diagnostico, observacion) VALUES ('23382113', 17, 2, 'Hipertensión', 'Recomendado reposo');
INSERT INTO Turnos (dniPaciente, Legajo, estado, diagnostico, observacion) VALUES ('19444504', 17, 2, 'Colesterol alto', 'Recomendado reposo');
INSERT INTO Turnos (dniPaciente, Legajo, estado, diagnostico, observacion) VALUES ('25625385', 10, 1, 'Colesterol alto', 'Evaluación continua');
INSERT INTO Turnos (dniPaciente, Legajo, estado, diagnostico, observacion) VALUES ('46363537', 8, 1, 'Hipertensión', 'No se evidencian complicaciones');
INSERT INTO Turnos (dniPaciente, Legajo, estado, diagnostico, observacion) VALUES ('19444504', 20, 1, 'Hipertensión', 'Se sugiere dieta');
INSERT INTO Turnos (dniPaciente, Legajo, estado, diagnostico, observacion) VALUES ('36299840', 19, 1, 'Dermatitis', 'Control en 15 días');
INSERT INTO Turnos (dniPaciente, Legajo, estado, diagnostico, observacion) VALUES ('42828304', 17, 2, 'Dermatitis', 'Control en 15 días');
INSERT INTO Turnos (dniPaciente, Legajo, estado, diagnostico, observacion) VALUES ('35842645', 16, 2, 'Sinusitis', 'Requiere estudios');
INSERT INTO Turnos (dniPaciente, Legajo, estado, diagnostico, observacion) VALUES ('23082309', 16, 1, 'Colesterol alto', 'Requiere estudios');
INSERT INTO Turnos (dniPaciente, Legajo, estado, diagnostico, observacion) VALUES ('37736848', 14, 1, 'Gripe común', 'Requiere estudios');
INSERT INTO Turnos (dniPaciente, Legajo, estado, diagnostico, observacion) VALUES ('27109159', 13, 2, 'Colesterol alto', 'Indicado análisis complementarios');
INSERT INTO Turnos (dniPaciente, Legajo, estado, diagnostico, observacion) VALUES ('38782887', 16, 1, 'Migraña', 'Buen estado general');
INSERT INTO Turnos (dniPaciente, Legajo, estado, diagnostico, observacion) VALUES ('22767053', 14, 1, 'Gripe común', 'No se evidencian complicaciones');
INSERT INTO Turnos (dniPaciente, Legajo, estado, diagnostico, observacion) VALUES ('30116756', 1, 2, 'Infección urinaria', 'Observación ambulatoria');
INSERT INTO Turnos (dniPaciente, Legajo, estado, diagnostico, observacion) VALUES ('40097895', 14, 2, 'Dolor lumbar', 'Requiere estudios');
INSERT INTO Turnos (dniPaciente, Legajo, estado, diagnostico, observacion) VALUES ('22523647', 20, 2, 'Dermatitis', 'Derivado a especialista');
INSERT INTO Turnos (dniPaciente, Legajo, estado, diagnostico, observacion) VALUES ('36731015', 16, 1, 'Sinusitis', 'Evaluación continua');
INSERT INTO Turnos (dniPaciente, Legajo, estado, diagnostico, observacion) VALUES ('37400191', 19, 2, 'Dermatitis', 'Control en 15 días');
INSERT INTO Turnos (dniPaciente, Legajo, estado, diagnostico, observacion) VALUES ('46294643', 4, 1, 'Hipertensión', 'Indicado análisis complementarios');
INSERT INTO Turnos (dniPaciente, Legajo, estado, diagnostico, observacion) VALUES ('27153013', 11, 2, 'Gripe común', 'Control en 15 días');
INSERT INTO Turnos (dniPaciente, Legajo, estado, diagnostico, observacion) VALUES ('33428753', 1, 0, 'Hipertensión', 'Evaluación continua');
INSERT INTO Turnos (dniPaciente, Legajo, estado, diagnostico, observacion) VALUES ('32335133', 3, 1, 'Infección urinaria', 'Indicado análisis complementarios');
INSERT INTO Turnos (dniPaciente, Legajo, estado, diagnostico, observacion) VALUES ('36804899', 13, 2, 'Sinusitis', 'Buen estado general');
INSERT INTO Turnos (dniPaciente, Legajo, estado, diagnostico, observacion) VALUES ('36299840', 2, 2, 'Ansiedad', 'Evaluación continua');
INSERT INTO Turnos (dniPaciente, Legajo, estado, diagnostico, observacion) VALUES ('46294643', 17, 1, 'Colesterol alto', 'Requiere estudios');
INSERT INTO Turnos (dniPaciente, Legajo, estado, diagnostico, observacion) VALUES ('27835970', 20, 2, 'Infección urinaria', 'Derivado a especialista');
INSERT INTO Turnos (dniPaciente, Legajo, estado, diagnostico, observacion) VALUES ('16908561', 3, 2, 'Infección urinaria', 'Observación ambulatoria');
INSERT INTO Turnos (dniPaciente, Legajo, estado, diagnostico, observacion) VALUES ('42828304', 17, 2, 'Migraña', 'Indicado análisis complementarios');
INSERT INTO Turnos (dniPaciente, Legajo, estado, diagnostico, observacion) VALUES ('36804899', 18, 1, 'Dolor lumbar', 'Derivado a especialista');
INSERT INTO Turnos (dniPaciente, Legajo, estado, diagnostico, observacion) VALUES ('24138489', 15, 2, 'Dolor lumbar', 'Control en 15 días');
INSERT INTO Turnos (dniPaciente, Legajo, estado, diagnostico, observacion) VALUES ('34744773', 18, 1, 'Infección urinaria', 'Indicado análisis complementarios');
INSERT INTO Turnos (dniPaciente, Legajo, estado, diagnostico, observacion) VALUES ('38782887', 18, 2, 'Dolor lumbar', 'Evaluación continua');
INSERT INTO Turnos (dniPaciente, Legajo, estado, diagnostico, observacion) VALUES ('34966364', 16, 1, 'Infección urinaria', 'Evaluación continua');
INSERT INTO Turnos (dniPaciente, Legajo, estado, diagnostico, observacion) VALUES ('40605689', 1, 1, 'Migraña', 'Observación ambulatoria');
INSERT INTO Turnos (dniPaciente, Legajo, estado, diagnostico, observacion) VALUES ('37378571', 8, 1, 'Infección urinaria', 'Requiere estudios');
INSERT INTO Turnos (dniPaciente, Legajo, estado, diagnostico, observacion) VALUES ('39988158', 9, 1, 'Dermatitis', 'Se sugiere dieta');
INSERT INTO Turnos (dniPaciente, Legajo, estado, diagnostico, observacion) VALUES ('35842645', 16, 1, 'Colesterol alto', 'Buen estado general');
INSERT INTO Turnos (dniPaciente, Legajo, estado, diagnostico, observacion) VALUES ('25884207', 7, 2, 'Alergia estacional', 'Derivado a especialista');
INSERT INTO Turnos (dniPaciente, Legajo, estado, diagnostico, observacion) VALUES ('36377977', 8, 2, 'Colesterol alto', 'Se sugiere dieta');
INSERT INTO Turnos (dniPaciente, Legajo, estado, diagnostico, observacion) VALUES ('34744773', 4, 2, 'Ansiedad', 'No se evidencian complicaciones');
INSERT INTO Turnos (dniPaciente, Legajo, estado, diagnostico, observacion) VALUES ('38131456', 2, 1, 'Colesterol alto', 'Se sugiere dieta');
INSERT INTO Turnos (dniPaciente, Legajo, estado, diagnostico, observacion) VALUES ('35066780', 9, 1, 'Sinusitis', 'Buen estado general');
INSERT INTO Turnos (dniPaciente, Legajo, estado, diagnostico, observacion) VALUES ('27577579', 19, 0, 'Dermatitis', 'Evaluación continua');
INSERT INTO Turnos (dniPaciente, Legajo, estado, diagnostico, observacion) VALUES ('17677374', 17, 1, 'Hipertensión', 'Evaluación continua');
INSERT INTO Turnos (dniPaciente, Legajo, estado, diagnostico, observacion) VALUES ('22837055', 17, 1, 'Gripe común', 'Recomendado reposo');
INSERT INTO Turnos (dniPaciente, Legajo, estado, diagnostico, observacion) VALUES ('34320532', 19, 1, 'Colesterol alto', 'Buen estado general');
INSERT INTO Turnos (dniPaciente, Legajo, estado, diagnostico, observacion) VALUES ('39150945', 8, 1, 'Colesterol alto', 'Se sugiere dieta');
INSERT INTO Turnos (dniPaciente, Legajo, estado, diagnostico, observacion) VALUES ('30750347', 14, 1, 'Infección urinaria', 'Se sugiere dieta');
INSERT INTO Turnos (dniPaciente, Legajo, estado, diagnostico, observacion) VALUES ('30602414', 15, 2, 'Colesterol alto', 'Derivado a especialista');
INSERT INTO Turnos (dniPaciente, Legajo, estado, diagnostico, observacion) VALUES ('41223637', 9, 1, 'Dermatitis', 'Observación ambulatoria');
INSERT INTO Turnos (dniPaciente, Legajo, estado, diagnostico, observacion) VALUES ('40513773', 5, 2, 'Hipertensión', 'Observación ambulatoria');
INSERT INTO Turnos (dniPaciente, Legajo, estado, diagnostico, observacion) VALUES ('40501050', 17, 2, 'Ansiedad', 'Buen estado general');
INSERT INTO Turnos (dniPaciente, Legajo, estado, diagnostico, observacion) VALUES ('30726894', 2, 0, 'Hipertensión', 'Recomendado reposo');
INSERT INTO Turnos (dniPaciente, Legajo, estado, diagnostico, observacion) VALUES ('38782887', 16, 2, 'Ansiedad', 'Se sugiere dieta');
INSERT INTO Turnos (dniPaciente, Legajo, estado, diagnostico, observacion) VALUES ('23464827', 18, 2, 'Dolor lumbar', 'Se sugiere dieta');
INSERT INTO Turnos (dniPaciente, Legajo, estado, diagnostico, observacion) VALUES ('26888253', 12, 2, 'Colesterol alto', 'Derivado a especialista');
INSERT INTO Turnos (dniPaciente, Legajo, estado, diagnostico, observacion) VALUES ('18127581', 18, 2, 'Dolor lumbar', 'Se sugiere dieta');
INSERT INTO Turnos (dniPaciente, Legajo, estado, diagnostico, observacion) VALUES ('17485785', 16, 2, 'Migraña', 'Observación ambulatoria');
INSERT INTO Turnos (dniPaciente, Legajo, estado, diagnostico, observacion) VALUES ('24090446', 5, 1, 'Infección urinaria', 'Observación ambulatoria');
INSERT INTO Turnos (dniPaciente, Legajo, estado, diagnostico, observacion) VALUES ('31793059', 13, 2, 'Migraña', 'Control en 15 días');
INSERT INTO Turnos (dniPaciente, Legajo, estado, diagnostico, observacion) VALUES ('43181122', 11, 1, 'Dolor lumbar', 'No se evidencian complicaciones');
INSERT INTO Turnos (dniPaciente, Legajo, estado, diagnostico, observacion) VALUES ('37727018', 15, 2, 'Infección urinaria', 'No se evidencian complicaciones');
INSERT INTO Turnos (dniPaciente, Legajo, estado, diagnostico, observacion) VALUES ('22435541', 14, 1, 'Gripe común', 'Control en 15 días');
INSERT INTO Turnos (dniPaciente, Legajo, estado, diagnostico, observacion) VALUES ('28941542', 9, 2, 'Migraña', 'Derivado a especialista');
INSERT INTO Turnos (dniPaciente, Legajo, estado, diagnostico, observacion) VALUES ('19060227', 4, 2, 'Ansiedad', 'Requiere estudios');
INSERT INTO Turnos (dniPaciente, Legajo, estado, diagnostico, observacion) VALUES ('23567342', 13, 2, 'Migraña', 'Indicado análisis complementarios');
INSERT INTO Turnos (dniPaciente, Legajo, estado, diagnostico, observacion) VALUES ('40097895', 3, 2, 'Dermatitis', 'Buen estado general');
INSERT INTO Turnos (dniPaciente, Legajo, estado, diagnostico, observacion) VALUES ('22633172', 10, 2, 'Hipertensión', 'Requiere estudios');
INSERT INTO Turnos (dniPaciente, Legajo, estado, diagnostico, observacion) VALUES ('34372723', 2, 1, 'Infección urinaria', 'Evaluación continua');
INSERT INTO Turnos (dniPaciente, Legajo, estado, diagnostico, observacion) VALUES ('38131456', 9, 1, 'Sinusitis', 'Control en 15 días');
INSERT INTO Turnos (dniPaciente, Legajo, estado, diagnostico, observacion) VALUES ('37278801', 19, 1, 'Sinusitis', 'Buen estado general');
INSERT INTO Turnos (dniPaciente, Legajo, estado, diagnostico, observacion) VALUES ('27109159', 18, 2, 'Ansiedad', 'Buen estado general');
INSERT INTO Turnos (dniPaciente, Legajo, estado, diagnostico, observacion) VALUES ('27221244', 5, 0, 'Sinusitis', 'Control en 15 días');
INSERT INTO Turnos (dniPaciente, Legajo, estado, diagnostico, observacion) VALUES ('39926952', 18, 2, 'Ansiedad', 'Evaluación continua');
INSERT INTO Turnos (dniPaciente, Legajo, estado, diagnostico, observacion) VALUES ('22790951', 14, 1, 'Alergia estacional', 'Recomendado reposo');
INSERT INTO Turnos (dniPaciente, Legajo, estado, diagnostico, observacion) VALUES ('46264544', 14, 1, 'Alergia estacional', 'Control en 15 días');
INSERT INTO Turnos (dniPaciente, Legajo, estado, diagnostico, observacion) VALUES ('33483090', 13, 1, 'Dolor lumbar', 'Indicado análisis complementarios');
INSERT INTO Turnos (dniPaciente, Legajo, estado, diagnostico, observacion) VALUES ('28370299', 17, 2, 'Colesterol alto', 'Buen estado general');
INSERT INTO Turnos (dniPaciente, Legajo, estado, diagnostico, observacion) VALUES ('38286814', 18, 1, 'Alergia estacional', 'Indicado análisis complementarios');
INSERT INTO Turnos (dniPaciente, Legajo, estado, diagnostico, observacion) VALUES ('23215552', 4, 1, 'Ansiedad', 'Buen estado general');
INSERT INTO Turnos (dniPaciente, Legajo, estado, diagnostico, observacion) VALUES ('16829589', 7, 0, 'Gripe común', 'Requiere estudios');
INSERT INTO Turnos (dniPaciente, Legajo, estado, diagnostico, observacion) VALUES ('19060227', 10, 1, 'Ansiedad', 'Recomendado reposo');
INSERT INTO Turnos (dniPaciente, Legajo, estado, diagnostico, observacion) VALUES ('20194119', 1, 1, 'Dermatitis', 'Buen estado general');
INSERT INTO Turnos (dniPaciente, Legajo, estado, diagnostico, observacion) VALUES ('30750347', 12, 2, 'Gripe común', 'Se sugiere dieta');
INSERT INTO Turnos (dniPaciente, Legajo, estado, diagnostico, observacion) VALUES ('27577579', 5, 1, 'Dermatitis', 'Indicado análisis complementarios');
INSERT INTO Turnos (dniPaciente, Legajo, estado, diagnostico, observacion) VALUES ('19444504', 7, 1, 'Dermatitis', 'Recomendado reposo');
INSERT INTO Turnos (dniPaciente, Legajo, estado, diagnostico, observacion) VALUES ('22790951', 8, 2, 'Ansiedad', 'Derivado a especialista');
INSERT INTO Turnos (dniPaciente, Legajo, estado, diagnostico, observacion) VALUES ('17677374', 7, 2, 'Migraña', 'Requiere estudios');
INSERT INTO Turnos (dniPaciente, Legajo, estado, diagnostico, observacion) VALUES ('33820911', 16, 2, 'Dolor lumbar', 'Se sugiere dieta');
INSERT INTO Turnos (dniPaciente, Legajo, estado, diagnostico, observacion) VALUES ('25625385', 2, 2, 'Sinusitis', 'Indicado análisis complementarios');
INSERT INTO Turnos (dniPaciente, Legajo, estado, diagnostico, observacion) VALUES ('44556307', 10, 1, 'Gripe común', 'Derivado a especialista');
INSERT INTO Turnos (dniPaciente, Legajo, estado, diagnostico, observacion) VALUES ('26732589', 14, 0, 'Dolor lumbar', 'No se evidencian complicaciones');
INSERT INTO Turnos (dniPaciente, Legajo, estado, diagnostico, observacion) VALUES ('37800844', 1, 2, 'Ansiedad', 'No se evidencian complicaciones');
INSERT INTO Turnos (dniPaciente, Legajo, estado, diagnostico, observacion) VALUES ('23567342', 3, 1, 'Migraña', 'No se evidencian complicaciones');
INSERT INTO Turnos (dniPaciente, Legajo, estado, diagnostico, observacion) VALUES ('20703704', 2, 1, 'Hipertensión', 'Requiere estudios');
INSERT INTO Turnos (dniPaciente, Legajo, estado, diagnostico, observacion) VALUES ('17033823', 16, 1, 'Sinusitis', 'Se sugiere dieta');
INSERT INTO Turnos (dniPaciente, Legajo, estado, diagnostico, observacion) VALUES ('39161696', 7, 2, 'Infección urinaria', 'Control en 15 días');
INSERT INTO Turnos (dniPaciente, Legajo, estado, diagnostico, observacion) VALUES ('35439044', 16, 1, 'Dolor lumbar', 'Requiere estudios');
INSERT INTO Turnos (dniPaciente, Legajo, estado, diagnostico, observacion) VALUES ('46264544', 19, 1, 'Infección urinaria', 'Evaluación continua');
INSERT INTO Turnos (dniPaciente, Legajo, estado, diagnostico, observacion) VALUES ('26675635', 18, 0, 'Hipertensión', 'Evaluación continua');
INSERT INTO Turnos (dniPaciente, Legajo, estado, diagnostico, observacion) VALUES ('39150945', 18, 1, 'Sinusitis', 'Observación ambulatoria');
INSERT INTO Turnos (dniPaciente, Legajo, estado, diagnostico, observacion) VALUES ('22224730', 20, 1, 'Colesterol alto', 'Derivado a especialista');
INSERT INTO Turnos (dniPaciente, Legajo, estado, diagnostico, observacion) VALUES ('43893819', 18, 1, 'Sinusitis', 'Evaluación continua');
INSERT INTO Turnos (dniPaciente, Legajo, estado, diagnostico, observacion) VALUES ('40097895', 20, 1, 'Infección urinaria', 'Indicado análisis complementarios');
INSERT INTO Turnos (dniPaciente, Legajo, estado, diagnostico, observacion) VALUES ('46294643', 3, 2, 'Hipertensión', 'Control en 15 días');
INSERT INTO Turnos (dniPaciente, Legajo, estado, diagnostico, observacion) VALUES ('42828304', 4, 1, 'Gripe común', 'No se evidencian complicaciones');
INSERT INTO Turnos (dniPaciente, Legajo, estado, diagnostico, observacion) VALUES ('26650225', 16, 2, 'Colesterol alto', 'Buen estado general');
INSERT INTO Turnos (dniPaciente, Legajo, estado, diagnostico, observacion) VALUES ('37378571', 20, 0, 'Alergia estacional', 'Evaluación continua');
INSERT INTO Turnos (dniPaciente, Legajo, estado, diagnostico, observacion) VALUES ('32034970', 15, 2, 'Infección urinaria', 'Requiere estudios');
INSERT INTO Turnos (dniPaciente, Legajo, estado, diagnostico, observacion) VALUES ('44582633', 12, 2, 'Colesterol alto', 'Buen estado general');
INSERT INTO Turnos (dniPaciente, Legajo, estado, diagnostico, observacion) VALUES ('35718501', 3, 1, 'Alergia estacional', 'Requiere estudios');
INSERT INTO Turnos (dniPaciente, Legajo, estado, diagnostico, observacion) VALUES ('36804899', 8, 1, 'Alergia estacional', 'Requiere estudios');
INSERT INTO Turnos (dniPaciente, Legajo, estado, diagnostico, observacion) VALUES ('30726894', 6, 2, 'Dermatitis', 'Indicado análisis complementarios');
INSERT INTO Turnos (dniPaciente, Legajo, estado, diagnostico, observacion) VALUES ('35066780', 12, 1, 'Dermatitis', 'Indicado análisis complementarios');
INSERT INTO Turnos (dniPaciente, Legajo, estado, diagnostico, observacion) VALUES ('19444504', 18, 1, 'Hipertensión', 'Requiere estudios');
INSERT INTO Turnos (dniPaciente, Legajo, estado, diagnostico, observacion) VALUES ('38173004', 12, 2, 'Infección urinaria', 'Se sugiere dieta');
INSERT INTO Turnos (dniPaciente, Legajo, estado, diagnostico, observacion) VALUES ('33428753', 14, 2, 'Colesterol alto', 'Derivado a especialista');
INSERT INTO Turnos (dniPaciente, Legajo, estado, diagnostico, observacion) VALUES ('43004361', 13, 2, 'Dolor lumbar', 'Se sugiere dieta');
INSERT INTO Turnos (dniPaciente, Legajo, estado, diagnostico, observacion) VALUES ('41606412', 13, 2, 'Dolor lumbar', 'No se evidencian complicaciones');
INSERT INTO Turnos (dniPaciente, Legajo, estado, diagnostico, observacion) VALUES ('23382113', 10, 1, 'Alergia estacional', 'Derivado a especialista');
INSERT INTO Turnos (dniPaciente, Legajo, estado, diagnostico, observacion) VALUES ('43437192', 9, 1, 'Colesterol alto', 'No se evidencian complicaciones');
INSERT INTO Turnos (dniPaciente, Legajo, estado, diagnostico, observacion) VALUES ('20457765', 15, 1, 'Dolor lumbar', 'Se sugiere dieta');
INSERT INTO Turnos (dniPaciente, Legajo, estado, diagnostico, observacion) VALUES ('16283698', 8, 2, 'Migraña', 'No se evidencian complicaciones');
INSERT INTO Turnos (dniPaciente, Legajo, estado, diagnostico, observacion) VALUES ('16403543', 3, 1, 'Ansiedad', 'Control en 15 días');
INSERT INTO Turnos (dniPaciente, Legajo, estado, diagnostico, observacion) VALUES ('33519275', 19, 2, 'Colesterol alto', 'Buen estado general');
INSERT INTO Turnos (dniPaciente, Legajo, estado, diagnostico, observacion) VALUES ('35066780', 13, 2, 'Infección urinaria', 'Se sugiere dieta');
INSERT INTO Turnos (dniPaciente, Legajo, estado, diagnostico, observacion) VALUES ('32335133', 14, 1, 'Alergia estacional', 'No se evidencian complicaciones');
INSERT INTO Turnos (dniPaciente, Legajo, estado, diagnostico, observacion) VALUES ('33428753', 13, 1, 'Gripe común', 'Se sugiere dieta');
INSERT INTO Turnos (dniPaciente, Legajo, estado, diagnostico, observacion) VALUES ('20194119', 11, 2, 'Hipertensión', 'Recomendado reposo');
INSERT INTO Turnos (dniPaciente, Legajo, estado, diagnostico, observacion) VALUES ('31977226', 15, 2, 'Sinusitis', 'Indicado análisis complementarios');
INSERT INTO Turnos (dniPaciente, Legajo, estado, diagnostico, observacion) VALUES ('23215552', 13, 1, 'Migraña', 'Evaluación continua');
INSERT INTO Turnos (dniPaciente, Legajo, estado, diagnostico, observacion) VALUES ('42012854', 18, 1, 'Dermatitis', 'Requiere estudios');
INSERT INTO Turnos (dniPaciente, Legajo, estado, diagnostico, observacion) VALUES ('22837055', 5, 1, 'Sinusitis', 'Derivado a especialista');
INSERT INTO Turnos (dniPaciente, Legajo, estado, diagnostico, observacion) VALUES ('18127581', 19, 2, 'Sinusitis', 'Derivado a especialista');
INSERT INTO Turnos (dniPaciente, Legajo, estado, diagnostico, observacion) VALUES ('38394432', 14, 2, 'Colesterol alto', 'Indicado análisis complementarios');
INSERT INTO Turnos (dniPaciente, Legajo, estado, diagnostico, observacion) VALUES ('25814747', 14, 1, 'Infección urinaria', 'Se sugiere dieta');
INSERT INTO Turnos (dniPaciente, Legajo, estado, diagnostico, observacion) VALUES ('32992829', 10, 2, 'Colesterol alto', 'Evaluación continua');
INSERT INTO Turnos (dniPaciente, Legajo, estado, diagnostico, observacion) VALUES ('39161696', 2, 1, 'Infección urinaria', 'Control en 15 días');
INSERT INTO Turnos (dniPaciente, Legajo, estado, diagnostico, observacion) VALUES ('40585616', 4, 0, 'Colesterol alto', 'Control en 15 días');
INSERT INTO Turnos (dniPaciente, Legajo, estado, diagnostico, observacion) VALUES ('37575276', 1, 2, 'Migraña', 'Buen estado general');
INSERT INTO Turnos (dniPaciente, Legajo, estado, diagnostico, observacion) VALUES ('43437192', 11, 2, 'Alergia estacional', 'Derivado a especialista');
INSERT INTO Turnos (dniPaciente, Legajo, estado, diagnostico, observacion) VALUES ('27577579', 9, 1, 'Hipertensión', 'Recomendado reposo');
INSERT INTO Turnos (dniPaciente, Legajo, estado, diagnostico, observacion) VALUES ('28941542', 17, 1, 'Gripe común', 'Buen estado general');
INSERT INTO Turnos (dniPaciente, Legajo, estado, diagnostico, observacion) VALUES ('22837055', 20, 0, 'Gripe común', 'Indicado análisis complementarios');
INSERT INTO Turnos (dniPaciente, Legajo, estado, diagnostico, observacion) VALUES ('37727018', 12, 1, 'Dolor lumbar', 'Observación ambulatoria');
INSERT INTO Turnos (dniPaciente, Legajo, estado, diagnostico, observacion) VALUES ('34320532', 17, 0, 'Infección urinaria', 'Evaluación continua');
INSERT INTO Turnos (dniPaciente, Legajo, estado, diagnostico, observacion) VALUES ('20269961', 3, 1, 'Ansiedad', 'Requiere estudios');
INSERT INTO Turnos (dniPaciente, Legajo, estado, diagnostico, observacion) VALUES ('43437192', 2, 2, 'Dolor lumbar', 'Se sugiere dieta');
INSERT INTO Turnos (dniPaciente, Legajo, estado, diagnostico, observacion) VALUES ('38286814', 6, 1, 'Infección urinaria', 'Se sugiere dieta');
INSERT INTO Turnos (dniPaciente, Legajo, estado, diagnostico, observacion) VALUES ('26732589', 17, 2, 'Dolor lumbar', 'Observación ambulatoria');
INSERT INTO Turnos (dniPaciente, Legajo, estado, diagnostico, observacion) VALUES ('34372723', 18, 1, 'Infección urinaria', 'Observación ambulatoria');
INSERT INTO Turnos (dniPaciente, Legajo, estado, diagnostico, observacion) VALUES ('31394887', 13, 2, 'Colesterol alto', 'Derivado a especialista');
INSERT INTO Turnos (dniPaciente, Legajo, estado, diagnostico, observacion) VALUES ('31793059', 5, 2, 'Colesterol alto', 'Se sugiere dieta');
INSERT INTO Turnos (dniPaciente, Legajo, estado, diagnostico, observacion) VALUES ('32994763', 7, 1, 'Sinusitis', 'Derivado a especialista');
INSERT INTO Turnos (dniPaciente, Legajo, estado, diagnostico, observacion) VALUES ('45105308', 17, 1, 'Hipertensión', 'No se evidencian complicaciones');
INSERT INTO Turnos (dniPaciente, Legajo, estado, diagnostico, observacion) VALUES ('17599909', 3, 1, 'Migraña', 'Control en 15 días');
INSERT INTO Turnos (dniPaciente, Legajo, estado, diagnostico, observacion) VALUES ('23898737', 1, 1, 'Dermatitis', 'Observación ambulatoria');
INSERT INTO Turnos (dniPaciente, Legajo, estado, diagnostico, observacion) VALUES ('38286814', 9, 2, 'Migraña', 'Control en 15 días');
-- Script SQL para inserción de datos en la base de datos de la clínica médica
-- Sexos

-- Paises

-- Provincias

-- Localidades

-- ObraSocial

-- Especialidades

-- EstadoTurnos

-- Persona

-- Correos

-- Telefonos

-- Paciente

-- Roles

-- Usuario

-- Medico

-- Jornadas

-- Turnos