USE ClinicaDB;
GO
INSERT INTO Sexos (idSexo, descripcion) VALUES (1, 'Masculino'); -- SEXOS
INSERT INTO Sexos (idSexo, descripcion) VALUES (2, 'Femenino');
INSERT INTO Sexos (idSexo, descripcion) VALUES (3, 'Otro');

INSERT INTO Paises (idPais, nombrePais, gentilicio) VALUES (1, 'Argentina', 'Argentino'); --PAISES
INSERT INTO Paises (idPais, nombrePais, gentilicio) VALUES (2, 'Brasil', 'Brasileño');
INSERT INTO Paises (idPais, nombrePais, gentilicio) VALUES (3, 'Chile', 'Chileno');
INSERT INTO Paises (idPais, nombrePais, gentilicio) VALUES (4, 'Uruguay', 'Uruguayo');
INSERT INTO Paises (idPais, nombrePais, gentilicio) VALUES (5, 'Colombia', 'Colombiano');
INSERT INTO Paises (idPais, nombrePais, gentilicio) VALUES (6, 'México', 'Mexicano');
INSERT INTO Paises (idPais, nombrePais, gentilicio) VALUES (7, 'Estados Unidos', 'Estadounidense');
INSERT INTO Paises (idPais, nombrePais, gentilicio) VALUES (8, 'Canadá', 'Canadiense');
INSERT INTO Paises (idPais, nombrePais, gentilicio) VALUES (9, 'Perú', 'Peruano');
INSERT INTO Paises (idPais, nombrePais, gentilicio) VALUES (10, 'Venezuela', 'Venezolano');
INSERT INTO Paises (idPais, nombrePais, gentilicio) VALUES (11, 'España', 'Español');
INSERT INTO Paises (idPais, nombrePais, gentilicio) VALUES (12, 'Francia', 'Francés');
INSERT INTO Paises (idPais, nombrePais, gentilicio) VALUES (13, 'Italia', 'Italiano');
INSERT INTO Paises (idPais, nombrePais, gentilicio) VALUES (14, 'Alemania', 'Alemán');
INSERT INTO Paises (idPais, nombrePais, gentilicio) VALUES (15, 'Reino Unido', 'Británico');
INSERT INTO Paises (idPais, nombrePais, gentilicio) VALUES (16, 'Portugal', 'Portugués');
INSERT INTO Paises (idPais, nombrePais, gentilicio) VALUES (17, 'Países Bajos', 'Neerlandés');
INSERT INTO Paises (idPais, nombrePais, gentilicio) VALUES (18, 'Suecia', 'Sueco');
INSERT INTO Paises (idPais, nombrePais, gentilicio) VALUES (19, 'Noruega', 'Noruego');
INSERT INTO Paises (idPais, nombrePais, gentilicio) VALUES (20, 'Suiza', 'Suizo');

INSERT INTO Provincias (idProvincia, nombreProvincia) VALUES (1, 'Buenos Aires'); --PROVINCIAS
INSERT INTO Provincias (idProvincia, nombreProvincia) VALUES (2, 'Catamarca');
INSERT INTO Provincias (idProvincia, nombreProvincia) VALUES (3, 'Chaco');
INSERT INTO Provincias (idProvincia, nombreProvincia) VALUES (4, 'Chubut');
INSERT INTO Provincias (idProvincia, nombreProvincia) VALUES (5, 'Ciudad Autónoma de Buenos Aires');
INSERT INTO Provincias (idProvincia, nombreProvincia) VALUES (6, 'Córdoba');
INSERT INTO Provincias (idProvincia, nombreProvincia) VALUES (7, 'Corrientes');
INSERT INTO Provincias (idProvincia, nombreProvincia) VALUES (8, 'Entre Ríos');
INSERT INTO Provincias (idProvincia, nombreProvincia) VALUES (9, 'Formosa');
INSERT INTO Provincias (idProvincia, nombreProvincia) VALUES (10, 'Jujuy');
INSERT INTO Provincias (idProvincia, nombreProvincia) VALUES (11, 'La Pampa');
INSERT INTO Provincias (idProvincia, nombreProvincia) VALUES (12, 'La Rioja');
INSERT INTO Provincias (idProvincia, nombreProvincia) VALUES (13, 'Mendoza');
INSERT INTO Provincias (idProvincia, nombreProvincia) VALUES (14, 'Misiones');
INSERT INTO Provincias (idProvincia, nombreProvincia) VALUES (15, 'Neuquén');
INSERT INTO Provincias (idProvincia, nombreProvincia) VALUES (16, 'Río Negro');
INSERT INTO Provincias (idProvincia, nombreProvincia) VALUES (17, 'Salta');
INSERT INTO Provincias (idProvincia, nombreProvincia) VALUES (18, 'San Juan');
INSERT INTO Provincias (idProvincia, nombreProvincia) VALUES (19, 'San Luis');
INSERT INTO Provincias (idProvincia, nombreProvincia) VALUES (20, 'Santa Cruz');
INSERT INTO Provincias (idProvincia, nombreProvincia) VALUES (21, 'Santa Fe');
INSERT INTO Provincias (idProvincia, nombreProvincia) VALUES (22, 'Santiago del Estero');
INSERT INTO Provincias (idProvincia, nombreProvincia) VALUES (23, 'Tierra del Fuego');
INSERT INTO Provincias (idProvincia, nombreProvincia) VALUES (24, 'Tucumán');
--Provincia extranjera
INSERT INTO Provincias (idProvincia, nombreProvincia) VALUES (25, 'Extranjero');

--Localidades
--Localidades Buenos Aires
INSERT INTO Localidades (idLocalidad, nombreLocalidad, idProvincia) VALUES (1, 'La Plata', 1); --LOCALIDADES
INSERT INTO Localidades (idLocalidad, nombreLocalidad, idProvincia) VALUES (2, 'Mar del Plata', 1);
INSERT INTO Localidades (idLocalidad, nombreLocalidad, idProvincia) VALUES (3, 'Bahía Blanca', 1);
INSERT INTO Localidades (idLocalidad, nombreLocalidad, idProvincia) VALUES (4, 'Tandil', 1);
INSERT INTO Localidades (idLocalidad, nombreLocalidad, idProvincia) VALUES (5, 'Olavarría', 1);
INSERT INTO Localidades (idLocalidad, nombreLocalidad, idProvincia) VALUES (6, 'San Nicolás de los Arroyos', 1);
INSERT INTO Localidades (idLocalidad, nombreLocalidad, idProvincia) VALUES (7, 'Pergamino', 1);
INSERT INTO Localidades (idLocalidad, nombreLocalidad, idProvincia) VALUES (8, 'Junín', 1);
INSERT INTO Localidades (idLocalidad, nombreLocalidad, idProvincia) VALUES (9, 'Avellaneda', 1);
INSERT INTO Localidades (idLocalidad, nombreLocalidad, idProvincia) VALUES (10, 'Quilmes', 1);
INSERT INTO Localidades (idLocalidad, nombreLocalidad, idProvincia) VALUES (11, 'Morón', 1);
INSERT INTO Localidades (idLocalidad, nombreLocalidad, idProvincia) VALUES (12, 'Lomas de Zamora', 1);
INSERT INTO Localidades (idLocalidad, nombreLocalidad, idProvincia) VALUES (13, 'Tres de Febrero', 1);
INSERT INTO Localidades (idLocalidad, nombreLocalidad, idProvincia) VALUES (14, 'San Isidro', 1);
INSERT INTO Localidades (idLocalidad, nombreLocalidad, idProvincia) VALUES (15, 'Tigre', 1);
--Localidades Catamarca
INSERT INTO Localidades (idLocalidad, nombreLocalidad, idProvincia) VALUES (16, 'San Fernando del Valle de Catamarca', 2);
INSERT INTO Localidades (idLocalidad, nombreLocalidad, idProvincia) VALUES (17, 'Valle Viejo', 2);
INSERT INTO Localidades (idLocalidad, nombreLocalidad, idProvincia) VALUES (18, 'Fray Mamerto Esquiú', 2);
INSERT INTO Localidades (idLocalidad, nombreLocalidad, idProvincia) VALUES (19, 'Andalgalá', 2);
INSERT INTO Localidades (idLocalidad, nombreLocalidad, idProvincia) VALUES (20, 'Belén', 2);
INSERT INTO Localidades (idLocalidad, nombreLocalidad, idProvincia) VALUES (21, 'Tinogasta', 2);
INSERT INTO Localidades (idLocalidad, nombreLocalidad, idProvincia) VALUES (22, 'Santa María', 2);
INSERT INTO Localidades (idLocalidad, nombreLocalidad, idProvincia) VALUES (23, 'Recreo', 2);
INSERT INTO Localidades (idLocalidad, nombreLocalidad, idProvincia) VALUES (24, 'Capayán', 2);
INSERT INTO Localidades (idLocalidad, nombreLocalidad, idProvincia) VALUES (25, 'La Puerta', 2);
INSERT INTO Localidades (idLocalidad, nombreLocalidad, idProvincia) VALUES (26, 'Pomán', 2);
INSERT INTO Localidades (idLocalidad, nombreLocalidad, idProvincia) VALUES (27, 'El Rodeo', 2);
INSERT INTO Localidades (idLocalidad, nombreLocalidad, idProvincia) VALUES (28, 'Los Altos', 2);
--Localidades Chaco
INSERT INTO Localidades (idLocalidad, nombreLocalidad, idProvincia) VALUES (29, 'Resistencia', 3);
INSERT INTO Localidades (idLocalidad, nombreLocalidad, idProvincia) VALUES (30, 'Barranqueras', 3);
INSERT INTO Localidades (idLocalidad, nombreLocalidad, idProvincia) VALUES (31, 'Fontana', 3);
INSERT INTO Localidades (idLocalidad, nombreLocalidad, idProvincia) VALUES (32, 'Presidencia Roque Sáenz Peña', 3);
INSERT INTO Localidades (idLocalidad, nombreLocalidad, idProvincia) VALUES (33, 'Villa Ángela', 3);
INSERT INTO Localidades (idLocalidad, nombreLocalidad, idProvincia) VALUES (34, 'Charata', 3);
INSERT INTO Localidades (idLocalidad, nombreLocalidad, idProvincia) VALUES (35, 'Quitilipi', 3);
INSERT INTO Localidades (idLocalidad, nombreLocalidad, idProvincia) VALUES (36, 'Machagai', 3);
INSERT INTO Localidades (idLocalidad, nombreLocalidad, idProvincia) VALUES (37, 'General José de San Martín', 3);
INSERT INTO Localidades (idLocalidad, nombreLocalidad, idProvincia) VALUES (38, 'Las Breñas', 3);
INSERT INTO Localidades (idLocalidad, nombreLocalidad, idProvincia) VALUES (39, 'Juan José Castelli', 3);
INSERT INTO Localidades (idLocalidad, nombreLocalidad, idProvincia) VALUES (40, 'Puerto Vilelas', 3);
INSERT INTO Localidades (idLocalidad, nombreLocalidad, idProvincia) VALUES (41, 'La Leonesa', 3);
INSERT INTO Localidades (idLocalidad, nombreLocalidad, idProvincia) VALUES (42, 'Puerto Tirol', 3);
INSERT INTO Localidades (idLocalidad, nombreLocalidad, idProvincia) VALUES (43, 'Presidencia de la Plaza', 3);
--Localidades Chubut
INSERT INTO Localidades (idLocalidad, nombreLocalidad, idProvincia) VALUES (44, 'Rawson', 4);
INSERT INTO Localidades (idLocalidad, nombreLocalidad, idProvincia) VALUES (45, 'Trelew', 4);
INSERT INTO Localidades (idLocalidad, nombreLocalidad, idProvincia) VALUES (46, 'Comodoro Rivadavia', 4);
INSERT INTO Localidades (idLocalidad, nombreLocalidad, idProvincia) VALUES (47, 'Puerto Madryn', 4);
INSERT INTO Localidades (idLocalidad, nombreLocalidad, idProvincia) VALUES (48, 'Esquel', 4);
INSERT INTO Localidades (idLocalidad, nombreLocalidad, idProvincia) VALUES (49, 'Gaiman', 4);
INSERT INTO Localidades (idLocalidad, nombreLocalidad, idProvincia) VALUES (50, 'Dolavon', 4);
INSERT INTO Localidades (idLocalidad, nombreLocalidad, idProvincia) VALUES (51, 'El Hoyo', 4);
INSERT INTO Localidades (idLocalidad, nombreLocalidad, idProvincia) VALUES (52, 'Lago Puelo', 4);
INSERT INTO Localidades (idLocalidad, nombreLocalidad, idProvincia) VALUES (53, 'Sarmiento', 4);
INSERT INTO Localidades (idLocalidad, nombreLocalidad, idProvincia) VALUES (54, 'Rada Tilly', 4);
INSERT INTO Localidades (idLocalidad, nombreLocalidad, idProvincia) VALUES (55, 'Paso de Indios', 4);
INSERT INTO Localidades (idLocalidad, nombreLocalidad, idProvincia) VALUES (56, 'José de San Martín', 4);
INSERT INTO Localidades (idLocalidad, nombreLocalidad, idProvincia) VALUES (57, 'Gobernador Costa', 4);
--Localidades Ciudad Autonoma de Buenos Aires
INSERT INTO Localidades (idLocalidad, nombreLocalidad, idProvincia) VALUES (58, 'Palermo', 5);
INSERT INTO Localidades (idLocalidad, nombreLocalidad, idProvincia) VALUES (59, 'Recoleta', 5);
INSERT INTO Localidades (idLocalidad, nombreLocalidad, idProvincia) VALUES (60, 'Belgrano', 5);
INSERT INTO Localidades (idLocalidad, nombreLocalidad, idProvincia) VALUES (61, 'Caballito', 5);
INSERT INTO Localidades (idLocalidad, nombreLocalidad, idProvincia) VALUES (62, 'Flores', 5);
INSERT INTO Localidades (idLocalidad, nombreLocalidad, idProvincia) VALUES (63, 'Villa Urquiza', 5);
INSERT INTO Localidades (idLocalidad, nombreLocalidad, idProvincia) VALUES (64, 'Villa Crespo', 5);
INSERT INTO Localidades (idLocalidad, nombreLocalidad, idProvincia) VALUES (65, 'Almagro', 5);
INSERT INTO Localidades (idLocalidad, nombreLocalidad, idProvincia) VALUES (66, 'San Telmo', 5);
INSERT INTO Localidades (idLocalidad, nombreLocalidad, idProvincia) VALUES (67, 'Retiro', 5);
INSERT INTO Localidades (idLocalidad, nombreLocalidad, idProvincia) VALUES (68, 'Constitución', 5);
INSERT INTO Localidades (idLocalidad, nombreLocalidad, idProvincia) VALUES (69, 'Villa Devoto', 5);
INSERT INTO Localidades (idLocalidad, nombreLocalidad, idProvincia) VALUES (70, 'Puerto Madero', 5);
INSERT INTO Localidades (idLocalidad, nombreLocalidad, idProvincia) VALUES (71, 'Liniers', 5);
INSERT INTO Localidades (idLocalidad, nombreLocalidad, idProvincia) VALUES (72, 'Barracas', 5);
--Localidades Cordoba
INSERT INTO Localidades (idLocalidad, nombreLocalidad, idProvincia) VALUES (73, 'Córdoba', 6);
INSERT INTO Localidades (idLocalidad, nombreLocalidad, idProvincia) VALUES (74, 'Villa Carlos Paz', 6);
INSERT INTO Localidades (idLocalidad, nombreLocalidad, idProvincia) VALUES (75, 'Río Cuarto', 6);
INSERT INTO Localidades (idLocalidad, nombreLocalidad, idProvincia) VALUES (76, 'Villa María', 6);
INSERT INTO Localidades (idLocalidad, nombreLocalidad, idProvincia) VALUES (77, 'Alta Gracia', 6);
INSERT INTO Localidades (idLocalidad, nombreLocalidad, idProvincia) VALUES (78, 'Jesús María', 6);
INSERT INTO Localidades (idLocalidad, nombreLocalidad, idProvincia) VALUES (79, 'Río Tercero', 6);
INSERT INTO Localidades (idLocalidad, nombreLocalidad, idProvincia) VALUES (80, 'La Falda', 6);
INSERT INTO Localidades (idLocalidad, nombreLocalidad, idProvincia) VALUES (81, 'Capilla del Monte', 6);
INSERT INTO Localidades (idLocalidad, nombreLocalidad, idProvincia) VALUES (82, 'Cosquín', 6);
INSERT INTO Localidades (idLocalidad, nombreLocalidad, idProvincia) VALUES (83, 'San Francisco', 6);
INSERT INTO Localidades (idLocalidad, nombreLocalidad, idProvincia) VALUES (84, 'Bell Ville', 6);
INSERT INTO Localidades (idLocalidad, nombreLocalidad, idProvincia) VALUES (85, 'La Cumbre', 6);
INSERT INTO Localidades (idLocalidad, nombreLocalidad, idProvincia) VALUES (86, 'Villa General Belgrano', 6);
INSERT INTO Localidades (idLocalidad, nombreLocalidad, idProvincia) VALUES (87, 'General Deheza', 6);
--Localidades Corrientes
INSERT INTO Localidades (idLocalidad, nombreLocalidad, idProvincia) VALUES (88, 'Corrientes', 7);
INSERT INTO Localidades (idLocalidad, nombreLocalidad, idProvincia) VALUES (89, 'Resistencia', 7);
INSERT INTO Localidades (idLocalidad, nombreLocalidad, idProvincia) VALUES (90, 'Goya', 7);
INSERT INTO Localidades (idLocalidad, nombreLocalidad, idProvincia) VALUES (91, 'Paso de los Libres', 7);
INSERT INTO Localidades (idLocalidad, nombreLocalidad, idProvincia) VALUES (92, 'Mercedes', 7);
INSERT INTO Localidades (idLocalidad, nombreLocalidad, idProvincia) VALUES (93, 'Curuzú Cuatiá', 7);
INSERT INTO Localidades (idLocalidad, nombreLocalidad, idProvincia) VALUES (94, 'Itatí', 7);
INSERT INTO Localidades (idLocalidad, nombreLocalidad, idProvincia) VALUES (95, 'Santa Lucía', 7);
INSERT INTO Localidades (idLocalidad, nombreLocalidad, idProvincia) VALUES (96, 'Monte Caseros', 7);
INSERT INTO Localidades (idLocalidad, nombreLocalidad, idProvincia) VALUES (97, 'Bella Vista', 7);
INSERT INTO Localidades (idLocalidad, nombreLocalidad, idProvincia) VALUES (98, 'San Roque', 7);
INSERT INTO Localidades (idLocalidad, nombreLocalidad, idProvincia) VALUES (99, 'San Cosme', 7);
INSERT INTO Localidades (idLocalidad, nombreLocalidad, idProvincia) VALUES (100, 'Paso de la Patria', 7);
INSERT INTO Localidades (idLocalidad, nombreLocalidad, idProvincia) VALUES (101, 'Caá Catí', 7);
INSERT INTO Localidades (idLocalidad, nombreLocalidad, idProvincia) VALUES (102, 'San Luis del Palmar', 7);
--Localidades Entre Ríos
INSERT INTO Localidades (idLocalidad, nombreLocalidad, idProvincia) VALUES (103, 'Paraná', 8);
INSERT INTO Localidades (idLocalidad, nombreLocalidad, idProvincia) VALUES (104, 'Concordia', 8);
INSERT INTO Localidades (idLocalidad, nombreLocalidad, idProvincia) VALUES (105, 'Gualeguaychú', 8);
INSERT INTO Localidades (idLocalidad, nombreLocalidad, idProvincia) VALUES (106, 'Concepción del Uruguay', 8);
INSERT INTO Localidades (idLocalidad, nombreLocalidad, idProvincia) VALUES (107, 'Victoria', 8);
INSERT INTO Localidades (idLocalidad, nombreLocalidad, idProvincia) VALUES (108, 'Colón', 8);
INSERT INTO Localidades (idLocalidad, nombreLocalidad, idProvincia) VALUES (109, 'Villaguay', 8);
INSERT INTO Localidades (idLocalidad, nombreLocalidad, idProvincia) VALUES (110, 'Gualeguay', 8);
INSERT INTO Localidades (idLocalidad, nombreLocalidad, idProvincia) VALUES (111, 'La Paz', 8);
INSERT INTO Localidades (idLocalidad, nombreLocalidad, idProvincia) VALUES (112, 'Federal', 8);
INSERT INTO Localidades (idLocalidad, nombreLocalidad, idProvincia) VALUES (113, 'Chajarí', 8);
INSERT INTO Localidades (idLocalidad, nombreLocalidad, idProvincia) VALUES (114, 'Basavilbaso', 8);
INSERT INTO Localidades (idLocalidad, nombreLocalidad, idProvincia) VALUES (115, 'Urdinarrain', 8);
INSERT INTO Localidades (idLocalidad, nombreLocalidad, idProvincia) VALUES (116, 'Viale', 8);
INSERT INTO Localidades (idLocalidad, nombreLocalidad, idProvincia) VALUES (117, 'San José', 8);
--Localidades Formosa
INSERT INTO Localidades (idLocalidad, nombreLocalidad, idProvincia) VALUES (118, 'Formosa', 9);
INSERT INTO Localidades (idLocalidad, nombreLocalidad, idProvincia) VALUES (119, 'Clorinda', 9);
INSERT INTO Localidades (idLocalidad, nombreLocalidad, idProvincia) VALUES (120, 'Pirané', 9);
INSERT INTO Localidades (idLocalidad, nombreLocalidad, idProvincia) VALUES (121, 'El Colorado', 9);
INSERT INTO Localidades (idLocalidad, nombreLocalidad, idProvincia) VALUES (122, 'Laguna Blanca', 9);
INSERT INTO Localidades (idLocalidad, nombreLocalidad, idProvincia) VALUES (123, 'Ibarreta', 9);
INSERT INTO Localidades (idLocalidad, nombreLocalidad, idProvincia) VALUES (124, 'Herradura', 9);
INSERT INTO Localidades (idLocalidad, nombreLocalidad, idProvincia) VALUES (125, 'El Espinillo', 9);
--Localidades Jujuy
INSERT INTO Localidades (idLocalidad, nombreLocalidad, idProvincia) VALUES (126, 'San Salvador de Jujuy', 10);
INSERT INTO Localidades (idLocalidad, nombreLocalidad, idProvincia) VALUES (127, 'Palpalá', 10);
INSERT INTO Localidades (idLocalidad, nombreLocalidad, idProvincia) VALUES (128, 'Libertador General San Martín', 10);
INSERT INTO Localidades (idLocalidad, nombreLocalidad, idProvincia) VALUES (129, 'Perico', 10);
INSERT INTO Localidades (idLocalidad, nombreLocalidad, idProvincia) VALUES (130, 'Humahuaca', 10);
INSERT INTO Localidades (idLocalidad, nombreLocalidad, idProvincia) VALUES (131, 'Tilcara', 10);
INSERT INTO Localidades (idLocalidad, nombreLocalidad, idProvincia) VALUES (132, 'La Quiaca', 10);
INSERT INTO Localidades (idLocalidad, nombreLocalidad, idProvincia) VALUES (133, 'El Carmen', 10);
--Localidades La Pampa
INSERT INTO Localidades (idLocalidad, nombreLocalidad, idProvincia) VALUES (134, 'Santa Rosa', 11);
INSERT INTO Localidades (idLocalidad, nombreLocalidad, idProvincia) VALUES (135, 'General Pico', 11);
INSERT INTO Localidades (idLocalidad, nombreLocalidad, idProvincia) VALUES (136, 'Toay', 11);
INSERT INTO Localidades (idLocalidad, nombreLocalidad, idProvincia) VALUES (137, 'Realicó', 11);
INSERT INTO Localidades (idLocalidad, nombreLocalidad, idProvincia) VALUES (138, 'Guatraché', 11);
INSERT INTO Localidades (idLocalidad, nombreLocalidad, idProvincia) VALUES (139, 'Eduardo Castex', 11);
INSERT INTO Localidades (idLocalidad, nombreLocalidad, idProvincia) VALUES (140, 'General Acha', 11);
--Localidades La Rioja
INSERT INTO Localidades (idLocalidad, nombreLocalidad, idProvincia) VALUES (141, 'La Rioja', 12);
INSERT INTO Localidades (idLocalidad, nombreLocalidad, idProvincia) VALUES (142, 'Chepes', 12);
INSERT INTO Localidades (idLocalidad, nombreLocalidad, idProvincia) VALUES (143, 'Chilecito', 12);
INSERT INTO Localidades (idLocalidad, nombreLocalidad, idProvincia) VALUES (144, 'Aimogasta', 12);
INSERT INTO Localidades (idLocalidad, nombreLocalidad, idProvincia) VALUES (145, 'Villa Unión', 12);
INSERT INTO Localidades (idLocalidad, nombreLocalidad, idProvincia) VALUES (146, 'Chamical', 12);
--Localidades Mendoza
INSERT INTO Localidades (idLocalidad, nombreLocalidad, idProvincia) VALUES (147, 'Mendoza', 13);
INSERT INTO Localidades (idLocalidad, nombreLocalidad, idProvincia) VALUES (148, 'Godoy Cruz', 13);
INSERT INTO Localidades (idLocalidad, nombreLocalidad, idProvincia) VALUES (149, 'Luján de Cuyo', 13);
INSERT INTO Localidades (idLocalidad, nombreLocalidad, idProvincia) VALUES (150, 'San Rafael', 13);
INSERT INTO Localidades (idLocalidad, nombreLocalidad, idProvincia) VALUES (151, 'Maipú', 13);
INSERT INTO Localidades (idLocalidad, nombreLocalidad, idProvincia) VALUES (152, 'Guaymallén', 13);
INSERT INTO Localidades (idLocalidad, nombreLocalidad, idProvincia) VALUES (153, 'Tunuyán', 13);
INSERT INTO Localidades (idLocalidad, nombreLocalidad, idProvincia) VALUES (154, 'San Martín', 13);
INSERT INTO Localidades (idLocalidad, nombreLocalidad, idProvincia) VALUES (155, 'Rivadavia', 13);
--Localidades Misiones
INSERT INTO Localidades (idLocalidad, nombreLocalidad, idProvincia) VALUES (156, 'Posadas', 14);
INSERT INTO Localidades (idLocalidad, nombreLocalidad, idProvincia) VALUES (157, 'Eldorado', 14);
INSERT INTO Localidades (idLocalidad, nombreLocalidad, idProvincia) VALUES (158, 'Oberá', 14);
INSERT INTO Localidades (idLocalidad, nombreLocalidad, idProvincia) VALUES (159, 'Puerto Iguazú', 14);
INSERT INTO Localidades (idLocalidad, nombreLocalidad, idProvincia) VALUES (160, 'San Vicente', 14);
INSERT INTO Localidades (idLocalidad, nombreLocalidad, idProvincia) VALUES (161, 'Apóstoles', 14);
INSERT INTO Localidades (idLocalidad, nombreLocalidad, idProvincia) VALUES (162, 'San Pedro', 14);
INSERT INTO Localidades (idLocalidad, nombreLocalidad, idProvincia) VALUES (163, 'Montecarlo', 14);
--Localidades Neuquen
INSERT INTO Localidades (idLocalidad, nombreLocalidad, idProvincia) VALUES (164, 'Neuquén', 15);
INSERT INTO Localidades (idLocalidad, nombreLocalidad, idProvincia) VALUES (165, 'Plottier', 15);
INSERT INTO Localidades (idLocalidad, nombreLocalidad, idProvincia) VALUES (166, 'Cutral Có', 15);
INSERT INTO Localidades (idLocalidad, nombreLocalidad, idProvincia) VALUES (167, 'Centenario', 15);
INSERT INTO Localidades (idLocalidad, nombreLocalidad, idProvincia) VALUES (168, 'San Martín de los Andes', 15);
INSERT INTO Localidades (idLocalidad, nombreLocalidad, idProvincia) VALUES (169, 'Villa La Angostura', 15);
INSERT INTO Localidades (idLocalidad, nombreLocalidad, idProvincia) VALUES (170, 'Zapala', 15);
--Localidades Río Negro
INSERT INTO Localidades (idLocalidad, nombreLocalidad, idProvincia) VALUES (171, 'Viedma', 16);
INSERT INTO Localidades (idLocalidad, nombreLocalidad, idProvincia) VALUES (172, 'General Roca', 16);
INSERT INTO Localidades (idLocalidad, nombreLocalidad, idProvincia) VALUES (173, 'Bariloche', 16);
INSERT INTO Localidades (idLocalidad, nombreLocalidad, idProvincia) VALUES (174, 'Cipolletti', 16);
INSERT INTO Localidades (idLocalidad, nombreLocalidad, idProvincia) VALUES (175, 'San Carlos de Bariloche', 16);
INSERT INTO Localidades (idLocalidad, nombreLocalidad, idProvincia) VALUES (176, 'Choele Choel', 16);
INSERT INTO Localidades (idLocalidad, nombreLocalidad, idProvincia) VALUES (177, 'Allen', 16);
--Localidades Salta
INSERT INTO Localidades (idLocalidad, nombreLocalidad, idProvincia) VALUES (178, 'Salta', 17);
INSERT INTO Localidades (idLocalidad, nombreLocalidad, idProvincia) VALUES (179, 'Orán', 17);
INSERT INTO Localidades (idLocalidad, nombreLocalidad, idProvincia) VALUES (180, 'San Ramón de la Nueva Orán', 17);
INSERT INTO Localidades (idLocalidad, nombreLocalidad, idProvincia) VALUES (181, 'Metán', 17);
INSERT INTO Localidades (idLocalidad, nombreLocalidad, idProvincia) VALUES (182, 'Embarcación', 17);
INSERT INTO Localidades (idLocalidad, nombreLocalidad, idProvincia) VALUES (183, 'General Güemes', 17);
INSERT INTO Localidades (idLocalidad, nombreLocalidad, idProvincia) VALUES (184, 'Tartagal', 17);
--Localidades San Juan
INSERT INTO Localidades (idLocalidad, nombreLocalidad, idProvincia) VALUES (185, 'San Juan', 18);
INSERT INTO Localidades (idLocalidad, nombreLocalidad, idProvincia) VALUES (186, 'Rawson', 18);
INSERT INTO Localidades (idLocalidad, nombreLocalidad, idProvincia) VALUES (187, 'Santa Lucía', 18);
INSERT INTO Localidades (idLocalidad, nombreLocalidad, idProvincia) VALUES (188, 'Villa Krause', 18);
INSERT INTO Localidades (idLocalidad, nombreLocalidad, idProvincia) VALUES (189, 'Chimbas', 18);
INSERT INTO Localidades (idLocalidad, nombreLocalidad, idProvincia) VALUES (190, 'Rivadavia', 18);
INSERT INTO Localidades (idLocalidad, nombreLocalidad, idProvincia) VALUES (191, 'Pocito', 18);
--Localidades San Luis
INSERT INTO Localidades (idLocalidad, nombreLocalidad, idProvincia) VALUES (192, 'San Luis', 19);
INSERT INTO Localidades (idLocalidad, nombreLocalidad, idProvincia) VALUES (193, 'Villa Mercedes', 19);
INSERT INTO Localidades (idLocalidad, nombreLocalidad, idProvincia) VALUES (194, 'Merlo', 19);
INSERT INTO Localidades (idLocalidad, nombreLocalidad, idProvincia) VALUES (195, 'La Toma', 19);
INSERT INTO Localidades (idLocalidad, nombreLocalidad, idProvincia) VALUES (196, 'Carpintería', 19);
--Localidades Santa Cruz
INSERT INTO Localidades (idLocalidad, nombreLocalidad, idProvincia) VALUES (197, 'Río Gallegos', 20);
INSERT INTO Localidades (idLocalidad, nombreLocalidad, idProvincia) VALUES (198, 'Caleta Olivia', 20);
INSERT INTO Localidades (idLocalidad, nombreLocalidad, idProvincia) VALUES (199, 'El Calafate', 20);
INSERT INTO Localidades (idLocalidad, nombreLocalidad, idProvincia) VALUES (200, 'Puerto Deseado', 20);
INSERT INTO Localidades (idLocalidad, nombreLocalidad, idProvincia) VALUES (201, 'Puerto San Julián', 20);
INSERT INTO Localidades (idLocalidad, nombreLocalidad, idProvincia) VALUES (202, 'Las Heras', 20);
INSERT INTO Localidades (idLocalidad, nombreLocalidad, idProvincia) VALUES (203, 'Perito Moreno', 20);
--Localidades Santa Fe
INSERT INTO Localidades (idLocalidad, nombreLocalidad, idProvincia) VALUES (204, 'Rosario', 21);
INSERT INTO Localidades (idLocalidad, nombreLocalidad, idProvincia) VALUES (205, 'Santa Fe', 21);
INSERT INTO Localidades (idLocalidad, nombreLocalidad, idProvincia) VALUES (206, 'Rafaela', 21);
INSERT INTO Localidades (idLocalidad, nombreLocalidad, idProvincia) VALUES (207, 'Venado Tuerto', 21);
INSERT INTO Localidades (idLocalidad, nombreLocalidad, idProvincia) VALUES (208, 'Sunchales', 21);
INSERT INTO Localidades (idLocalidad, nombreLocalidad, idProvincia) VALUES (209, 'Reconquista', 21);
INSERT INTO Localidades (idLocalidad, nombreLocalidad, idProvincia) VALUES (210, 'Firmat', 21);
INSERT INTO Localidades (idLocalidad, nombreLocalidad, idProvincia) VALUES (211, 'Esperanza', 21);
--Localidades Santiago del Estero
INSERT INTO Localidades (idLocalidad, nombreLocalidad, idProvincia) VALUES (212, 'Santiago del Estero', 22);
INSERT INTO Localidades (idLocalidad, nombreLocalidad, idProvincia) VALUES (213, 'La Banda', 22);
INSERT INTO Localidades (idLocalidad, nombreLocalidad, idProvincia) VALUES (214, 'Añatuya', 22);
INSERT INTO Localidades (idLocalidad, nombreLocalidad, idProvincia) VALUES (215, 'Loreto', 22);
INSERT INTO Localidades (idLocalidad, nombreLocalidad, idProvincia) VALUES (216, 'Sumampa', 22);
INSERT INTO Localidades (idLocalidad, nombreLocalidad, idProvincia) VALUES (217, 'Quimilí', 22);
INSERT INTO Localidades (idLocalidad, nombreLocalidad, idProvincia) VALUES (218, 'Selva', 22);
--Localidades Tierra del Fuego
INSERT INTO Localidades (idLocalidad, nombreLocalidad, idProvincia) VALUES (219, 'Ushuaia', 23);
INSERT INTO Localidades (idLocalidad, nombreLocalidad, idProvincia) VALUES (220, 'Río Grande', 23);
INSERT INTO Localidades (idLocalidad, nombreLocalidad, idProvincia) VALUES (221, 'Tolhuin', 23);
--Localidades Tucuman
INSERT INTO Localidades (idLocalidad, nombreLocalidad, idProvincia) VALUES (222, 'San Miguel de Tucumán', 24);
INSERT INTO Localidades (idLocalidad, nombreLocalidad, idProvincia) VALUES (223, 'Yerba Buena', 24);
INSERT INTO Localidades (idLocalidad, nombreLocalidad, idProvincia) VALUES (224, 'Tafí Viejo', 24);
INSERT INTO Localidades (idLocalidad, nombreLocalidad, idProvincia) VALUES (225, 'Las Talitas', 24);
INSERT INTO Localidades (idLocalidad, nombreLocalidad, idProvincia) VALUES (226, 'Alderetes', 24);
INSERT INTO Localidades (idLocalidad, nombreLocalidad, idProvincia) VALUES (227, 'Banda del Río Salí', 24);
INSERT INTO Localidades (idLocalidad, nombreLocalidad, idProvincia) VALUES (228, 'Famaillá', 24);
INSERT INTO Localidades (idLocalidad, nombreLocalidad, idProvincia) VALUES (229, 'Lules', 24);
INSERT INTO Localidades (idLocalidad, nombreLocalidad, idProvincia) VALUES (230, 'Monteros', 24);
INSERT INTO Localidades (idLocalidad, nombreLocalidad, idProvincia) VALUES (231, 'Aguilares', 24);
INSERT INTO Localidades (idLocalidad, nombreLocalidad, idProvincia) VALUES (232, 'Bella Vista', 24);
INSERT INTO Localidades (idLocalidad, nombreLocalidad, idProvincia) VALUES (233, 'Concepción', 24);
INSERT INTO Localidades (idLocalidad, nombreLocalidad, idProvincia) VALUES (234, 'Tafí del Valle', 24);
--Localidad extranjera
INSERT INTO Localidades (idLocalidad, nombreLocalidad, idProvincia) VALUES (235, 'Extranjero', 25);

--Obra Social
INSERT INTO ObraSocial (idObraSocial, nombre) VALUES (1, 'OSDE'); --OBRA SOCIAL
INSERT INTO ObraSocial (idObraSocial, nombre) VALUES (2, 'Swiss Medical');
INSERT INTO ObraSocial (idObraSocial, nombre) VALUES (3, 'Galeno');
INSERT INTO ObraSocial (idObraSocial, nombre) VALUES (4, 'Medifé');
INSERT INTO ObraSocial (idObraSocial, nombre) VALUES (5, 'Omint');
INSERT INTO ObraSocial (idObraSocial, nombre) VALUES (6, 'Accord Salud');
INSERT INTO ObraSocial (idObraSocial, nombre) VALUES (7, 'Hospital Italiano');
INSERT INTO ObraSocial (idObraSocial, nombre) VALUES (8, 'OSECAC');
INSERT INTO ObraSocial (idObraSocial, nombre) VALUES (9, 'PAMI');
INSERT INTO ObraSocial (idObraSocial, nombre) VALUES (10, 'IOSFA');

INSERT INTO Especialidades (idEspecialidad, descripcion) VALUES (1, 'Clínica Médica'); --ESPECIALIDADES
INSERT INTO Especialidades (idEspecialidad, descripcion) VALUES (2, 'Pediatría');
INSERT INTO Especialidades (idEspecialidad, descripcion) VALUES (3, 'Ginecología');
INSERT INTO Especialidades (idEspecialidad, descripcion) VALUES (4, 'Cardiología');
INSERT INTO Especialidades (idEspecialidad, descripcion) VALUES (5, 'Dermatología');
INSERT INTO Especialidades (idEspecialidad, descripcion) VALUES (6, 'Traumatología');
INSERT INTO Especialidades (idEspecialidad, descripcion) VALUES (7, 'Neurología');
INSERT INTO Especialidades (idEspecialidad, descripcion) VALUES (8, 'Endocrinología');
INSERT INTO Especialidades (idEspecialidad, descripcion) VALUES (9, 'Oftalmología');
INSERT INTO Especialidades (idEspecialidad, descripcion) VALUES (10, 'Psiquiatría');

INSERT INTO EstadoTurnos (idEstado, valorEstado, descripcion) VALUES (0, 0, 'AUSENTE'); --ESTADO TURNOS
INSERT INTO EstadoTurnos (idEstado, valorEstado, descripcion) VALUES (1, 1, 'PRESENTE'); 
INSERT INTO EstadoTurnos (idEstado, valorEstado, descripcion) VALUES (2, 0, 'CANCELADO'); 
INSERT INTO EstadoTurnos (idEstado, valorEstado, descripcion) VALUES (3, 1, 'PENDIENTE'); 

INSERT INTO Roles (idRol, descripcion) VALUES (1, 'Administrador');
INSERT INTO Roles (idRol, descripcion) VALUES (2, 'Médico');


INSERT INTO Persona (DNI, nombre, apellido, sexo, direccion, idLocalidad, fechaNacimiento, nacionalidad, activo) VALUES ('46877554', 'Agustin', 'Baied', 1, 'Barrio Administradores', 15, '2005-08-04', 'Argentino', 1);-- Agustin Baied	PERSONA
INSERT INTO Persona (DNI, nombre, apellido, sexo, direccion, idLocalidad, fechaNacimiento, nacionalidad, activo) VALUES ('45905927', 'Luca', 'Gauna', 1, 'Barrio Administradores', 15, '2004-07-07', 'Argentino', 1);--Luca Gauna
INSERT INTO Persona (DNI, nombre, apellido, sexo, direccion, idLocalidad, fechaNacimiento, nacionalidad, activo) VALUES ('46895255', 'Lautaro', 'Camejo', 1, 'Barrio Administradores', 15, '2005-07-14', 'Argentino', 1);--Lautaro Camejo
INSERT INTO Persona (DNI, nombre, apellido, sexo, direccion, idLocalidad, fechaNacimiento, nacionalidad, activo) VALUES ('39342796', 'Franco', 'Gabriel', 1, 'Barrio Administradores', 15, '1996-02-18', 'Argentino', 1);--Franco Gabriel
INSERT INTO Persona (DNI, nombre, apellido, sexo, direccion, idLocalidad, fechaNacimiento, nacionalidad, activo) VALUES ('40283157', 'Lucas', 'Saucedo', 1, 'Barrio Administradores', 15, '1999-03-18', 'Argentino', 1); --Lucas Emmanuel Saucedo

INSERT INTO Persona (DNI, nombre, apellido, sexo, direccion, idLocalidad, fechaNacimiento, nacionalidad, activo) VALUES ('39711873', 'Juan', 'Gómez', 1, 'Calle Angel Harbor 4112', 2, '1956-02-18', 'Argentino', 0);
INSERT INTO Persona (DNI, nombre, apellido, sexo, direccion, idLocalidad, fechaNacimiento, nacionalidad, activo) VALUES ('15999828', 'Martín', 'Rodríguez', 1, 'Calle Donald Cove 9774', 4, '1985-07-08', 'Argentino', 0);
INSERT INTO Persona (DNI, nombre, apellido, sexo, direccion, idLocalidad, fechaNacimiento, nacionalidad, activo) VALUES ('33832259', 'Lucía', 'Fernández', 1, 'Calle Brittany Bypass 8379', 5, '1941-06-30', 'Argentino', 0);
INSERT INTO Persona (DNI, nombre, apellido, sexo, direccion, idLocalidad, fechaNacimiento, nacionalidad, activo) VALUES ('42159979', 'Martín', 'Díaz', 1, 'Calle Jeffery Parkways 3711', 4, '1980-06-08', 'Argentino', 1);
INSERT INTO Persona (DNI, nombre, apellido, sexo, direccion, idLocalidad, fechaNacimiento, nacionalidad, activo) VALUES ('22224730', 'Pedro', 'Díaz', 1, 'Calle Anna Stravenue 5674', 3, '1983-09-10', 'Argentino', 0);
INSERT INTO Persona (DNI, nombre, apellido, sexo, direccion, idLocalidad, fechaNacimiento, nacionalidad, activo) VALUES ('43437192', 'María', 'Rodríguez', 2, 'Calle Robinson Radial 6324', 1, '1958-05-26', 'Argentino', 1);
INSERT INTO Persona (DNI, nombre, apellido, sexo, direccion, idLocalidad, fechaNacimiento, nacionalidad, activo) VALUES ('32992829', 'Florencia', 'Gómez', 2, 'Calle Katherine Estate 811', 6, '1986-12-23', 'Argentino', 1);
INSERT INTO Persona (DNI, nombre, apellido, sexo, direccion, idLocalidad, fechaNacimiento, nacionalidad, activo) VALUES ('34372723', 'Federico', 'Rodríguez', 1, 'Calle Peterson Drives 9144', 3, '1954-02-13', 'Argentino', 1);
INSERT INTO Persona (DNI, nombre, apellido, sexo, direccion, idLocalidad, fechaNacimiento, nacionalidad, activo) VALUES ('17677374', 'María', 'González', 1, 'Calle Garcia Light 3833', 7, '1946-01-18', 'Argentino', 1);
INSERT INTO Persona (DNI, nombre, apellido, sexo, direccion, idLocalidad, fechaNacimiento, nacionalidad, activo) VALUES ('20457765', 'María', 'Díaz', 1, 'Calle Abbott Rapids 4654', 4, '1957-06-20', 'Argentino', 1);
INSERT INTO Persona (DNI, nombre, apellido, sexo, direccion, idLocalidad, fechaNacimiento, nacionalidad, activo) VALUES ('35439044', 'Ana', 'Fernández', 2, 'Calle Jessica Plain 4474', 6, '1947-12-18', 'Argentino', 0);
INSERT INTO Persona (DNI, nombre, apellido, sexo, direccion, idLocalidad, fechaNacimiento, nacionalidad, activo) VALUES ('24057945', 'Martín', 'Fernández', 1, 'Calle Miller Hill 2777', 4, '1995-11-28', 'Argentino', 1);
INSERT INTO Persona (DNI, nombre, apellido, sexo, direccion, idLocalidad, fechaNacimiento, nacionalidad, activo) VALUES ('42012854', 'Ana', 'González', 1, 'Calle Ray Squares 3852', 7, '1944-03-14', 'Argentino', 0);
INSERT INTO Persona (DNI, nombre, apellido, sexo, direccion, idLocalidad, fechaNacimiento, nacionalidad, activo) VALUES ('22134562', 'Federico', 'Gómez', 2, 'Calle Donna Trail 1184', 2, '1959-02-28', 'Argentino', 1);
INSERT INTO Persona (DNI, nombre, apellido, sexo, direccion, idLocalidad, fechaNacimiento, nacionalidad, activo) VALUES ('23275445', 'Federico', 'Sánchez', 2, 'Calle Melissa Way 2440', 3, '1946-05-05', 'Argentino', 0);
INSERT INTO Persona (DNI, nombre, apellido, sexo, direccion, idLocalidad, fechaNacimiento, nacionalidad, activo) VALUES ('22359183', 'Florencia', 'Díaz', 2, 'Calle Ramirez Roads 9660', 4, '1996-03-24', 'Argentino', 1);
INSERT INTO Persona (DNI, nombre, apellido, sexo, direccion, idLocalidad, fechaNacimiento, nacionalidad, activo) VALUES ('43893819', 'Martín', 'Sánchez', 1, 'Calle Martin Knoll 1589', 7, '1953-09-22', 'Argentino', 0);
INSERT INTO Persona (DNI, nombre, apellido, sexo, direccion, idLocalidad, fechaNacimiento, nacionalidad, activo) VALUES ('27910648', 'Pedro', 'Pérez', 1, 'Calle Miles Springs 7016', 5, '1983-07-27', 'Argentino', 0);
INSERT INTO Persona (DNI, nombre, apellido, sexo, direccion, idLocalidad, fechaNacimiento, nacionalidad, activo) VALUES ('37826523', 'Florencia', 'Sánchez', 2, 'Calle Chelsea Extension 8769', 3, '1975-10-26', 'Argentino', 0);
INSERT INTO Persona (DNI, nombre, apellido, sexo, direccion, idLocalidad, fechaNacimiento, nacionalidad, activo) VALUES ('29588301', 'Martín', 'Gómez', 1, 'Calle Frank Light 5673', 1, '1957-11-02', 'Argentino', 1);
INSERT INTO Persona (DNI, nombre, apellido, sexo, direccion, idLocalidad, fechaNacimiento, nacionalidad, activo) VALUES ('32034970', 'Julieta', 'González', 1, 'Calle Gabrielle Ville 4415', 5, '1991-10-02', 'Argentino', 0);
INSERT INTO Persona (DNI, nombre, apellido, sexo, direccion, idLocalidad, fechaNacimiento, nacionalidad, activo) VALUES ('40585616', 'Carlos', 'Romero', 1, 'Calle Jeremy Bypass 3358', 2, '1994-04-02', 'Argentino', 1);
INSERT INTO Persona (DNI, nombre, apellido, sexo, direccion, idLocalidad, fechaNacimiento, nacionalidad, activo) VALUES ('31394887', 'Martín', 'Romero', 1, 'Calle Morales Circles 109', 5, '1953-10-29', 'Argentino', 1);
INSERT INTO Persona (DNI, nombre, apellido, sexo, direccion, idLocalidad, fechaNacimiento, nacionalidad, activo) VALUES ('23082309', 'María', 'López', 1, 'Calle Lewis Parks 5138', 2, '1966-05-23', 'Argentino', 0);
INSERT INTO Persona (DNI, nombre, apellido, sexo, direccion, idLocalidad, fechaNacimiento, nacionalidad, activo) VALUES ('19308102', 'María', 'Sánchez', 1, 'Calle Thomas Dam 1233', 7, '1956-04-01', 'Argentino', 0);
INSERT INTO Persona (DNI, nombre, apellido, sexo, direccion, idLocalidad, fechaNacimiento, nacionalidad, activo) VALUES ('22106768', 'Martín', 'Pérez', 2, 'Calle Burgess Meadow 4442', 5, '2000-07-25', 'Argentino', 1);
INSERT INTO Persona (DNI, nombre, apellido, sexo, direccion, idLocalidad, fechaNacimiento, nacionalidad, activo) VALUES ('19060227', 'Carlos', 'Díaz', 1, 'Calle Cox Dam 6218', 4, '1974-02-21', 'Argentino', 1);
INSERT INTO Persona (DNI, nombre, apellido, sexo, direccion, idLocalidad, fechaNacimiento, nacionalidad, activo) VALUES ('34744773', 'Lucía', 'Rodríguez', 1, 'Calle Davis Causeway 5639', 1, '1998-01-24', 'Argentino', 0);
INSERT INTO Persona (DNI, nombre, apellido, sexo, direccion, idLocalidad, fechaNacimiento, nacionalidad, activo) VALUES ('45380854', 'Juan', 'Rodríguez', 1, 'Calle Eric Estate 1064', 2, '1993-05-15', 'Argentino', 0);
INSERT INTO Persona (DNI, nombre, apellido, sexo, direccion, idLocalidad, fechaNacimiento, nacionalidad, activo) VALUES ('37447169', 'Ana', 'Rodríguez', 1, 'Calle Carlson Lights 8523', 2, '1965-06-09', 'Argentino', 1);
INSERT INTO Persona (DNI, nombre, apellido, sexo, direccion, idLocalidad, fechaNacimiento, nacionalidad, activo) VALUES ('23153634', 'Lucía', 'Romero', 2, 'Calle Rice Plaza 2267', 6, '1998-01-16', 'Argentino', 1);
INSERT INTO Persona (DNI, nombre, apellido, sexo, direccion, idLocalidad, fechaNacimiento, nacionalidad, activo) VALUES ('26888253', 'Federico', 'Fernández', 2, 'Calle Erin Crescent 1645', 1, '1985-11-10', 'Argentino', 1);
INSERT INTO Persona (DNI, nombre, apellido, sexo, direccion, idLocalidad, fechaNacimiento, nacionalidad, activo) VALUES ('17033823', 'Federico', 'Sánchez', 2, 'Calle Mack Junctions 987', 6, '1947-01-22', 'Argentino', 0);
INSERT INTO Persona (DNI, nombre, apellido, sexo, direccion, idLocalidad, fechaNacimiento, nacionalidad, activo) VALUES ('32994763', 'Ana', 'Rodríguez', 2, 'Calle Graham Motorway 4173', 2, '1939-09-09', 'Argentino', 0);
INSERT INTO Persona (DNI, nombre, apellido, sexo, direccion, idLocalidad, fechaNacimiento, nacionalidad, activo) VALUES ('23382113', 'Pedro', 'Díaz', 2, 'Calle Stanton Track 3106', 3, '1951-08-17', 'Argentino', 1);
INSERT INTO Persona (DNI, nombre, apellido, sexo, direccion, idLocalidad, fechaNacimiento, nacionalidad, activo) VALUES ('18129379', 'Julieta', 'Romero', 1, 'Calle Monica Hills 1704', 1, '1996-09-28', 'Argentino', 0);
INSERT INTO Persona (DNI, nombre, apellido, sexo, direccion, idLocalidad, fechaNacimiento, nacionalidad, activo) VALUES ('44012852', 'Pedro', 'Díaz', 1, 'Calle Eric Track 8056', 4, '1950-06-18', 'Argentino', 0);
INSERT INTO Persona (DNI, nombre, apellido, sexo, direccion, idLocalidad, fechaNacimiento, nacionalidad, activo) VALUES ('23898737', 'Juan', 'Pérez', 2, 'Calle Carol Overpass 6309', 1, '1940-10-17', 'Argentino', 1);
INSERT INTO Persona (DNI, nombre, apellido, sexo, direccion, idLocalidad, fechaNacimiento, nacionalidad, activo) VALUES ('20194119', 'Carlos', 'Díaz', 2, 'Calle Sarah Wells 9205', 6, '2006-07-09', 'Argentino', 1);
INSERT INTO Persona (DNI, nombre, apellido, sexo, direccion, idLocalidad, fechaNacimiento, nacionalidad, activo) VALUES ('40097895', 'Carlos', 'Fernández', 1, 'Calle Allen Garden 1058', 5, '1999-03-21', 'Argentino', 0);
INSERT INTO Persona (DNI, nombre, apellido, sexo, direccion, idLocalidad, fechaNacimiento, nacionalidad, activo) VALUES ('16908561', 'Juan', 'González', 2, 'Calle Christopher Oval 9671', 4, '1994-12-31', 'Argentino', 0);
INSERT INTO Persona (DNI, nombre, apellido, sexo, direccion, idLocalidad, fechaNacimiento, nacionalidad, activo) VALUES ('28548459', 'Pedro', 'Rodríguez', 1, 'Calle Tiffany Place 9849', 1, '1991-08-01', 'Argentino', 0);
INSERT INTO Persona (DNI, nombre, apellido, sexo, direccion, idLocalidad, fechaNacimiento, nacionalidad, activo) VALUES ('35782994', 'Florencia', 'Fernández', 1, 'Calle David Mountains 9585', 5, '2003-11-26', 'Argentino', 0);
INSERT INTO Persona (DNI, nombre, apellido, sexo, direccion, idLocalidad, fechaNacimiento, nacionalidad, activo) VALUES ('46363537', 'Federico', 'Alvarez', 1, 'Calle Joseph Well 9360', 5, '1980-09-29', 'Argentino', 1);
INSERT INTO Persona (DNI, nombre, apellido, sexo, direccion, idLocalidad, fechaNacimiento, nacionalidad, activo) VALUES ('19391546', 'Lucía', 'López', 2, 'Calle Brandt Plains 4010', 3, '1990-11-12', 'Argentino', 1);
INSERT INTO Persona (DNI, nombre, apellido, sexo, direccion, idLocalidad, fechaNacimiento, nacionalidad, activo) VALUES ('35842645', 'Julieta', 'López', 2, 'Calle Jennifer Locks 1288', 1, '2007-03-10', 'Argentino', 1);
INSERT INTO Persona (DNI, nombre, apellido, sexo, direccion, idLocalidad, fechaNacimiento, nacionalidad, activo) VALUES ('19444504', 'María', 'Romero', 1, 'Calle Kim Path 3592', 5, '1970-03-11', 'Argentino', 1);
INSERT INTO Persona (DNI, nombre, apellido, sexo, direccion, idLocalidad, fechaNacimiento, nacionalidad, activo) VALUES ('29703034', 'María', 'Fernández', 2, 'Calle John Circles 6154', 3, '1962-06-23', 'Argentino', 0);
INSERT INTO Persona (DNI, nombre, apellido, sexo, direccion, idLocalidad, fechaNacimiento, nacionalidad, activo) VALUES ('46264544', 'Florencia', 'Romero', 2, 'Calle Brianna Forks 228', 6, '1979-07-06', 'Argentino', 1);
INSERT INTO Persona (DNI, nombre, apellido, sexo, direccion, idLocalidad, fechaNacimiento, nacionalidad, activo) VALUES ('24138489', 'Pedro', 'Gómez', 1, 'Calle Adrian Station 1991', 1, '1982-06-01', 'Argentino', 0);
INSERT INTO Persona (DNI, nombre, apellido, sexo, direccion, idLocalidad, fechaNacimiento, nacionalidad, activo) VALUES ('31958713', 'Florencia', 'Fernández', 2, 'Calle Jeremy Bypass 5717', 2, '1997-12-19', 'Argentino', 1);
INSERT INTO Persona (DNI, nombre, apellido, sexo, direccion, idLocalidad, fechaNacimiento, nacionalidad, activo) VALUES ('42828304', 'Carlos', 'González', 2, 'Calle Jones Freeway 1612', 6, '1958-06-02', 'Argentino', 1);
INSERT INTO Persona (DNI, nombre, apellido, sexo, direccion, idLocalidad, fechaNacimiento, nacionalidad, activo) VALUES ('36377977', 'Juan', 'González', 2, 'Calle Lewis Curve 5564', 7, '1988-09-10', 'Argentino', 0);
INSERT INTO Persona (DNI, nombre, apellido, sexo, direccion, idLocalidad, fechaNacimiento, nacionalidad, activo) VALUES ('33820911', 'Pedro', 'Sánchez', 2, 'Calle Sanchez Mountains 9138', 6, '1994-06-02', 'Argentino', 1);
INSERT INTO Persona (DNI, nombre, apellido, sexo, direccion, idLocalidad, fechaNacimiento, nacionalidad, activo) VALUES ('43004361', 'María', 'Rodríguez', 1, 'Calle Lee Court 2542', 5, '1984-04-24', 'Argentino', 0);
INSERT INTO Persona (DNI, nombre, apellido, sexo, direccion, idLocalidad, fechaNacimiento, nacionalidad, activo) VALUES ('16403543', 'Florencia', 'Romero', 2, 'Calle Gomez Loop 2526', 4, '1971-04-01', 'Argentino', 0);
INSERT INTO Persona (DNI, nombre, apellido, sexo, direccion, idLocalidad, fechaNacimiento, nacionalidad, activo) VALUES ('37378571', 'Ana', 'González', 2, 'Calle Emily Rue 5962', 2, '1946-03-02', 'Argentino', 0);
INSERT INTO Persona (DNI, nombre, apellido, sexo, direccion, idLocalidad, fechaNacimiento, nacionalidad, activo) VALUES ('46063479', 'Ana', 'Romero', 1, 'Calle Richard Junction 6758', 5, '1993-12-12', 'Argentino', 0);
INSERT INTO Persona (DNI, nombre, apellido, sexo, direccion, idLocalidad, fechaNacimiento, nacionalidad, activo) VALUES ('39715002', 'Pedro', 'Pérez', 1, 'Calle John Field 6855', 1, '1975-12-18', 'Argentino', 0);
INSERT INTO Persona (DNI, nombre, apellido, sexo, direccion, idLocalidad, fechaNacimiento, nacionalidad, activo) VALUES ('27835970', 'Federico', 'Fernández', 2, 'Calle Taylor Falls 4471', 2, '1958-06-04', 'Argentino', 0);
INSERT INTO Persona (DNI, nombre, apellido, sexo, direccion, idLocalidad, fechaNacimiento, nacionalidad, activo) VALUES ('26732589', 'Julieta', 'Fernández', 1, 'Calle Wright Club 3369', 7, '1969-08-16', 'Argentino', 1);
INSERT INTO Persona (DNI, nombre, apellido, sexo, direccion, idLocalidad, fechaNacimiento, nacionalidad, activo) VALUES ('28370299', 'Lucía', 'Fernández', 2, 'Calle Brent Plains 487', 6, '1996-05-11', 'Argentino', 0);
INSERT INTO Persona (DNI, nombre, apellido, sexo, direccion, idLocalidad, fechaNacimiento, nacionalidad, activo) VALUES ('37800844', 'Carlos', 'Rodríguez', 2, 'Calle Tanya Terrace 4673', 3, '1997-03-22', 'Argentino', 1);
INSERT INTO Persona (DNI, nombre, apellido, sexo, direccion, idLocalidad, fechaNacimiento, nacionalidad, activo) VALUES ('16283698', 'Juan', 'Rodríguez', 2, 'Calle Gabriel Oval 4379', 2, '1972-03-23', 'Argentino', 1);
INSERT INTO Persona (DNI, nombre, apellido, sexo, direccion, idLocalidad, fechaNacimiento, nacionalidad, activo) VALUES ('29642948', 'Florencia', 'Díaz', 1, 'Calle Michelle Circle 5763', 6, '1950-09-03', 'Argentino', 1);
INSERT INTO Persona (DNI, nombre, apellido, sexo, direccion, idLocalidad, fechaNacimiento, nacionalidad, activo) VALUES ('38782887', 'Federico', 'Alvarez', 1, 'Calle Smith Loaf 3214', 3, '1957-07-07', 'Argentino', 0);
INSERT INTO Persona (DNI, nombre, apellido, sexo, direccion, idLocalidad, fechaNacimiento, nacionalidad, activo) VALUES ('27221244', 'Juan', 'Romero', 2, 'Calle Mitchell Square 8921', 6, '2004-08-12', 'Argentino', 0);
INSERT INTO Persona (DNI, nombre, apellido, sexo, direccion, idLocalidad, fechaNacimiento, nacionalidad, activo) VALUES ('39150945', 'María', 'López', 2, 'Calle Moore Hill 5243', 6, '1954-04-13', 'Argentino', 0);
INSERT INTO Persona (DNI, nombre, apellido, sexo, direccion, idLocalidad, fechaNacimiento, nacionalidad, activo) VALUES ('38394432', 'Martín', 'Gómez', 2, 'Calle Beth Plains 6791', 3, '1943-08-14', 'Argentino', 1);
INSERT INTO Persona (DNI, nombre, apellido, sexo, direccion, idLocalidad, fechaNacimiento, nacionalidad, activo) VALUES ('37727018', 'Martín', 'Pérez', 2, 'Calle Brown Prairie 3243', 4, '1971-11-30', 'Argentino', 1);
INSERT INTO Persona (DNI, nombre, apellido, sexo, direccion, idLocalidad, fechaNacimiento, nacionalidad, activo) VALUES ('25196351', 'Florencia', 'Alvarez', 1, 'Calle Brian Pass 5030', 4, '1944-12-02', 'Argentino', 0);
INSERT INTO Persona (DNI, nombre, apellido, sexo, direccion, idLocalidad, fechaNacimiento, nacionalidad, activo) VALUES ('30602414', 'Lucía', 'Díaz', 2, 'Calle Casey Cliff 9602', 5, '1985-06-01', 'Argentino', 1);
INSERT INTO Persona (DNI, nombre, apellido, sexo, direccion, idLocalidad, fechaNacimiento, nacionalidad, activo) VALUES ('37107362', 'Julieta', 'Fernández', 2, 'Calle Richard Port 8475', 4, '1956-03-22', 'Argentino', 0);
INSERT INTO Persona (DNI, nombre, apellido, sexo, direccion, idLocalidad, fechaNacimiento, nacionalidad, activo) VALUES ('37575276', 'Carlos', 'Romero', 1, 'Calle Christine Manor 5591', 1, '1984-03-15', 'Argentino', 0);
INSERT INTO Persona (DNI, nombre, apellido, sexo, direccion, idLocalidad, fechaNacimiento, nacionalidad, activo) VALUES ('23215552', 'Lucía', 'Fernández', 2, 'Calle Donovan Ford 2514', 1, '1985-01-16', 'Argentino', 0);
INSERT INTO Persona (DNI, nombre, apellido, sexo, direccion, idLocalidad, fechaNacimiento, nacionalidad, activo) VALUES ('39103689', 'Florencia', 'Rodríguez', 2, 'Calle Allen Locks 7561', 4, '1948-05-16', 'Argentino', 0);
INSERT INTO Persona (DNI, nombre, apellido, sexo, direccion, idLocalidad, fechaNacimiento, nacionalidad, activo) VALUES ('44952693', 'Julieta', 'Díaz', 2, 'Calle Bryant Terrace 4097', 2, '2003-02-22', 'Argentino', 0);
INSERT INTO Persona (DNI, nombre, apellido, sexo, direccion, idLocalidad, fechaNacimiento, nacionalidad, activo) VALUES ('16685049', 'Federico', 'Fernández', 1, 'Calle Albert Road 2981', 7, '2007-05-31', 'Argentino', 1);
INSERT INTO Persona (DNI, nombre, apellido, sexo, direccion, idLocalidad, fechaNacimiento, nacionalidad, activo) VALUES ('37400191', 'María', 'Sánchez', 1, 'Calle Charles Forest 2284', 7, '1973-11-22', 'Argentino', 1);
INSERT INTO Persona (DNI, nombre, apellido, sexo, direccion, idLocalidad, fechaNacimiento, nacionalidad, activo) VALUES ('45105308', 'Julieta', 'Alvarez', 2, 'Calle Anderson Keys 8370', 4, '1999-05-30', 'Argentino', 1);
INSERT INTO Persona (DNI, nombre, apellido, sexo, direccion, idLocalidad, fechaNacimiento, nacionalidad, activo) VALUES ('43181122', 'Julieta', 'Sánchez', 1, 'Calle Natasha Land 4346', 7, '1958-11-11', 'Argentino', 0);
INSERT INTO Persona (DNI, nombre, apellido, sexo, direccion, idLocalidad, fechaNacimiento, nacionalidad, activo) VALUES ('17599909', 'Martín', 'Sánchez', 2, 'Calle Samuel Plains 4019', 3, '1987-05-06', 'Argentino', 1);
INSERT INTO Persona (DNI, nombre, apellido, sexo, direccion, idLocalidad, fechaNacimiento, nacionalidad, activo) VALUES ('19643063', 'Lucía', 'Gómez', 2, 'Calle Carr Valley 5602', 3, '1983-12-21', 'Argentino', 0);
INSERT INTO Persona (DNI, nombre, apellido, sexo, direccion, idLocalidad, fechaNacimiento, nacionalidad, activo) VALUES ('17155162', 'Lucía', 'Díaz', 1, 'Calle Elizabeth Plaza 2603', 6, '1959-11-04', 'Argentino', 0);
INSERT INTO Persona (DNI, nombre, apellido, sexo, direccion, idLocalidad, fechaNacimiento, nacionalidad, activo) VALUES ('17089290', 'Federico', 'López', 2, 'Calle Sheila Dale 8990', 4, '1957-06-19', 'Argentino', 1);
INSERT INTO Persona (DNI, nombre, apellido, sexo, direccion, idLocalidad, fechaNacimiento, nacionalidad, activo) VALUES ('43747156', 'Federico', 'Díaz', 1, 'Calle Pamela Summit 9669', 6, '1977-02-11', 'Argentino', 0);
INSERT INTO Persona (DNI, nombre, apellido, sexo, direccion, idLocalidad, fechaNacimiento, nacionalidad, activo) VALUES ('43636961', 'Julieta', 'González', 2, 'Calle Joseph Rapids 5863', 3, '1953-10-20', 'Argentino', 1);
INSERT INTO Persona (DNI, nombre, apellido, sexo, direccion, idLocalidad, fechaNacimiento, nacionalidad, activo) VALUES ('22362568', 'Martín', 'Romero', 2, 'Calle Harris Roads 9983', 2, '1997-07-05', 'Argentino', 1);
INSERT INTO Persona (DNI, nombre, apellido, sexo, direccion, idLocalidad, fechaNacimiento, nacionalidad, activo) VALUES ('37443674', 'Federico', 'Sánchez', 2, 'Calle Wagner Glen 575', 4, '2001-01-28', 'Argentino', 1);
INSERT INTO Persona (DNI, nombre, apellido, sexo, direccion, idLocalidad, fechaNacimiento, nacionalidad, activo) VALUES ('45431482', 'Pedro', 'Sánchez', 2, 'Calle Christopher Manors 2191', 5, '1995-11-27', 'Argentino', 0);
INSERT INTO Persona (DNI, nombre, apellido, sexo, direccion, idLocalidad, fechaNacimiento, nacionalidad, activo) VALUES ('19553319', 'Florencia', 'Alvarez', 2, 'Calle Williams Isle 544', 1, '1991-12-11', 'Argentino', 1);
INSERT INTO Persona (DNI, nombre, apellido, sexo, direccion, idLocalidad, fechaNacimiento, nacionalidad, activo) VALUES ('22102140', 'Pedro', 'González', 2, 'Calle Dana Greens 4362', 4, '1950-06-19', 'Argentino', 1);
INSERT INTO Persona (DNI, nombre, apellido, sexo, direccion, idLocalidad, fechaNacimiento, nacionalidad, activo) VALUES ('23464827', 'Ana', 'López', 2, 'Calle Arnold Meadow 6311', 3, '1977-08-21', 'Argentino', 1);
INSERT INTO Persona (DNI, nombre, apellido, sexo, direccion, idLocalidad, fechaNacimiento, nacionalidad, activo) VALUES ('22523647', 'Julieta', 'González', 1, 'Calle Daniel Spurs 8937', 1, '2000-12-24', 'Argentino', 1);
INSERT INTO Persona (DNI, nombre, apellido, sexo, direccion, idLocalidad, fechaNacimiento, nacionalidad, activo) VALUES ('35848565', 'Juan', 'González', 1, 'Calle Amy Village 4151', 2, '1964-08-04', 'Argentino', 0);
INSERT INTO Persona (DNI, nombre, apellido, sexo, direccion, idLocalidad, fechaNacimiento, nacionalidad, activo) VALUES ('33923678', 'Lucía', 'Pérez', 1, 'Calle Russell Canyon 7858', 6, '1960-06-11', 'Argentino', 0);
INSERT INTO Persona (DNI, nombre, apellido, sexo, direccion, idLocalidad, fechaNacimiento, nacionalidad, activo) VALUES ('41098364', 'Julieta', 'Gómez', 1, 'Calle Nolan Underpass 6143', 2, '2005-08-17', 'Argentino', 0);
INSERT INTO Persona (DNI, nombre, apellido, sexo, direccion, idLocalidad, fechaNacimiento, nacionalidad, activo) VALUES ('34320532', 'Carlos', 'Rodríguez', 1, 'Calle Rachel Fords 9581', 1, '1985-11-18', 'Argentino', 1);
INSERT INTO Persona (DNI, nombre, apellido, sexo, direccion, idLocalidad, fechaNacimiento, nacionalidad, activo) VALUES ('18419240', 'Federico', 'Fernández', 2, 'Calle Elizabeth Knoll 1345', 5, '1992-07-21', 'Argentino', 0);
INSERT INTO Persona (DNI, nombre, apellido, sexo, direccion, idLocalidad, fechaNacimiento, nacionalidad, activo) VALUES ('26650225', 'Florencia', 'Rodríguez', 2, 'Calle Dickson Summit 9372', 7, '1949-12-26', 'Argentino', 0);
INSERT INTO Persona (DNI, nombre, apellido, sexo, direccion, idLocalidad, fechaNacimiento, nacionalidad, activo) VALUES ('31977226', 'Tammy', 'Young', 2, '60256 Joseph Turnpike', 235, '1987-03-11', 'Italiano', 0);
INSERT INTO Persona (DNI, nombre, apellido, sexo, direccion, idLocalidad, fechaNacimiento, nacionalidad, activo) VALUES ('42592846', 'Ashley', 'Brennan', 2, '37543 Andrew Fields Suite 541', 235, '2005-04-07', 'Brasileño', 1);
INSERT INTO Persona (DNI, nombre, apellido, sexo, direccion, idLocalidad, fechaNacimiento, nacionalidad, activo) VALUES ('27153013', 'Patricia', 'Bell', 2, '850 Natalie Green Apt. 940', 235, '1946-11-05', 'Colombiano', 1);
INSERT INTO Persona (DNI, nombre, apellido, sexo, direccion, idLocalidad, fechaNacimiento, nacionalidad, activo) VALUES ('20910175', 'Linda', 'Reed', 2, '9816 Jonathan Station Suite 088', 235, '1986-03-17', 'Mexicano', 1);
INSERT INTO Persona (DNI, nombre, apellido, sexo, direccion, idLocalidad, fechaNacimiento, nacionalidad, activo) VALUES ('30598575', 'Michelle', 'Harmon', 2, '6159 Alvarado Crossing', 235, '1988-06-12', 'Noruego', 1);
INSERT INTO Persona (DNI, nombre, apellido, sexo, direccion, idLocalidad, fechaNacimiento, nacionalidad, activo) VALUES ('25814747', 'Stephanie', 'Hunter', 2, '6482 Robert Light Apt. 994', 235, '1967-02-07', 'Sueco', 1);
INSERT INTO Persona (DNI, nombre, apellido, sexo, direccion, idLocalidad, fechaNacimiento, nacionalidad, activo) VALUES ('44582633', 'Joshua', 'Smith', 1, '69957 Ramos Forest Suite 214', 235, '1974-07-18', 'Uruguayo', 1);
INSERT INTO Persona (DNI, nombre, apellido, sexo, direccion, idLocalidad, fechaNacimiento, nacionalidad, activo) VALUES ('34120981', 'Mary', 'Harvey', 2, '43320 John Mountains', 235, '1981-01-24', 'Peruano', 1);
INSERT INTO Persona (DNI, nombre, apellido, sexo, direccion, idLocalidad, fechaNacimiento, nacionalidad, activo) VALUES ('31586173', 'Sarah', 'Jones', 2, '936 Ross Drive Apt. 163', 235, '1951-06-09', 'Francés', 0);
INSERT INTO Persona (DNI, nombre, apellido, sexo, direccion, idLocalidad, fechaNacimiento, nacionalidad, activo) VALUES ('22117561', 'Regina', 'Dominguez', 2, '83172 Contreras Points Suite 798', 235, '1968-07-04', 'Estadounidense', 1);
INSERT INTO Persona (DNI, nombre, apellido, sexo, direccion, idLocalidad, fechaNacimiento, nacionalidad, activo) VALUES ('24383781', 'Sandra', 'Kelley', 2, '774 Mary Harbor', 235, '1991-08-01', 'Venezolano', 1);
INSERT INTO Persona (DNI, nombre, apellido, sexo, direccion, idLocalidad, fechaNacimiento, nacionalidad, activo) VALUES ('32335133', 'Paula', 'Washington', 2, '7143 Rogers Plains', 235, '1944-12-13', 'Noruego', 0);
INSERT INTO Persona (DNI, nombre, apellido, sexo, direccion, idLocalidad, fechaNacimiento, nacionalidad, activo) VALUES ('39161696', 'Charles', 'Hall', 1, '316 Rivera Mountain', 235, '1967-10-06', 'Uruguayo', 0);
INSERT INTO Persona (DNI, nombre, apellido, sexo, direccion, idLocalidad, fechaNacimiento, nacionalidad, activo) VALUES ('38173004', 'Amy', 'Wall', 2, '096 Smith Knoll Suite 668', 235, '1990-05-03', 'Neerlandés', 0);
INSERT INTO Persona (DNI, nombre, apellido, sexo, direccion, idLocalidad, fechaNacimiento, nacionalidad, activo) VALUES ('41606412', 'Morgan', 'Marsh', 2, '3467 Paul Skyway', 235, '1985-09-07', 'Neerlandés', 1);
INSERT INTO Persona (DNI, nombre, apellido, sexo, direccion, idLocalidad, fechaNacimiento, nacionalidad, activo) VALUES ('22435541', 'Robert', 'Ramsey', 1, '98069 Christopher Meadow Apt. 720', 235, '1957-03-04', 'Uruguayo', 1);
INSERT INTO Persona (DNI, nombre, apellido, sexo, direccion, idLocalidad, fechaNacimiento, nacionalidad, activo) VALUES ('37278801', 'Jamie', 'Lewis', 2, '6464 Thomas Summit Apt. 531', 235, '1992-08-18', 'Peruano', 1);
INSERT INTO Persona (DNI, nombre, apellido, sexo, direccion, idLocalidad, fechaNacimiento, nacionalidad, activo) VALUES ('29277538', 'Tina', 'Williams', 2, '30923 Thomas Crescent', 235, '1977-11-05', 'Neerlandés', 1);
INSERT INTO Persona (DNI, nombre, apellido, sexo, direccion, idLocalidad, fechaNacimiento, nacionalidad, activo) VALUES ('24090446', 'Theresa', 'Marshall', 2, '2991 Tami Coves Apt. 496', 235, '1966-06-17', 'Italiano', 1);
INSERT INTO Persona (DNI, nombre, apellido, sexo, direccion, idLocalidad, fechaNacimiento, nacionalidad, activo) VALUES ('19048539', 'Teresa', 'Gonzalez', 2, '49190 Patel Shore', 235, '1964-09-07', 'Venezolano', 0);
INSERT INTO Persona (DNI, nombre, apellido, sexo, direccion, idLocalidad, fechaNacimiento, nacionalidad, activo) VALUES ('39926952', 'Benjamin', 'Holland', 1, '7165 Zimmerman Mews', 235, '1951-06-15', 'Francés', 0);
INSERT INTO Persona (DNI, nombre, apellido, sexo, direccion, idLocalidad, fechaNacimiento, nacionalidad, activo) VALUES ('39783459', 'Nicholas', 'Sheppard', 1, '877 Petersen Ramp Suite 531', 235, '1958-06-13', 'Canadiense', 0);
INSERT INTO Persona (DNI, nombre, apellido, sexo, direccion, idLocalidad, fechaNacimiento, nacionalidad, activo) VALUES ('18373096', 'Sierra', 'Sanchez', 2, '965 Troy Islands Apt. 735', 235, '1993-10-05', 'Venezolano', 1);
INSERT INTO Persona (DNI, nombre, apellido, sexo, direccion, idLocalidad, fechaNacimiento, nacionalidad, activo) VALUES ('27109159', 'David', 'Ramirez', 1, '083 John Lodge Suite 837', 235, '1983-06-04', 'Español', 0);
INSERT INTO Persona (DNI, nombre, apellido, sexo, direccion, idLocalidad, fechaNacimiento, nacionalidad, activo) VALUES ('38757158', 'Michael', 'West', 1, '43634 Kennedy Pines', 235, '1962-11-11', 'Español', 0);
INSERT INTO Persona (DNI, nombre, apellido, sexo, direccion, idLocalidad, fechaNacimiento, nacionalidad, activo) VALUES ('16829589', 'Jeffery', 'Reese', 1, '7444 David Fields Suite 182', 235, '1952-07-02', 'Venezolano', 0);
INSERT INTO Persona (DNI, nombre, apellido, sexo, direccion, idLocalidad, fechaNacimiento, nacionalidad, activo) VALUES ('18442270', 'Cindy', 'Washington', 2, '34352 Smith Place Apt. 400', 235, '1977-02-14', 'Mexicano', 1);
INSERT INTO Persona (DNI, nombre, apellido, sexo, direccion, idLocalidad, fechaNacimiento, nacionalidad, activo) VALUES ('30750347', 'Edgar', 'Raymond', 1, '09477 Peterson Center Suite 711', 235, '1966-09-26', 'Sueco', 1);
INSERT INTO Persona (DNI, nombre, apellido, sexo, direccion, idLocalidad, fechaNacimiento, nacionalidad, activo) VALUES ('21186218', 'Katherine', 'Ray', 2, '29413 Angela Mall', 235, '1980-09-23', 'Portugués', 1);
INSERT INTO Persona (DNI, nombre, apellido, sexo, direccion, idLocalidad, fechaNacimiento, nacionalidad, activo) VALUES ('18828129', 'Kyle', 'Montgomery', 1, '7496 Carroll Circle Apt. 334', 235, '1984-05-30', 'Venezolano', 1);
INSERT INTO Persona (DNI, nombre, apellido, sexo, direccion, idLocalidad, fechaNacimiento, nacionalidad, activo) VALUES ('17485785', 'Brad', 'Allen', 1, '06797 Johnson Heights', 235, '1987-07-30', 'Alemán', 1);
INSERT INTO Persona (DNI, nombre, apellido, sexo, direccion, idLocalidad, fechaNacimiento, nacionalidad, activo) VALUES ('42217411', 'Douglas', 'Heath', 1, '349 Ronald Plains', 235, '1954-10-07', 'Mexicano', 0);
INSERT INTO Persona (DNI, nombre, apellido, sexo, direccion, idLocalidad, fechaNacimiento, nacionalidad, activo) VALUES ('18974574', 'Maria', 'Kerr', 2, '02499 Gonzales Mountain', 235, '1986-05-02', 'Uruguayo', 0);
INSERT INTO Persona (DNI, nombre, apellido, sexo, direccion, idLocalidad, fechaNacimiento, nacionalidad, activo) VALUES ('30116756', 'Elizabeth', 'Powell', 2, '877 Carly Meadows Suite 940', 235, '1945-09-06', 'Peruano', 1);
INSERT INTO Persona (DNI, nombre, apellido, sexo, direccion, idLocalidad, fechaNacimiento, nacionalidad, activo) VALUES ('25246860', 'Crystal', 'Craig', 2, '490 Thomas Run', 235, '1969-07-24', 'Español', 1);
INSERT INTO Persona (DNI, nombre, apellido, sexo, direccion, idLocalidad, fechaNacimiento, nacionalidad, activo) VALUES ('35988801', 'Thomas', 'White', 1, '717 Ortiz Islands Apt. 256', 235, '1986-09-03', 'Colombiano', 0);
INSERT INTO Persona (DNI, nombre, apellido, sexo, direccion, idLocalidad, fechaNacimiento, nacionalidad, activo) VALUES ('20269961', 'Jon', 'Bates', 1, '071 King Crescent Suite 808', 235, '1970-11-27', 'Venezolano', 0);
INSERT INTO Persona (DNI, nombre, apellido, sexo, direccion, idLocalidad, fechaNacimiento, nacionalidad, activo) VALUES ('20252363', 'Jason', 'Lopez', 1, '770 Joseph Curve Suite 771', 235, '1941-06-07', 'Estadounidense', 0);
INSERT INTO Persona (DNI, nombre, apellido, sexo, direccion, idLocalidad, fechaNacimiento, nacionalidad, activo) VALUES ('38131456', 'William', 'Lynch', 1, '248 Andrea Course', 235, '1954-10-04', 'Británico', 1);
INSERT INTO Persona (DNI, nombre, apellido, sexo, direccion, idLocalidad, fechaNacimiento, nacionalidad, activo) VALUES ('22767053', 'Wendy', 'Durham', 2, '27484 Davenport Mountains Apt. 782', 235, '1965-07-28', 'Español', 0);
INSERT INTO Persona (DNI, nombre, apellido, sexo, direccion, idLocalidad, fechaNacimiento, nacionalidad, activo) VALUES ('17388396', 'Cheryl', 'Greene', 2, '46584 Justin Hills', 235, '1996-06-16', 'Español', 1);
INSERT INTO Persona (DNI, nombre, apellido, sexo, direccion, idLocalidad, fechaNacimiento, nacionalidad, activo) VALUES ('29265296', 'Kevin', 'Duarte', 1, '78755 Gibson Islands Apt. 396', 235, '1955-05-13', 'Venezolano', 0);
INSERT INTO Persona (DNI, nombre, apellido, sexo, direccion, idLocalidad, fechaNacimiento, nacionalidad, activo) VALUES ('36731015', 'Scott', 'Jenkins', 1, '766 Tyler Camp Apt. 895', 235, '1998-08-26', 'Noruego', 0);
INSERT INTO Persona (DNI, nombre, apellido, sexo, direccion, idLocalidad, fechaNacimiento, nacionalidad, activo) VALUES ('17396116', 'Brian', 'Kirk', 1, '702 Pitts Drives', 235, '1944-07-23', 'Venezolano', 0);
INSERT INTO Persona (DNI, nombre, apellido, sexo, direccion, idLocalidad, fechaNacimiento, nacionalidad, activo) VALUES ('34966364', 'John', 'Costa', 1, '615 Finley Road Suite 809', 235, '1944-02-15', 'Estadounidense', 1);
INSERT INTO Persona (DNI, nombre, apellido, sexo, direccion, idLocalidad, fechaNacimiento, nacionalidad, activo) VALUES ('30726894', 'Cynthia', 'Cohen', 2, '16117 Heather Burgs Apt. 504', 235, '1963-11-11', 'Portugués', 0);
INSERT INTO Persona (DNI, nombre, apellido, sexo, direccion, idLocalidad, fechaNacimiento, nacionalidad, activo) VALUES ('31793059', 'Jade', 'Thomas', 2, '222 Chelsea Light Apt. 792', 235, '1955-04-09', 'Alemán', 1);
INSERT INTO Persona (DNI, nombre, apellido, sexo, direccion, idLocalidad, fechaNacimiento, nacionalidad, activo) VALUES ('35066780', 'Julia', 'King', 2, '074 Charles Key Suite 647', 235, '1996-12-28', 'Portugués', 0);
INSERT INTO Persona (DNI, nombre, apellido, sexo, direccion, idLocalidad, fechaNacimiento, nacionalidad, activo) VALUES ('35257268', 'Eric', 'Kidd', 1, '36959 Haney Hill Apt. 640', 235, '1977-12-24', 'Británico', 1);
INSERT INTO Persona (DNI, nombre, apellido, sexo, direccion, idLocalidad, fechaNacimiento, nacionalidad, activo) VALUES ('22681428', 'Sharon', 'Osborne', 2, '743 Robinson Field', 235, '1981-09-20', 'Brasileño', 0);
INSERT INTO Persona (DNI, nombre, apellido, sexo, direccion, idLocalidad, fechaNacimiento, nacionalidad, activo) VALUES ('40605689', 'David', 'Campos', 1, '104 Johnson Lakes', 235, '1989-04-21', 'Venezolano', 0);
INSERT INTO Persona (DNI, nombre, apellido, sexo, direccion, idLocalidad, fechaNacimiento, nacionalidad, activo) VALUES ('45738302', 'Carlos', 'Browning', 1, '623 Kristin Wells Suite 884', 235, '1995-12-25', 'Neerlandés', 1);
INSERT INTO Persona (DNI, nombre, apellido, sexo, direccion, idLocalidad, fechaNacimiento, nacionalidad, activo) VALUES ('36299840', 'Carmen', 'Sloan', 2, '5171 Karen Fork Suite 851', 235, '1993-04-10', 'Estadounidense', 1);
INSERT INTO Persona (DNI, nombre, apellido, sexo, direccion, idLocalidad, fechaNacimiento, nacionalidad, activo) VALUES ('26675635', 'Jennifer', 'Baker', 2, '5496 Rodriguez Fort', 235, '1971-07-21', 'Uruguayo', 1);
INSERT INTO Persona (DNI, nombre, apellido, sexo, direccion, idLocalidad, fechaNacimiento, nacionalidad, activo) VALUES ('37485949', 'Allison', 'Henson', 2, '317 Banks Crescent Apt. 004', 235, '2007-03-29', 'Francés', 1);
INSERT INTO Persona (DNI, nombre, apellido, sexo, direccion, idLocalidad, fechaNacimiento, nacionalidad, activo) VALUES ('28812517', 'Johnathan', 'Davis', 1, '7586 Nicole Shoal', 235, '1946-03-17', 'Estadounidense', 1);
INSERT INTO Persona (DNI, nombre, apellido, sexo, direccion, idLocalidad, fechaNacimiento, nacionalidad, activo) VALUES ('42298746', 'Sandra', 'Gilbert', 2, '53773 Garcia Spur Suite 850', 235, '1966-07-24', 'Español', 1);
INSERT INTO Persona (DNI, nombre, apellido, sexo, direccion, idLocalidad, fechaNacimiento, nacionalidad, activo) VALUES ('25553444', 'Donald', 'Donaldson', 1, '39005 Vanessa Turnpike Apt. 183', 235, '1979-05-16', 'Portugués', 0);
INSERT INTO Persona (DNI, nombre, apellido, sexo, direccion, idLocalidad, fechaNacimiento, nacionalidad, activo) VALUES ('40922406', 'Cindy', 'Kane', 2, '90422 Lindsey Creek Apt. 205', 235, '1993-03-24', 'Francés', 0);
INSERT INTO Persona (DNI, nombre, apellido, sexo, direccion, idLocalidad, fechaNacimiento, nacionalidad, activo) VALUES ('37067420', 'Rachel', 'Chapman', 2, '40268 Julie Mountains', 235, '1969-12-21', 'Sueco', 0);
INSERT INTO Persona (DNI, nombre, apellido, sexo, direccion, idLocalidad, fechaNacimiento, nacionalidad, activo) VALUES ('21294225', 'Paula', 'Palmer', 2, '8390 Ellis Burgs', 235, '1943-08-10', 'Británico', 0);
INSERT INTO Persona (DNI, nombre, apellido, sexo, direccion, idLocalidad, fechaNacimiento, nacionalidad, activo) VALUES ('40501050', 'Yvette', 'Boone', 2, '177 Rachel Islands Apt. 124', 235, '1981-12-14', 'Neerlandés', 1);
INSERT INTO Persona (DNI, nombre, apellido, sexo, direccion, idLocalidad, fechaNacimiento, nacionalidad, activo) VALUES ('33428753', 'Mark', 'Kelley', 1, '9847 Garcia Squares Apt. 836', 235, '1970-03-13', 'Canadiense', 1);
INSERT INTO Persona (DNI, nombre, apellido, sexo, direccion, idLocalidad, fechaNacimiento, nacionalidad, activo) VALUES ('44556307', 'Stephen', 'Gutierrez', 1, '6156 Ortega Landing Apt. 711', 235, '1996-01-26', 'Español', 1);
INSERT INTO Persona (DNI, nombre, apellido, sexo, direccion, idLocalidad, fechaNacimiento, nacionalidad, activo) VALUES ('36140039', 'Angela', 'Reynolds', 2, '80988 Santiago Loop Suite 604', 235, '1980-04-29', 'Colombiano', 0);
INSERT INTO Persona (DNI, nombre, apellido, sexo, direccion, idLocalidad, fechaNacimiento, nacionalidad, activo) VALUES ('33483090', 'Erik', 'Garcia', 1, '73158 Wilson Harbors', 235, '1978-07-15', 'Estadounidense', 1);
INSERT INTO Persona (DNI, nombre, apellido, sexo, direccion, idLocalidad, fechaNacimiento, nacionalidad, activo) VALUES ('18127581', 'Darrell', 'Patterson', 1, '402 Park Inlet', 235, '2002-03-06', 'Noruego', 1);
INSERT INTO Persona (DNI, nombre, apellido, sexo, direccion, idLocalidad, fechaNacimiento, nacionalidad, activo) VALUES ('46778085', 'Gerald', 'Smith', 1, '612 Christopher Pines', 235, '1954-02-09', 'Colombiano', 1);
INSERT INTO Persona (DNI, nombre, apellido, sexo, direccion, idLocalidad, fechaNacimiento, nacionalidad, activo) VALUES ('46294643', 'James', 'Chavez', 1, '4599 Nicole Drives', 235, '1950-03-07', 'Mexicano', 1);
INSERT INTO Persona (DNI, nombre, apellido, sexo, direccion, idLocalidad, fechaNacimiento, nacionalidad, activo) VALUES ('28941542', 'Nicole', 'Williams', 2, '7679 Perry Forge', 235, '1990-11-04', 'Sueco', 1);
INSERT INTO Persona (DNI, nombre, apellido, sexo, direccion, idLocalidad, fechaNacimiento, nacionalidad, activo) VALUES ('30327210', 'Kayla', 'Reed', 2, '9784 Jeffrey Rapid', 235, '1943-03-13', 'Neerlandés', 0);
INSERT INTO Persona (DNI, nombre, apellido, sexo, direccion, idLocalidad, fechaNacimiento, nacionalidad, activo) VALUES ('45932762', 'Adam', 'Turner', 1, '44510 Burgess Extensions', 235, '1948-04-04', 'Alemán', 0);
INSERT INTO Persona (DNI, nombre, apellido, sexo, direccion, idLocalidad, fechaNacimiento, nacionalidad, activo) VALUES ('40926675', 'James', 'Padilla', 1, '60607 Michelle Ports Suite 966', 235, '1959-03-03', 'Uruguayo', 1);
INSERT INTO Persona (DNI, nombre, apellido, sexo, direccion, idLocalidad, fechaNacimiento, nacionalidad, activo) VALUES ('42533071', 'Ashley', 'Smith', 2, '97516 John Radial Suite 816', 235, '1998-09-16', 'Francés', 1);
INSERT INTO Persona (DNI, nombre, apellido, sexo, direccion, idLocalidad, fechaNacimiento, nacionalidad, activo) VALUES ('43101028', 'Eric', 'Morgan', 1, '18188 Rebecca Keys Suite 231', 235, '1949-06-07', 'Español', 1);
INSERT INTO Persona (DNI, nombre, apellido, sexo, direccion, idLocalidad, fechaNacimiento, nacionalidad, activo) VALUES ('33071765', 'Dawn', 'Thompson', 2, '127 Webster Trace', 235, '1978-11-25', 'Mexicano', 1);
INSERT INTO Persona (DNI, nombre, apellido, sexo, direccion, idLocalidad, fechaNacimiento, nacionalidad, activo) VALUES ('33519275', 'Joann', 'Glass', 2, '527 Taylor Roads Suite 490', 235, '1963-06-02', 'Italiano', 1);
INSERT INTO Persona (DNI, nombre, apellido, sexo, direccion, idLocalidad, fechaNacimiento, nacionalidad, activo) VALUES ('44178990', 'Katie', 'Collins', 2, '05411 Ford Plaza Apt. 793', 235, '1961-05-07', 'Portugués', 1);
INSERT INTO Persona (DNI, nombre, apellido, sexo, direccion, idLocalidad, fechaNacimiento, nacionalidad, activo) VALUES ('22837055', 'Larry', 'Mason', 1, '1518 Benjamin Station', 235, '1969-04-04', 'Peruano', 1);
INSERT INTO Persona (DNI, nombre, apellido, sexo, direccion, idLocalidad, fechaNacimiento, nacionalidad, activo) VALUES ('39988158', 'Wendy', 'Warren', 2, '5466 Shelton Center', 235, '1993-03-05', 'Chileno', 1);
INSERT INTO Persona (DNI, nombre, apellido, sexo, direccion, idLocalidad, fechaNacimiento, nacionalidad, activo) VALUES ('37269701', 'Lynn', 'Cook', 2, '86449 Mathew Prairie Apt. 546', 235, '1948-03-30', 'Alemán', 1);
INSERT INTO Persona (DNI, nombre, apellido, sexo, direccion, idLocalidad, fechaNacimiento, nacionalidad, activo) VALUES ('19236121', 'Kurt', 'Hurley', 1, '652 Debbie Manors Suite 054', 235, '1951-09-26', 'Neerlandés', 0);
INSERT INTO Persona (DNI, nombre, apellido, sexo, direccion, idLocalidad, fechaNacimiento, nacionalidad, activo) VALUES ('18345769', 'Tiffany', 'Peterson', 2, '32214 William Plains Apt. 592', 235, '1980-02-10', 'Colombiano', 1);
INSERT INTO Persona (DNI, nombre, apellido, sexo, direccion, idLocalidad, fechaNacimiento, nacionalidad, activo) VALUES ('28756599', 'Jamie', 'Martin', 2, '706 Rhodes Freeway', 235, '2005-06-13', 'Brasileño', 0);
INSERT INTO Persona (DNI, nombre, apellido, sexo, direccion, idLocalidad, fechaNacimiento, nacionalidad, activo) VALUES ('41223637', 'Jeremy', 'Mitchell', 1, '83473 Gregory Ports Suite 746', 235, '1973-09-09', 'Uruguayo', 1);
INSERT INTO Persona (DNI, nombre, apellido, sexo, direccion, idLocalidad, fechaNacimiento, nacionalidad, activo) VALUES ('36804899', 'Kelsey', 'Burch', 2, '240 Sawyer Plaza', 235, '2003-01-17', 'Francés', 1);
INSERT INTO Persona (DNI, nombre, apellido, sexo, direccion, idLocalidad, fechaNacimiento, nacionalidad, activo) VALUES ('25625385', 'Brian', 'Singleton', 1, '1247 Mariah Course', 235, '2003-11-15', 'Francés', 1);
INSERT INTO Persona (DNI, nombre, apellido, sexo, direccion, idLocalidad, fechaNacimiento, nacionalidad, activo) VALUES ('35718501', 'Susan', 'Velasquez', 2, '60685 Paul Common Suite 305', 235, '2002-10-23', 'Noruego', 0);
INSERT INTO Persona (DNI, nombre, apellido, sexo, direccion, idLocalidad, fechaNacimiento, nacionalidad, activo) VALUES ('22633172', 'Brett', 'Espinoza', 1, '20472 West Avenue Apt. 043', 235, '1996-04-15', 'Peruano', 1);
INSERT INTO Persona (DNI, nombre, apellido, sexo, direccion, idLocalidad, fechaNacimiento, nacionalidad, activo) VALUES ('40513773', 'Chase', 'Bentley', 1, '43410 Robert Underpass Suite 117', 235, '1980-01-29', 'Británico', 0);
INSERT INTO Persona (DNI, nombre, apellido, sexo, direccion, idLocalidad, fechaNacimiento, nacionalidad, activo) VALUES ('38286814', 'Joshua', 'Chen', 1, '246 Christina Garden', 235, '1978-04-20', 'Portugués', 0);
INSERT INTO Persona (DNI, nombre, apellido, sexo, direccion, idLocalidad, fechaNacimiento, nacionalidad, activo) VALUES ('25884207', 'Jennifer', 'Beck', 2, '518 Peter Mountains', 235, '1942-06-07', 'Brasileño', 0);
INSERT INTO Persona (DNI, nombre, apellido, sexo, direccion, idLocalidad, fechaNacimiento, nacionalidad, activo) VALUES ('27577579', 'Mark', 'Zavala', 1, '051 Allen Shoals Apt. 952', 235, '1942-06-26', 'Español', 1);
INSERT INTO Persona (DNI, nombre, apellido, sexo, direccion, idLocalidad, fechaNacimiento, nacionalidad, activo) VALUES ('32822984', 'Heather', 'Morgan', 2, '772 Bryan Trail', 235, '2003-09-06', 'Mexicano', 0);
INSERT INTO Persona (DNI, nombre, apellido, sexo, direccion, idLocalidad, fechaNacimiento, nacionalidad, activo) VALUES ('20703704', 'Judith', 'Carter', 2, '05486 King Terrace', 235, '1983-06-28', 'Sueco', 0);
INSERT INTO Persona (DNI, nombre, apellido, sexo, direccion, idLocalidad, fechaNacimiento, nacionalidad, activo) VALUES ('35794029', 'Corey', 'Kelly', 1, '541 Kim Locks', 235, '1990-01-19', 'Uruguayo', 1);
INSERT INTO Persona (DNI, nombre, apellido, sexo, direccion, idLocalidad, fechaNacimiento, nacionalidad, activo) VALUES ('22790951', 'Jeremiah', 'Huber', 1, '77584 Jessica Common Suite 928', 235, '1959-06-17', 'Neerlandés', 0);
INSERT INTO Persona (DNI, nombre, apellido, sexo, direccion, idLocalidad, fechaNacimiento, nacionalidad, activo) VALUES ('23567342', 'Erica', 'Miller', 2, '7962 Bell Canyon Suite 964', 235, '1982-12-26', 'Venezolano', 1);
INSERT INTO Persona (DNI, nombre, apellido, sexo, direccion, idLocalidad, fechaNacimiento, nacionalidad, activo) VALUES ('37736848', 'William', 'Gould', 1, '658 Stephanie Divide', 235, '1997-03-21', 'Portugués', 1);
INSERT INTO Persona (DNI, nombre, apellido, sexo, direccion, idLocalidad, fechaNacimiento, nacionalidad, activo) VALUES ('46716844', 'Lawrence', 'Harrington', 1, '13556 Cassie Springs', 235, '1970-01-31', 'Uruguayo', 1);

INSERT INTO Telefonos (idPersona, telefono) VALUES ('46877554', '11-1216-1137'); --TELEFONOS
INSERT INTO Telefonos (idPersona, telefono) VALUES ('45905927', '11-1921-4984');
INSERT INTO Telefonos (idPersona, telefono) VALUES ('46895255', '11-3325-7656');
INSERT INTO Telefonos (idPersona, telefono) VALUES ('39342796', '11-3234-1212');
INSERT INTO Telefonos (idPersona, telefono) VALUES ('40283157', '11-6732-1144');

INSERT INTO Telefonos (idPersona, telefono) VALUES ('39711873', '11-4263-7302');
INSERT INTO Telefonos (idPersona, telefono) VALUES ('17388396', '11-1111-1111');
INSERT INTO Telefonos (idPersona, telefono) VALUES ('15999828', '11-6881-5847');
INSERT INTO Telefonos (idPersona, telefono) VALUES ('22767053', '11-2222-2222');
INSERT INTO Telefonos (idPersona, telefono) VALUES ('33832259', '11-1132-1803');
INSERT INTO Telefonos (idPersona, telefono) VALUES ('22837055', '11-3333-3333');
INSERT INTO Telefonos (idPersona, telefono) VALUES ('42159979', '11-4115-5106');
INSERT INTO Telefonos (idPersona, telefono) VALUES ('22224730', '11-8222-1546');
INSERT INTO Telefonos (idPersona, telefono) VALUES ('23567342', '11-4444-4444');
INSERT INTO Telefonos (idPersona, telefono) VALUES ('43437192', '11-7807-3877');
INSERT INTO Telefonos (idPersona, telefono) VALUES ('32992829', '11-9221-5465');
INSERT INTO Telefonos (idPersona, telefono) VALUES ('34372723', '11-6549-2886');
INSERT INTO Telefonos (idPersona, telefono) VALUES ('17677374', '11-7511-6992');
INSERT INTO Telefonos (idPersona, telefono) VALUES ('20457765', '11-3024-8451');
INSERT INTO Telefonos (idPersona, telefono) VALUES ('35439044', '11-7086-2775');
INSERT INTO Telefonos (idPersona, telefono) VALUES ('24057945', '11-4626-2035');
INSERT INTO Telefonos (idPersona, telefono) VALUES ('25246860', '11-5555-5555');
INSERT INTO Telefonos (idPersona, telefono) VALUES ('42012854', '11-3290-1742');
INSERT INTO Telefonos (idPersona, telefono) VALUES ('22134562', '11-4846-9807');
INSERT INTO Telefonos (idPersona, telefono) VALUES ('23275445', '11-9850-7866');
INSERT INTO Telefonos (idPersona, telefono) VALUES ('22359183', '11-7686-5583');
INSERT INTO Telefonos (idPersona, telefono) VALUES ('43893819', '11-4868-6942');
INSERT INTO Telefonos (idPersona, telefono) VALUES ('27910648', '11-7523-5520');
INSERT INTO Telefonos (idPersona, telefono) VALUES ('37826523', '11-4475-1349');
INSERT INTO Telefonos (idPersona, telefono) VALUES ('29588301', '11-4362-2124');
INSERT INTO Telefonos (idPersona, telefono) VALUES ('32034970', '11-1046-5542');
INSERT INTO Telefonos (idPersona, telefono) VALUES ('40585616', '11-2801-1422');
INSERT INTO Telefonos (idPersona, telefono) VALUES ('31394887', '11-6304-1258');
INSERT INTO Telefonos (idPersona, telefono) VALUES ('23082309', '11-7897-9619');
INSERT INTO Telefonos (idPersona, telefono) VALUES ('19308102', '11-9408-2786');
INSERT INTO Telefonos (idPersona, telefono) VALUES ('22106768', '11-9543-5941');
INSERT INTO Telefonos (idPersona, telefono) VALUES ('19060227', '11-7984-2768');
INSERT INTO Telefonos (idPersona, telefono) VALUES ('34744773', '11-3430-2076');
INSERT INTO Telefonos (idPersona, telefono) VALUES ('45380854', '11-9692-5831');
INSERT INTO Telefonos (idPersona, telefono) VALUES ('37447169', '11-2874-4522');
INSERT INTO Telefonos (idPersona, telefono) VALUES ('23153634', '11-8430-7532');
INSERT INTO Telefonos (idPersona, telefono) VALUES ('26888253', '11-5176-7132');
INSERT INTO Telefonos (idPersona, telefono) VALUES ('17033823', '11-2527-8075');
INSERT INTO Telefonos (idPersona, telefono) VALUES ('32994763', '11-6400-3002');
INSERT INTO Telefonos (idPersona, telefono) VALUES ('23382113', '11-1842-5712');
INSERT INTO Telefonos (idPersona, telefono) VALUES ('18129379', '11-8900-4674');
INSERT INTO Telefonos (idPersona, telefono) VALUES ('44012852', '11-5564-4705');
INSERT INTO Telefonos (idPersona, telefono) VALUES ('23898737', '11-3955-5477');
INSERT INTO Telefonos (idPersona, telefono) VALUES ('20194119', '11-3347-7566');
INSERT INTO Telefonos (idPersona, telefono) VALUES ('40097895', '11-9691-4524');
INSERT INTO Telefonos (idPersona, telefono) VALUES ('16908561', '11-7062-6105');
INSERT INTO Telefonos (idPersona, telefono) VALUES ('28548459', '11-1815-2336');
INSERT INTO Telefonos (idPersona, telefono) VALUES ('35782994', '11-8242-7785');
INSERT INTO Telefonos (idPersona, telefono) VALUES ('46363537', '11-8043-2816');
INSERT INTO Telefonos (idPersona, telefono) VALUES ('19391546', '11-4612-7475');
INSERT INTO Telefonos (idPersona, telefono) VALUES ('35842645', '11-3248-5186');
INSERT INTO Telefonos (idPersona, telefono) VALUES ('19444504', '11-8055-3878');
INSERT INTO Telefonos (idPersona, telefono) VALUES ('29703034', '11-6802-2180');
INSERT INTO Telefonos (idPersona, telefono) VALUES ('46264544', '11-2275-6129');
INSERT INTO Telefonos (idPersona, telefono) VALUES ('24138489', '11-2887-7636');
INSERT INTO Telefonos (idPersona, telefono) VALUES ('31958713', '11-6928-2443');
INSERT INTO Telefonos (idPersona, telefono) VALUES ('42828304', '11-7560-9584');
INSERT INTO Telefonos (idPersona, telefono) VALUES ('36377977', '11-6456-3754');
INSERT INTO Telefonos (idPersona, telefono) VALUES ('33820911', '11-9355-4176');
INSERT INTO Telefonos (idPersona, telefono) VALUES ('43004361', '11-2684-3399');
INSERT INTO Telefonos (idPersona, telefono) VALUES ('16403543', '11-2234-3902');
INSERT INTO Telefonos (idPersona, telefono) VALUES ('37378571', '11-6295-6179');
INSERT INTO Telefonos (idPersona, telefono) VALUES ('46063479', '11-5961-5500');
INSERT INTO Telefonos (idPersona, telefono) VALUES ('39715002', '11-8565-8404');
INSERT INTO Telefonos (idPersona, telefono) VALUES ('27835970', '11-2479-9307');
INSERT INTO Telefonos (idPersona, telefono) VALUES ('26732589', '11-4084-6267');
INSERT INTO Telefonos (idPersona, telefono) VALUES ('28370299', '11-2695-6626');
INSERT INTO Telefonos (idPersona, telefono) VALUES ('37800844', '11-5059-8172');
INSERT INTO Telefonos (idPersona, telefono) VALUES ('16283698', '11-7108-5634');
INSERT INTO Telefonos (idPersona, telefono) VALUES ('29642948', '11-6482-2079');
INSERT INTO Telefonos (idPersona, telefono) VALUES ('38782887', '11-5128-3463');
INSERT INTO Telefonos (idPersona, telefono) VALUES ('27221244', '11-6082-7421');
INSERT INTO Telefonos (idPersona, telefono) VALUES ('39150945', '11-6381-3093');
INSERT INTO Telefonos (idPersona, telefono) VALUES ('38394432', '11-6928-1298');
INSERT INTO Telefonos (idPersona, telefono) VALUES ('37727018', '11-8967-4145');
INSERT INTO Telefonos (idPersona, telefono) VALUES ('25196351', '11-2657-9317');
INSERT INTO Telefonos (idPersona, telefono) VALUES ('30602414', '11-3147-7172');
INSERT INTO Telefonos (idPersona, telefono) VALUES ('37107362', '11-8170-1715');
INSERT INTO Telefonos (idPersona, telefono) VALUES ('37575276', '11-5668-8355');
INSERT INTO Telefonos (idPersona, telefono) VALUES ('23215552', '11-4178-7026');
INSERT INTO Telefonos (idPersona, telefono) VALUES ('39103689', '11-9239-9641');
INSERT INTO Telefonos (idPersona, telefono) VALUES ('44952693', '11-1854-8873');
INSERT INTO Telefonos (idPersona, telefono) VALUES ('44952693', '11-7081-2680');
INSERT INTO Telefonos (idPersona, telefono) VALUES ('16685049', '11-2374-3626');
INSERT INTO Telefonos (idPersona, telefono) VALUES ('37400191', '11-2502-4637');
INSERT INTO Telefonos (idPersona, telefono) VALUES ('45105308', '11-7495-9224');
INSERT INTO Telefonos (idPersona, telefono) VALUES ('43181122', '11-4678-1461');
INSERT INTO Telefonos (idPersona, telefono) VALUES ('17599909', '11-3254-1627');
INSERT INTO Telefonos (idPersona, telefono) VALUES ('19643063', '11-8685-8349');
INSERT INTO Telefonos (idPersona, telefono) VALUES ('17155162', '11-3449-9991');
INSERT INTO Telefonos (idPersona, telefono) VALUES ('17089290', '11-5934-2996');
INSERT INTO Telefonos (idPersona, telefono) VALUES ('43747156', '11-2816-9189');
INSERT INTO Telefonos (idPersona, telefono) VALUES ('43636961', '11-3352-5772');
INSERT INTO Telefonos (idPersona, telefono) VALUES ('22362568', '11-7825-4068');
INSERT INTO Telefonos (idPersona, telefono) VALUES ('37443674', '11-9914-9312');
INSERT INTO Telefonos (idPersona, telefono) VALUES ('45431482', '11-7338-7116');
INSERT INTO Telefonos (idPersona, telefono) VALUES ('19553319', '11-4950-2698');
INSERT INTO Telefonos (idPersona, telefono) VALUES ('22102140', '11-6546-3868');
INSERT INTO Telefonos (idPersona, telefono) VALUES ('23464827', '11-2033-8498');
INSERT INTO Telefonos (idPersona, telefono) VALUES ('22523647', '11-1686-6170');
INSERT INTO Telefonos (idPersona, telefono) VALUES ('35848565', '11-1599-4131');
INSERT INTO Telefonos (idPersona, telefono) VALUES ('33923678', '11-3039-7029');
INSERT INTO Telefonos (idPersona, telefono) VALUES ('41098364', '11-6554-4060');
INSERT INTO Telefonos (idPersona, telefono) VALUES ('34320532', '11-7955-2293');
INSERT INTO Telefonos (idPersona, telefono) VALUES ('18419240', '11-2680-2311');
INSERT INTO Telefonos (idPersona, telefono) VALUES ('26650225', '11-7981-3730');
INSERT INTO Telefonos (idPersona, telefono) VALUES ('31977226', '11-6776-8126');
INSERT INTO Telefonos (idPersona, telefono) VALUES ('42592846', '11-9406-3621');
INSERT INTO Telefonos (idPersona, telefono) VALUES ('27153013', '11-3068-2101');
INSERT INTO Telefonos (idPersona, telefono) VALUES ('20910175', '11-1530-3513');
INSERT INTO Telefonos (idPersona, telefono) VALUES ('30598575', '11-3255-9674');
INSERT INTO Telefonos (idPersona, telefono) VALUES ('25814747', '11-2858-1424');
INSERT INTO Telefonos (idPersona, telefono) VALUES ('44582633', '11-2929-5288');
INSERT INTO Telefonos (idPersona, telefono) VALUES ('34120981', '11-9047-4279');
INSERT INTO Telefonos (idPersona, telefono) VALUES ('31586173', '11-8292-2438');
INSERT INTO Telefonos (idPersona, telefono) VALUES ('31586173', '11-6236-6692');
INSERT INTO Telefonos (idPersona, telefono) VALUES ('22117561', '11-9882-5757');
INSERT INTO Telefonos (idPersona, telefono) VALUES ('24383781', '11-9335-4673');
INSERT INTO Telefonos (idPersona, telefono) VALUES ('32335133', '11-1430-6912');
INSERT INTO Telefonos (idPersona, telefono) VALUES ('39161696', '11-2412-2077');
INSERT INTO Telefonos (idPersona, telefono) VALUES ('38173004', '11-7730-7708');
INSERT INTO Telefonos (idPersona, telefono) VALUES ('41606412', '11-8632-9476');
INSERT INTO Telefonos (idPersona, telefono) VALUES ('22435541', '11-8088-9238');
INSERT INTO Telefonos (idPersona, telefono) VALUES ('37278801', '11-3697-3653');
INSERT INTO Telefonos (idPersona, telefono) VALUES ('29277538', '11-5105-4216');
INSERT INTO Telefonos (idPersona, telefono) VALUES ('24090446', '11-9740-2530');
INSERT INTO Telefonos (idPersona, telefono) VALUES ('19048539', '11-6531-1674');
INSERT INTO Telefonos (idPersona, telefono) VALUES ('39926952', '11-4453-7825');
INSERT INTO Telefonos (idPersona, telefono) VALUES ('39783459', '11-5949-8912');
INSERT INTO Telefonos (idPersona, telefono) VALUES ('18373096', '11-1981-3589');
INSERT INTO Telefonos (idPersona, telefono) VALUES ('27109159', '11-6573-3353');
INSERT INTO Telefonos (idPersona, telefono) VALUES ('38757158', '11-3142-7070');
INSERT INTO Telefonos (idPersona, telefono) VALUES ('16829589', '11-3007-5382');
INSERT INTO Telefonos (idPersona, telefono) VALUES ('18442270', '11-5754-7293');
INSERT INTO Telefonos (idPersona, telefono) VALUES ('30750347', '11-6123-4110');
INSERT INTO Telefonos (idPersona, telefono) VALUES ('21186218', '11-6055-9148');
INSERT INTO Telefonos (idPersona, telefono) VALUES ('18828129', '11-4524-6781');
INSERT INTO Telefonos (idPersona, telefono) VALUES ('17485785', '11-8710-5681');
INSERT INTO Telefonos (idPersona, telefono) VALUES ('42217411', '11-5333-6992');
INSERT INTO Telefonos (idPersona, telefono) VALUES ('18974574', '11-4189-6939');
INSERT INTO Telefonos (idPersona, telefono) VALUES ('30116756', '11-5582-2946');
INSERT INTO Telefonos (idPersona, telefono) VALUES ('25246860', '11-6990-3363');
INSERT INTO Telefonos (idPersona, telefono) VALUES ('35988801', '11-1637-3245');
INSERT INTO Telefonos (idPersona, telefono) VALUES ('20269961', '11-9446-3290');
INSERT INTO Telefonos (idPersona, telefono) VALUES ('20252363', '11-5902-6511');
INSERT INTO Telefonos (idPersona, telefono) VALUES ('38131456', '11-5911-8780');
INSERT INTO Telefonos (idPersona, telefono) VALUES ('22767053', '11-6040-1436');
INSERT INTO Telefonos (idPersona, telefono) VALUES ('17388396', '11-1841-8871');
INSERT INTO Telefonos (idPersona, telefono) VALUES ('29265296', '11-4968-1517');
INSERT INTO Telefonos (idPersona, telefono) VALUES ('36731015', '11-7861-3481');
INSERT INTO Telefonos (idPersona, telefono) VALUES ('17396116', '11-2020-3262');
INSERT INTO Telefonos (idPersona, telefono) VALUES ('34966364', '11-8837-9609');
INSERT INTO Telefonos (idPersona, telefono) VALUES ('30726894', '11-6608-9950');
INSERT INTO Telefonos (idPersona, telefono) VALUES ('31793059', '11-5038-5571');
INSERT INTO Telefonos (idPersona, telefono) VALUES ('35066780', '11-4396-9011');
INSERT INTO Telefonos (idPersona, telefono) VALUES ('35257268', '11-2996-9899');
INSERT INTO Telefonos (idPersona, telefono) VALUES ('22681428', '11-1689-5712');
INSERT INTO Telefonos (idPersona, telefono) VALUES ('40605689', '11-8849-4505');
INSERT INTO Telefonos (idPersona, telefono) VALUES ('40605689', '11-4310-9824');
INSERT INTO Telefonos (idPersona, telefono) VALUES ('45738302', '11-2789-4920');
INSERT INTO Telefonos (idPersona, telefono) VALUES ('36299840', '11-4814-1860');
INSERT INTO Telefonos (idPersona, telefono) VALUES ('26675635', '11-3252-1084');
INSERT INTO Telefonos (idPersona, telefono) VALUES ('37485949', '11-4267-5706');
INSERT INTO Telefonos (idPersona, telefono) VALUES ('28812517', '11-4804-9767');
INSERT INTO Telefonos (idPersona, telefono) VALUES ('42298746', '11-7504-9116');
INSERT INTO Telefonos (idPersona, telefono) VALUES ('25553444', '11-2758-6489');
INSERT INTO Telefonos (idPersona, telefono) VALUES ('40922406', '11-9261-8668');
INSERT INTO Telefonos (idPersona, telefono) VALUES ('37067420', '11-8518-5215');
INSERT INTO Telefonos (idPersona, telefono) VALUES ('21294225', '11-4164-3875');
INSERT INTO Telefonos (idPersona, telefono) VALUES ('40501050', '11-7567-2562');
INSERT INTO Telefonos (idPersona, telefono) VALUES ('33428753', '11-1111-5272');
INSERT INTO Telefonos (idPersona, telefono) VALUES ('44556307', '11-5947-1187');
INSERT INTO Telefonos (idPersona, telefono) VALUES ('44556307', '11-5285-6890');
INSERT INTO Telefonos (idPersona, telefono) VALUES ('36140039', '11-2936-8625');
INSERT INTO Telefonos (idPersona, telefono) VALUES ('33483090', '11-2923-5833');
INSERT INTO Telefonos (idPersona, telefono) VALUES ('18127581', '11-3509-8454');
INSERT INTO Telefonos (idPersona, telefono) VALUES ('46778085', '11-4578-5054');
INSERT INTO Telefonos (idPersona, telefono) VALUES ('46294643', '11-2838-2011');
INSERT INTO Telefonos (idPersona, telefono) VALUES ('28941542', '11-6375-9525');
INSERT INTO Telefonos (idPersona, telefono) VALUES ('30327210', '11-9008-2489');
INSERT INTO Telefonos (idPersona, telefono) VALUES ('45932762', '11-9409-7806');
INSERT INTO Telefonos (idPersona, telefono) VALUES ('40926675', '11-6049-1356');
INSERT INTO Telefonos (idPersona, telefono) VALUES ('42533071', '11-2196-1742');
INSERT INTO Telefonos (idPersona, telefono) VALUES ('43101028', '11-1987-2130');
INSERT INTO Telefonos (idPersona, telefono) VALUES ('33071765', '11-3218-7887');
INSERT INTO Telefonos (idPersona, telefono) VALUES ('33519275', '11-2314-9835');
INSERT INTO Telefonos (idPersona, telefono) VALUES ('33519275', '11-3178-6697');
INSERT INTO Telefonos (idPersona, telefono) VALUES ('44178990', '11-7439-9664');
INSERT INTO Telefonos (idPersona, telefono) VALUES ('22837055', '11-8585-9920');
INSERT INTO Telefonos (idPersona, telefono) VALUES ('39988158', '11-8546-6671');
INSERT INTO Telefonos (idPersona, telefono) VALUES ('37269701', '11-7868-1256');
INSERT INTO Telefonos (idPersona, telefono) VALUES ('19236121', '11-1550-8314');
INSERT INTO Telefonos (idPersona, telefono) VALUES ('18345769', '11-8191-4839');
INSERT INTO Telefonos (idPersona, telefono) VALUES ('28756599', '11-9255-5739');
INSERT INTO Telefonos (idPersona, telefono) VALUES ('41223637', '11-5944-3347');
INSERT INTO Telefonos (idPersona, telefono) VALUES ('36804899', '11-1998-3869');
INSERT INTO Telefonos (idPersona, telefono) VALUES ('25625385', '11-7244-9592');
INSERT INTO Telefonos (idPersona, telefono) VALUES ('35718501', '11-7167-4012');
INSERT INTO Telefonos (idPersona, telefono) VALUES ('22633172', '11-3365-8586');
INSERT INTO Telefonos (idPersona, telefono) VALUES ('40513773', '11-4978-5177');
INSERT INTO Telefonos (idPersona, telefono) VALUES ('38286814', '11-7079-2514');
INSERT INTO Telefonos (idPersona, telefono) VALUES ('25884207', '11-1647-2192');
INSERT INTO Telefonos (idPersona, telefono) VALUES ('27577579', '11-5967-1251');
INSERT INTO Telefonos (idPersona, telefono) VALUES ('32822984', '11-8846-4974');
INSERT INTO Telefonos (idPersona, telefono) VALUES ('20703704', '11-7236-8639');
INSERT INTO Telefonos (idPersona, telefono) VALUES ('35794029', '11-9401-9147');
INSERT INTO Telefonos (idPersona, telefono) VALUES ('22790951', '11-4328-7073');
INSERT INTO Telefonos (idPersona, telefono) VALUES ('23567342', '11-3390-1265');
INSERT INTO Telefonos (idPersona, telefono) VALUES ('37736848', '11-6404-4768');
INSERT INTO Telefonos (idPersona, telefono) VALUES ('46716844', '11-9005-9037');

INSERT INTO Correos (idPersona, correo) VALUES ('46877554', 'agustin.baied@alumnos.frgp.utn.edu.ar'); --CORREOS
INSERT INTO Correos (idPersona, correo) VALUES ('45905927', 'luca.gauna@alumnos.frgp.utn.edu.ar');
INSERT INTO Correos (idPersona, correo) VALUES ('46895255', 'lautaro.camejo@alumnos.frgp.utn.edu.ar');
INSERT INTO Correos (idPersona, correo) VALUES ('39342796', 'franco.gabriel@alumnos.frgp.utn.edu.ar');
INSERT INTO Correos (idPersona, correo) VALUES ('40283157', 'lucas.saucedo@alumnos.frgp.utn.edu.ar');

INSERT INTO Correos (idPersona, correo) VALUES ('39711873', 'gomez.juan33@gmail.com');
INSERT INTO Correos (idPersona, correo) VALUES ('15999828', 'rodriguez.martin31@gmail.com');
INSERT INTO Correos (idPersona, correo) VALUES ('33832259', 'fernandez.lucia85@gmail.com');
INSERT INTO Correos (idPersona, correo) VALUES ('42159979', 'martin.diaz@gmail.com');
INSERT INTO Correos (idPersona, correo) VALUES ('22224730', 'pedrodiaz@gmail.com');
INSERT INTO Correos (idPersona, correo) VALUES ('17388396', 'juan.gonzalez1@example.com');
INSERT INTO Correos (idPersona, correo) VALUES ('22767053', 'wendy.durham@example.com');
INSERT INTO Correos (idPersona, correo) VALUES ('22837055', 'larry.mason@example.com');
INSERT INTO Correos (idPersona, correo) VALUES ('23567342', 'erica.miller@example.com');
INSERT INTO Correos (idPersona, correo) VALUES ('25246860', 'crystal.craig@example.com');
INSERT INTO Correos (idPersona, correo) VALUES ('43437192', 'maria.rodriguez@gmail.com');
INSERT INTO Correos (idPersona, correo) VALUES ('32992829', 'florencia.gomez@gmail.com');
INSERT INTO Correos (idPersona, correo) VALUES ('34372723', 'federico.rodriguez@gmail.com');
INSERT INTO Correos (idPersona, correo) VALUES ('17677374', 'gonzalezmaria@gmail.com');
INSERT INTO Correos (idPersona, correo) VALUES ('20457765', 'maria.diaz@gmail.com');
INSERT INTO Correos (idPersona, correo) VALUES ('35439044', 'fernandez.ana75@gmail.com');
INSERT INTO Correos (idPersona, correo) VALUES ('24057945', 'martin.fernandez@gmail.com');
INSERT INTO Correos (idPersona, correo) VALUES ('42012854', 'gonzalez.ana84@gmail.com');
INSERT INTO Correos (idPersona, correo) VALUES ('22134562', 'federicogomez@gmail.com');
INSERT INTO Correos (idPersona, correo) VALUES ('23275445', 'federico.sanchez@gmail.com');
INSERT INTO Correos (idPersona, correo) VALUES ('22359183', 'florenciadiaz@gmail.com');
INSERT INTO Correos (idPersona, correo) VALUES ('43893819', 'sanchez.martin28@gmail.com');
INSERT INTO Correos (idPersona, correo) VALUES ('27910648', 'pedro.perez@gmail.com');
INSERT INTO Correos (idPersona, correo) VALUES ('37826523', 'florenciasanchez@gmail.com');
INSERT INTO Correos (idPersona, correo) VALUES ('29588301', 'gomezmartin@gmail.com');
INSERT INTO Correos (idPersona, correo) VALUES ('32034970', 'julieta.gonzalez@gmail.com');
INSERT INTO Correos (idPersona, correo) VALUES ('40585616', 'carlos.romero@gmail.com');
INSERT INTO Correos (idPersona, correo) VALUES ('31394887', 'romeromartin@gmail.com');
INSERT INTO Correos (idPersona, correo) VALUES ('23082309', 'lopezmaria@gmail.com');
INSERT INTO Correos (idPersona, correo) VALUES ('19308102', 'sanchez.maria61@gmail.com');
INSERT INTO Correos (idPersona, correo) VALUES ('22106768', 'martinperez@gmail.com');
INSERT INTO Correos (idPersona, correo) VALUES ('19060227', 'diaz.carlos8@gmail.com');
INSERT INTO Correos (idPersona, correo) VALUES ('34744773', 'luciarodriguez@gmail.com');
INSERT INTO Correos (idPersona, correo) VALUES ('45380854', 'juan.rodriguez@gmail.com');
INSERT INTO Correos (idPersona, correo) VALUES ('37447169', 'rodriguez.ana78@gmail.com');
INSERT INTO Correos (idPersona, correo) VALUES ('23153634', 'romero.lucia30@gmail.com');
INSERT INTO Correos (idPersona, correo) VALUES ('26888253', 'fernandez.federico41@gmail.com');
INSERT INTO Correos (idPersona, correo) VALUES ('17033823', 'federicosanchez@gmail.com');
INSERT INTO Correos (idPersona, correo) VALUES ('32994763', 'anarodriguez@gmail.com');
INSERT INTO Correos (idPersona, correo) VALUES ('23382113', 'diaz.pedro86@gmail.com');
INSERT INTO Correos (idPersona, correo) VALUES ('18129379', 'romerojulieta@gmail.com');
INSERT INTO Correos (idPersona, correo) VALUES ('44012852', 'pedro.diaz@gmail.com');
INSERT INTO Correos (idPersona, correo) VALUES ('23898737', 'juan.perez@gmail.com');
INSERT INTO Correos (idPersona, correo) VALUES ('20194119', 'carlosdiaz@gmail.com');
INSERT INTO Correos (idPersona, correo) VALUES ('40097895', 'carlosfernandez@gmail.com');
INSERT INTO Correos (idPersona, correo) VALUES ('16908561', 'juan.gonzalez@gmail.com');
INSERT INTO Correos (idPersona, correo) VALUES ('28548459', 'rodriguezpedro@gmail.com');
INSERT INTO Correos (idPersona, correo) VALUES ('35782994', 'fernandez.florencia85@gmail.com');
INSERT INTO Correos (idPersona, correo) VALUES ('46363537', 'federicoalvarez@gmail.com');
INSERT INTO Correos (idPersona, correo) VALUES ('19391546', 'lucia.lopez@gmail.com');
INSERT INTO Correos (idPersona, correo) VALUES ('35842645', 'julieta.lopez@gmail.com');
INSERT INTO Correos (idPersona, correo) VALUES ('19444504', 'mariaromero@gmail.com');
INSERT INTO Correos (idPersona, correo) VALUES ('29703034', 'fernandezmaria@gmail.com');
INSERT INTO Correos (idPersona, correo) VALUES ('46264544', 'florenciaromero@gmail.com');
INSERT INTO Correos (idPersona, correo) VALUES ('24138489', 'gomez.pedro91@gmail.com');
INSERT INTO Correos (idPersona, correo) VALUES ('31958713', 'fernandez.florencia22@gmail.com');
INSERT INTO Correos (idPersona, correo) VALUES ('42828304', 'gonzalez.carlos32@gmail.com');
INSERT INTO Correos (idPersona, correo) VALUES ('36377977', 'juan.gonzalez@gmail.com');
INSERT INTO Correos (idPersona, correo) VALUES ('33820911', 'pedrosanchez@gmail.com');
INSERT INTO Correos (idPersona, correo) VALUES ('43004361', 'rodriguezmaria@gmail.com');
INSERT INTO Correos (idPersona, correo) VALUES ('16403543', 'romeroflorencia@gmail.com');
INSERT INTO Correos (idPersona, correo) VALUES ('37378571', 'gonzalez.ana97@gmail.com');
INSERT INTO Correos (idPersona, correo) VALUES ('46063479', 'romero.ana9@gmail.com');
INSERT INTO Correos (idPersona, correo) VALUES ('39715002', 'pedroperez@gmail.com');
INSERT INTO Correos (idPersona, correo) VALUES ('27835970', 'federico.fernandez@gmail.com');
INSERT INTO Correos (idPersona, correo) VALUES ('26732589', 'julietafernandez@gmail.com');
INSERT INTO Correos (idPersona, correo) VALUES ('28370299', 'luciafernandez@gmail.com');
INSERT INTO Correos (idPersona, correo) VALUES ('37800844', 'rodriguezcarlos@gmail.com');
INSERT INTO Correos (idPersona, correo) VALUES ('16283698', 'rodriguezjuan@gmail.com');
INSERT INTO Correos (idPersona, correo) VALUES ('29642948', 'florenciadiaz@gmail.com');
INSERT INTO Correos (idPersona, correo) VALUES ('38782887', 'alvarez.federico72@gmail.com');
INSERT INTO Correos (idPersona, correo) VALUES ('27221244', 'romerojuan@gmail.com');
INSERT INTO Correos (idPersona, correo) VALUES ('39150945', 'lopez.maria40@gmail.com');
INSERT INTO Correos (idPersona, correo) VALUES ('38394432', 'gomez.martin83@gmail.com');
INSERT INTO Correos (idPersona, correo) VALUES ('37727018', 'perezmartin@gmail.com');
INSERT INTO Correos (idPersona, correo) VALUES ('25196351', 'florenciaalvarez@gmail.com');
INSERT INTO Correos (idPersona, correo) VALUES ('30602414', 'lucia.diaz@gmail.com');
INSERT INTO Correos (idPersona, correo) VALUES ('37107362', 'fernandezjulieta@gmail.com');
INSERT INTO Correos (idPersona, correo) VALUES ('37575276', 'romerocarlos@gmail.com');
INSERT INTO Correos (idPersona, correo) VALUES ('23215552', 'lucia.fernandez@gmail.com');
INSERT INTO Correos (idPersona, correo) VALUES ('39103689', 'florencia.rodriguez@gmail.com');
INSERT INTO Correos (idPersona, correo) VALUES ('44952693', 'diazjulieta@gmail.com');
INSERT INTO Correos (idPersona, correo) VALUES ('44952693', 'julieta.diaz@gmail.com');
INSERT INTO Correos (idPersona, correo) VALUES ('16685049', 'federicofernandez@gmail.com');
INSERT INTO Correos (idPersona, correo) VALUES ('37400191', 'sanchezmaria@gmail.com');
INSERT INTO Correos (idPersona, correo) VALUES ('45105308', 'alvarez.julieta4@gmail.com');
INSERT INTO Correos (idPersona, correo) VALUES ('43181122', 'julietasanchez@gmail.com');
INSERT INTO Correos (idPersona, correo) VALUES ('17599909', 'martin.sanchez@gmail.com');
INSERT INTO Correos (idPersona, correo) VALUES ('19643063', 'gomezlucia@gmail.com');
INSERT INTO Correos (idPersona, correo) VALUES ('17155162', 'lucia.diaz@gmail.com');
INSERT INTO Correos (idPersona, correo) VALUES ('17089290', 'federico.lopez@gmail.com');
INSERT INTO Correos (idPersona, correo) VALUES ('43747156', 'diaz.federico54@gmail.com');
INSERT INTO Correos (idPersona, correo) VALUES ('43636961', 'gonzalezjulieta@gmail.com');
INSERT INTO Correos (idPersona, correo) VALUES ('22362568', 'martin.romero@gmail.com');
INSERT INTO Correos (idPersona, correo) VALUES ('37443674', 'federicosanchez@gmail.com');
INSERT INTO Correos (idPersona, correo) VALUES ('45431482', 'sanchez.pedro50@gmail.com');
INSERT INTO Correos (idPersona, correo) VALUES ('19553319', 'florenciaalvarez@gmail.com');
INSERT INTO Correos (idPersona, correo) VALUES ('22102140', 'pedro.gonzalez@gmail.com');
INSERT INTO Correos (idPersona, correo) VALUES ('23464827', 'lopezana@gmail.com');
INSERT INTO Correos (idPersona, correo) VALUES ('22523647', 'julietagonzalez@gmail.com');
INSERT INTO Correos (idPersona, correo) VALUES ('35848565', 'gonzalez.juan51@gmail.com');
INSERT INTO Correos (idPersona, correo) VALUES ('33923678', 'lucia.perez@gmail.com');
INSERT INTO Correos (idPersona, correo) VALUES ('41098364', 'gomez.julieta96@gmail.com');
INSERT INTO Correos (idPersona, correo) VALUES ('34320532', 'carlos.rodriguez@gmail.com');
INSERT INTO Correos (idPersona, correo) VALUES ('18419240', 'federico.fernandez@gmail.com');
INSERT INTO Correos (idPersona, correo) VALUES ('26650225', 'rodriguez.florencia40@gmail.com');


INSERT INTO Usuario (DNI, idRol, nombreUsuario, contrasenia, ultimoIngreso, alta) VALUES ('46877554', 1, 'agus', '123', CONVERT(datetime, '2025-06-24 08:00:00', 120), CONVERT(datetime, '2025-06-10 08:00:00', 120)); -- USUARIO
INSERT INTO Usuario (DNI, idRol, nombreUsuario, contrasenia, ultimoIngreso, alta) VALUES ('45905927', 1, 'luca', '123', CONVERT(datetime, '2025-06-24 08:00:00', 120), CONVERT(datetime, '2025-06-10 08:00:00', 120));
INSERT INTO Usuario (DNI, idRol, nombreUsuario, contrasenia, ultimoIngreso, alta) VALUES ('40283157', 1, 'lucas', '123', CONVERT(datetime, '2025-06-24 08:00:00', 120), CONVERT(datetime, '2025-06-10 08:00:00', 120));
INSERT INTO Usuario (DNI, idRol, nombreUsuario, contrasenia, ultimoIngreso, alta) VALUES ('46895255', 1, 'lautaro', '123', CONVERT(datetime, '2025-06-24 08:00:00', 120), CONVERT(datetime, '2025-06-10 08:00:00', 120));
INSERT INTO Usuario (DNI, idRol, nombreUsuario, contrasenia, ultimoIngreso, alta) VALUES ('39342796', 1, 'franco', '123', CONVERT(datetime, '2025-06-24 08:00:00', 120), CONVERT(datetime, '2025-06-10 08:00:00', 120));

INSERT INTO Usuario (DNI, idRol, nombreUsuario, contrasenia, ultimoIngreso, alta) VALUES ('25553444', 1, 'Donald', 'noche', CONVERT(datetime, '2025-05-17 04:53:04', 120), CONVERT(datetime, '2025-06-18 04:13:11', 120));
INSERT INTO Usuario (DNI, idRol, nombreUsuario, contrasenia, ultimoIngreso, alta) VALUES ('18129379', 1, 'Julieta', 'rayo', CONVERT(datetime, '2025-02-18 11:34:49', 120), CONVERT(datetime, '2025-01-29 09:32:37', 120));
INSERT INTO Usuario (DNI, idRol, nombreUsuario, contrasenia, ultimoIngreso, alta) VALUES ('36377977', 1, 'Juan', 'viento', CONVERT(datetime, '2025-03-04 13:04:46', 120), CONVERT(datetime, '2025-06-10 21:00:18', 120));
INSERT INTO Usuario (DNI, idRol, nombreUsuario, contrasenia, ultimoIngreso, alta) VALUES ('22359183', 1, 'Florencia', 'arena', CONVERT(datetime, '2025-05-28 20:43:26', 120), CONVERT(datetime, '2025-06-13 19:15:15', 120));
INSERT INTO Usuario (DNI, idRol, nombreUsuario, contrasenia, ultimoIngreso, alta) VALUES ('30726894', 1, 'Cynthia', 'fuego', CONVERT(datetime, '2025-03-18 06:07:05', 120), CONVERT(datetime, '2025-04-06 01:02:34', 120));
INSERT INTO Usuario (DNI, idRol, nombreUsuario, contrasenia, ultimoIngreso, alta) VALUES ('23464827', 2, 'Ana', 'cielo', CONVERT(datetime, '2025-04-23 02:59:52', 120), CONVERT(datetime, '2025-05-03 19:12:24', 120));
INSERT INTO Usuario (DNI, idRol, nombreUsuario, contrasenia, ultimoIngreso, alta) VALUES ('22767053', 2, 'Wendy', 'río', CONVERT(datetime, '2025-05-02 21:49:11', 120), CONVERT(datetime, '2025-03-22 10:25:43', 120));
INSERT INTO Usuario (DNI, idRol, nombreUsuario, contrasenia, ultimoIngreso, alta) VALUES ('23215552', 2, 'Lucía', 'nieve', CONVERT(datetime, '2025-03-29 18:26:02', 120), CONVERT(datetime, '2025-01-15 15:55:52', 120));
INSERT INTO Usuario (DNI, idRol, nombreUsuario, contrasenia, ultimoIngreso, alta) VALUES ('42298746', 2, 'Sandra', 'sombra', CONVERT(datetime, '2025-06-04 07:05:52', 120), CONVERT(datetime, '2025-06-20 21:40:48', 120));
INSERT INTO Usuario (DNI, idRol, nombreUsuario, contrasenia, ultimoIngreso, alta) VALUES ('17388396', 2, 'Cheryl', 'agua', CONVERT(datetime, '2025-01-19 01:51:11', 120), CONVERT(datetime, '2025-03-20 05:25:14', 120));
INSERT INTO Usuario (DNI, idRol, nombreUsuario, contrasenia, ultimoIngreso, alta) VALUES ('35842645', 2, 'Julieta', 'estrella', CONVERT(datetime, '2025-05-26 14:19:56', 120), CONVERT(datetime, '2025-02-24 00:37:32', 120));
INSERT INTO Usuario (DNI, idRol, nombreUsuario, contrasenia, ultimoIngreso, alta) VALUES ('43747156', 2, 'Federico', 'manzana', CONVERT(datetime, '2025-06-20 08:35:42', 120), CONVERT(datetime, '2025-03-13 15:59:46', 120));
INSERT INTO Usuario (DNI, idRol, nombreUsuario, contrasenia, ultimoIngreso, alta) VALUES ('36804899', 2, 'Kelsey', 'montaña', CONVERT(datetime, '2025-04-05 18:27:07', 120), CONVERT(datetime, '2025-03-05 13:16:42', 120));
INSERT INTO Usuario (DNI, idRol, nombreUsuario, contrasenia, ultimoIngreso, alta) VALUES ('16685049', 2, 'Federico', 'noche', CONVERT(datetime, '2025-01-01 11:31:31', 120), CONVERT(datetime, '2025-06-18 17:24:13', 120));
INSERT INTO Usuario (DNI, idRol, nombreUsuario, contrasenia, ultimoIngreso, alta) VALUES ('40605689', 2, 'David', 'viento', CONVERT(datetime, '2025-06-14 12:05:09', 120), CONVERT(datetime, '2025-05-23 06:44:29', 120));
INSERT INTO Usuario (DNI, idRol, nombreUsuario, contrasenia, ultimoIngreso, alta) VALUES ('30602414', 2, 'Lucía', 'nieve', CONVERT(datetime, '2025-05-22 22:23:22', 120), CONVERT(datetime, '2025-03-31 00:31:42', 120));
INSERT INTO Usuario (DNI, idRol, nombreUsuario, contrasenia, ultimoIngreso, alta) VALUES ('25246860', 2, 'Crystal', 'rayo', CONVERT(datetime, '2025-05-09 23:08:04', 120), CONVERT(datetime, '2025-05-16 09:36:07', 120));
INSERT INTO Usuario (DNI, idRol, nombreUsuario, contrasenia, ultimoIngreso, alta) VALUES ('22837055', 2, 'Larry', 'fuego', CONVERT(datetime, '2025-06-15 01:46:56', 120), CONVERT(datetime, '2025-01-13 07:08:32', 120));
INSERT INTO Usuario (DNI, idRol, nombreUsuario, contrasenia, ultimoIngreso, alta) VALUES ('22106768', 2, 'Martín', 'trueno', CONVERT(datetime, '2025-04-14 18:35:54', 120), CONVERT(datetime, '2025-03-19 05:29:25', 120));
INSERT INTO Usuario (DNI, idRol, nombreUsuario, contrasenia, ultimoIngreso, alta) VALUES ('44012852', 2, 'Pedro', 'luz', CONVERT(datetime, '2025-03-25 10:16:55', 120), CONVERT(datetime, '2025-06-10 04:04:07', 120));
INSERT INTO Usuario (DNI, idRol, nombreUsuario, contrasenia, ultimoIngreso, alta) VALUES ('23567342', 2, 'Erica', 'luna', CONVERT(datetime, '2025-04-07 01:32:19', 120), CONVERT(datetime, '2025-02-22 03:28:20', 120));
INSERT INTO Usuario (DNI, idRol, nombreUsuario, contrasenia, ultimoIngreso, alta) VALUES ('31586173', 2, 'Sarah', 'piedra', CONVERT(datetime, '2025-06-10 20:21:39', 120), CONVERT(datetime, '2025-02-25 01:38:22', 120));
INSERT INTO Usuario (DNI, idRol, nombreUsuario, contrasenia, ultimoIngreso, alta) VALUES ('43893819', 2, 'Martín', 'sol', CONVERT(datetime, '2025-04-17 06:39:07', 120), CONVERT(datetime, '2025-04-23 05:21:57', 120));
INSERT INTO Usuario (DNI, idRol, nombreUsuario, contrasenia, ultimoIngreso, alta) VALUES ('37575276', 2, 'Carlos', 'noche', CONVERT(datetime, '2025-04-20 22:24:48', 120), CONVERT(datetime, '2025-06-15 12:34:37', 120));
INSERT INTO Usuario (DNI, idRol, nombreUsuario, contrasenia, ultimoIngreso, alta) VALUES ('40926675', 2, 'James', 'arena', CONVERT(datetime, '2025-06-03 01:45:40', 120), CONVERT(datetime, '2025-03-08 17:56:33', 120));

INSERT INTO Medico (DNI, Legajo, idEspecialidad) VALUES ('23464827', 'M001', 1); --MEDICO
INSERT INTO Medico (DNI, Legajo, idEspecialidad) VALUES ('22767053', 'M002', 1);
INSERT INTO Medico (DNI, Legajo, idEspecialidad) VALUES ('23215552', 'M003', 2);
INSERT INTO Medico (DNI, Legajo, idEspecialidad) VALUES ('42298746', 'M004', 8);
INSERT INTO Medico (DNI, Legajo, idEspecialidad) VALUES ('17388396', 'M005', 1);
INSERT INTO Medico (DNI, Legajo, idEspecialidad) VALUES ('35842645', 'M006', 2);
INSERT INTO Medico (DNI, Legajo, idEspecialidad) VALUES ('43747156', 'M007', 3);
INSERT INTO Medico (DNI, Legajo, idEspecialidad) VALUES ('36804899', 'M008', 8);
INSERT INTO Medico (DNI, Legajo, idEspecialidad) VALUES ('16685049', 'M009', 8);
INSERT INTO Medico (DNI, Legajo, idEspecialidad) VALUES ('40605689', 'M010', 1);
INSERT INTO Medico (DNI, Legajo, idEspecialidad) VALUES ('30602414', 'M011', 7);
INSERT INTO Medico (DNI, Legajo, idEspecialidad) VALUES ('25246860', 'M012', 4);
INSERT INTO Medico (DNI, Legajo, idEspecialidad) VALUES ('22837055', 'M013', 3);
INSERT INTO Medico (DNI, Legajo, idEspecialidad) VALUES ('22106768', 'M014', 5);
INSERT INTO Medico (DNI, Legajo, idEspecialidad) VALUES ('44012852', 'M015', 3);
INSERT INTO Medico (DNI, Legajo, idEspecialidad) VALUES ('23567342', 'M016', 5);
INSERT INTO Medico (DNI, Legajo, idEspecialidad) VALUES ('31586173', 'M017', 2);
INSERT INTO Medico (DNI, Legajo, idEspecialidad) VALUES ('43893819', 'M018', 6);
INSERT INTO Medico (DNI, Legajo, idEspecialidad) VALUES ('37575276', 'M019', 5);
INSERT INTO Medico (DNI, Legajo, idEspecialidad) VALUES ('40926675', 'M020', 2);

INSERT INTO Jornadas (legajo, DiaSemana, rangoHorario) VALUES ('M006', 'Lunes', '08:00'); --JORNADAS
INSERT INTO Jornadas (legajo, DiaSemana, rangoHorario) VALUES ('M006', 'Martes', '08:00');
INSERT INTO Jornadas (legajo, DiaSemana, rangoHorario) VALUES ('M006', 'Miercoles', '08:00');
INSERT INTO Jornadas (legajo, DiaSemana, rangoHorario) VALUES ('M006', 'Jueves', '08:00');
INSERT INTO Jornadas (legajo, DiaSemana, rangoHorario) VALUES ('M006', 'Viernes', '08:00');
INSERT INTO Jornadas (legajo, DiaSemana, rangoHorario) VALUES ('M002', 'Lunes', '08:00');
INSERT INTO Jornadas (legajo, DiaSemana, rangoHorario) VALUES ('M002', 'Martes', '08:00');
INSERT INTO Jornadas (legajo, DiaSemana, rangoHorario) VALUES ('M002', 'Miercoles', '08:00');
INSERT INTO Jornadas (legajo, DiaSemana, rangoHorario) VALUES ('M002', 'Jueves', '08:00');
INSERT INTO Jornadas (legajo, DiaSemana, rangoHorario) VALUES ('M002', 'Viernes', '08:00');
INSERT INTO Jornadas (legajo, DiaSemana, rangoHorario) VALUES ('M013', 'Lunes', '08:00');
INSERT INTO Jornadas (legajo, DiaSemana, rangoHorario) VALUES ('M013', 'Martes', '08:00');
INSERT INTO Jornadas (legajo, DiaSemana, rangoHorario) VALUES ('M013', 'Miercoles', '08:00');
INSERT INTO Jornadas (legajo, DiaSemana, rangoHorario) VALUES ('M013', 'Jueves', '08:00');
INSERT INTO Jornadas (legajo, DiaSemana, rangoHorario) VALUES ('M013', 'Viernes', '08:00');
INSERT INTO Jornadas (legajo, DiaSemana, rangoHorario) VALUES ('M010', 'Lunes', '08:00');
INSERT INTO Jornadas (legajo, DiaSemana, rangoHorario) VALUES ('M010', 'Martes', '08:00');
INSERT INTO Jornadas (legajo, DiaSemana, rangoHorario) VALUES ('M010', 'Miercoles', '08:00');
INSERT INTO Jornadas (legajo, DiaSemana, rangoHorario) VALUES ('M010', 'Jueves', '08:00');
INSERT INTO Jornadas (legajo, DiaSemana, rangoHorario) VALUES ('M010', 'Viernes', '08:00');
INSERT INTO Jornadas (legajo, DiaSemana, rangoHorario) VALUES ('M008', 'Lunes', '08:00');
INSERT INTO Jornadas (legajo, DiaSemana, rangoHorario) VALUES ('M008', 'Martes', '08:00');
INSERT INTO Jornadas (legajo, DiaSemana, rangoHorario) VALUES ('M008', 'Miercoles', '08:00');
INSERT INTO Jornadas (legajo, DiaSemana, rangoHorario) VALUES ('M008', 'Jueves', '08:00');
INSERT INTO Jornadas (legajo, DiaSemana, rangoHorario) VALUES ('M008', 'Viernes', '08:00');
INSERT INTO Jornadas (legajo, DiaSemana, rangoHorario) VALUES ('M007', 'Lunes', '08:00');
INSERT INTO Jornadas (legajo, DiaSemana, rangoHorario) VALUES ('M007', 'Martes', '08:00');
INSERT INTO Jornadas (legajo, DiaSemana, rangoHorario) VALUES ('M007', 'Miercoles', '08:00');
INSERT INTO Jornadas (legajo, DiaSemana, rangoHorario) VALUES ('M007', 'Jueves', '08:00');
INSERT INTO Jornadas (legajo, DiaSemana, rangoHorario) VALUES ('M007', 'Viernes', '08:00');
INSERT INTO Jornadas (legajo, DiaSemana, rangoHorario) VALUES ('M011', 'Lunes', '08:00');
INSERT INTO Jornadas (legajo, DiaSemana, rangoHorario) VALUES ('M011', 'Martes', '08:00');
INSERT INTO Jornadas (legajo, DiaSemana, rangoHorario) VALUES ('M011', 'Miercoles', '08:00');
INSERT INTO Jornadas (legajo, DiaSemana, rangoHorario) VALUES ('M011', 'Jueves', '08:00');
INSERT INTO Jornadas (legajo, DiaSemana, rangoHorario) VALUES ('M011', 'Viernes', '08:00');
INSERT INTO Jornadas (legajo, DiaSemana, rangoHorario) VALUES ('M019', 'Lunes', '08:00');
INSERT INTO Jornadas (legajo, DiaSemana, rangoHorario) VALUES ('M019', 'Martes', '08:00');
INSERT INTO Jornadas (legajo, DiaSemana, rangoHorario) VALUES ('M019', 'Miercoles', '08:00');
INSERT INTO Jornadas (legajo, DiaSemana, rangoHorario) VALUES ('M019', 'Jueves', '08:00');
INSERT INTO Jornadas (legajo, DiaSemana, rangoHorario) VALUES ('M019', 'Viernes', '08:00');
INSERT INTO Jornadas (legajo, DiaSemana, rangoHorario) VALUES ('M012', 'Lunes', '08:00');
INSERT INTO Jornadas (legajo, DiaSemana, rangoHorario) VALUES ('M012', 'Martes', '08:00');
INSERT INTO Jornadas (legajo, DiaSemana, rangoHorario) VALUES ('M012', 'Miercoles', '08:00');
INSERT INTO Jornadas (legajo, DiaSemana, rangoHorario) VALUES ('M012', 'Jueves', '08:00');
INSERT INTO Jornadas (legajo, DiaSemana, rangoHorario) VALUES ('M012', 'Viernes', '08:00');
INSERT INTO Jornadas (legajo, DiaSemana, rangoHorario) VALUES ('M018', 'Lunes', '08:00');
INSERT INTO Jornadas (legajo, DiaSemana, rangoHorario) VALUES ('M018', 'Martes', '08:00');
INSERT INTO Jornadas (legajo, DiaSemana, rangoHorario) VALUES ('M018', 'Miercoles', '08:00');
INSERT INTO Jornadas (legajo, DiaSemana, rangoHorario) VALUES ('M018', 'Jueves', '08:00');
INSERT INTO Jornadas (legajo, DiaSemana, rangoHorario) VALUES ('M018', 'Viernes', '08:00');
INSERT INTO Jornadas (legajo, DiaSemana, rangoHorario) VALUES ('M001', 'Miercoles', '16:00');
INSERT INTO Jornadas (legajo, DiaSemana, rangoHorario) VALUES ('M001', 'Jueves', '16:00');
INSERT INTO Jornadas (legajo, DiaSemana, rangoHorario) VALUES ('M001', 'Viernes', '16:00');
INSERT INTO Jornadas (legajo, DiaSemana, rangoHorario) VALUES ('M001', 'Sabado', '16:00');
INSERT INTO Jornadas (legajo, DiaSemana, rangoHorario) VALUES ('M001', 'Domingo', '16:00');
INSERT INTO Jornadas (legajo, DiaSemana, rangoHorario) VALUES ('M003', 'Martes', '16:00');
INSERT INTO Jornadas (legajo, DiaSemana, rangoHorario) VALUES ('M003', 'Miercoles', '16:00');
INSERT INTO Jornadas (legajo, DiaSemana, rangoHorario) VALUES ('M003', 'Viernes', '16:00');
INSERT INTO Jornadas (legajo, DiaSemana, rangoHorario) VALUES ('M003', 'Sabado', '16:00');
INSERT INTO Jornadas (legajo, DiaSemana, rangoHorario) VALUES ('M003', 'Domingo', '16:00');
INSERT INTO Jornadas (legajo, DiaSemana, rangoHorario) VALUES ('M004', 'Lunes', '16:00');
INSERT INTO Jornadas (legajo, DiaSemana, rangoHorario) VALUES ('M004', 'Miercoles', '16:00');
INSERT INTO Jornadas (legajo, DiaSemana, rangoHorario) VALUES ('M004', 'Jueves', '16:00');
INSERT INTO Jornadas (legajo, DiaSemana, rangoHorario) VALUES ('M004', 'Sabado', '16:00');
INSERT INTO Jornadas (legajo, DiaSemana, rangoHorario) VALUES ('M004', 'Domingo', '16:00');
INSERT INTO Jornadas (legajo, DiaSemana, rangoHorario) VALUES ('M005', 'Lunes', '16:00');
INSERT INTO Jornadas (legajo, DiaSemana, rangoHorario) VALUES ('M005', 'Martes', '16:00');
INSERT INTO Jornadas (legajo, DiaSemana, rangoHorario) VALUES ('M005', 'Miercoles', '16:00');
INSERT INTO Jornadas (legajo, DiaSemana, rangoHorario) VALUES ('M005', 'Sabado', '16:00');
INSERT INTO Jornadas (legajo, DiaSemana, rangoHorario) VALUES ('M005', 'Domingo', '16:00');
INSERT INTO Jornadas (legajo, DiaSemana, rangoHorario) VALUES ('M009', 'Martes', '16:00');
INSERT INTO Jornadas (legajo, DiaSemana, rangoHorario) VALUES ('M009', 'Miercoles', '16:00');
INSERT INTO Jornadas (legajo, DiaSemana, rangoHorario) VALUES ('M009', 'Jueves', '16:00');
INSERT INTO Jornadas (legajo, DiaSemana, rangoHorario) VALUES ('M009', 'Sabado', '16:00');
INSERT INTO Jornadas (legajo, DiaSemana, rangoHorario) VALUES ('M009', 'Domingo', '16:00');
INSERT INTO Jornadas (legajo, DiaSemana, rangoHorario) VALUES ('M014', 'Martes', '16:00');
INSERT INTO Jornadas (legajo, DiaSemana, rangoHorario) VALUES ('M014', 'Jueves', '16:00');
INSERT INTO Jornadas (legajo, DiaSemana, rangoHorario) VALUES ('M014', 'Viernes', '16:00');
INSERT INTO Jornadas (legajo, DiaSemana, rangoHorario) VALUES ('M014', 'Sabado', '16:00');
INSERT INTO Jornadas (legajo, DiaSemana, rangoHorario) VALUES ('M014', 'Domingo', '16:00');
INSERT INTO Jornadas (legajo, DiaSemana, rangoHorario) VALUES ('M015', 'Lunes', '16:00');
INSERT INTO Jornadas (legajo, DiaSemana, rangoHorario) VALUES ('M015', 'Miercoles', '16:00');
INSERT INTO Jornadas (legajo, DiaSemana, rangoHorario) VALUES ('M015', 'Viernes', '16:00');
INSERT INTO Jornadas (legajo, DiaSemana, rangoHorario) VALUES ('M015', 'Sabado', '16:00');
INSERT INTO Jornadas (legajo, DiaSemana, rangoHorario) VALUES ('M015', 'Domingo', '16:00');
INSERT INTO Jornadas (legajo, DiaSemana, rangoHorario) VALUES ('M016', 'Martes', '16:00');
INSERT INTO Jornadas (legajo, DiaSemana, rangoHorario) VALUES ('M016', 'Miercoles', '16:00');
INSERT INTO Jornadas (legajo, DiaSemana, rangoHorario) VALUES ('M016', 'Viernes', '16:00');
INSERT INTO Jornadas (legajo, DiaSemana, rangoHorario) VALUES ('M016', 'Sabado', '16:00');
INSERT INTO Jornadas (legajo, DiaSemana, rangoHorario) VALUES ('M016', 'Domingo', '16:00');
INSERT INTO Jornadas (legajo, DiaSemana, rangoHorario) VALUES ('M017', 'Lunes', '16:00');
INSERT INTO Jornadas (legajo, DiaSemana, rangoHorario) VALUES ('M017', 'Miercoles', '16:00');
INSERT INTO Jornadas (legajo, DiaSemana, rangoHorario) VALUES ('M017', 'Viernes', '16:00');
INSERT INTO Jornadas (legajo, DiaSemana, rangoHorario) VALUES ('M017', 'Sabado', '16:00');
INSERT INTO Jornadas (legajo, DiaSemana, rangoHorario) VALUES ('M017', 'Domingo', '16:00');
INSERT INTO Jornadas (legajo, DiaSemana, rangoHorario) VALUES ('M020', 'Martes', '16:00');
INSERT INTO Jornadas (legajo, DiaSemana, rangoHorario) VALUES ('M020', 'Miercoles', '16:00');
INSERT INTO Jornadas (legajo, DiaSemana, rangoHorario) VALUES ('M020', 'Jueves', '16:00');
INSERT INTO Jornadas (legajo, DiaSemana, rangoHorario) VALUES ('M020', 'Sabado', '16:00');
INSERT INTO Jornadas (legajo, DiaSemana, rangoHorario) VALUES ('M020', 'Domingo', '16:00');

INSERT INTO Paciente (DNI, ObraSocial, ultimaAtencion, alta) VALUES ('39711873', 9, CONVERT(datetime, '2025-04-05 19:43:08', 120), CONVERT(datetime, '2025-02-05 17:43:29', 120)); --PACIENTE
INSERT INTO Paciente (DNI, ObraSocial, ultimaAtencion, alta) VALUES ('15999828', 9, CONVERT(datetime, '2025-05-05 15:02:55', 120), CONVERT(datetime, '2025-01-12 09:42:40', 120));
INSERT INTO Paciente (DNI, ObraSocial, ultimaAtencion, alta) VALUES ('33832259', 9, CONVERT(datetime, '2025-01-07 13:37:48', 120), CONVERT(datetime, '2025-06-12 22:20:33', 120));
INSERT INTO Paciente (DNI, ObraSocial, ultimaAtencion, alta) VALUES ('42159979', 2, CONVERT(datetime, '2025-06-08 20:08:14', 120), CONVERT(datetime, '2025-05-10 18:06:36', 120));
INSERT INTO Paciente (DNI, ObraSocial, ultimaAtencion, alta) VALUES ('22224730', 1, CONVERT(datetime, '2025-05-29 10:04:37', 120), CONVERT(datetime, '2025-01-02 05:45:02', 120));
INSERT INTO Paciente (DNI, ObraSocial, ultimaAtencion, alta) VALUES ('43437192', 7, CONVERT(datetime, '2025-01-27 16:45:25', 120), CONVERT(datetime, '2025-06-13 14:32:34', 120));
INSERT INTO Paciente (DNI, ObraSocial, ultimaAtencion, alta) VALUES ('32992829', 4, CONVERT(datetime, '2025-01-14 04:45:12', 120), CONVERT(datetime, '2025-05-18 07:38:56', 120));
INSERT INTO Paciente (DNI, ObraSocial, ultimaAtencion, alta) VALUES ('34372723', 3, CONVERT(datetime, '2025-01-02 18:36:08', 120), CONVERT(datetime, '2025-02-12 11:18:27', 120));
INSERT INTO Paciente (DNI, ObraSocial, ultimaAtencion, alta) VALUES ('17677374', 9, CONVERT(datetime, '2025-03-30 13:09:32', 120), CONVERT(datetime, '2025-03-14 11:14:28', 120));
INSERT INTO Paciente (DNI, ObraSocial, ultimaAtencion, alta) VALUES ('20457765', 1, CONVERT(datetime, '2025-04-30 23:19:15', 120), CONVERT(datetime, '2025-05-04 20:01:50', 120));
INSERT INTO Paciente (DNI, ObraSocial, ultimaAtencion, alta) VALUES ('35439044', 10, CONVERT(datetime, '2025-04-04 19:53:40', 120), CONVERT(datetime, '2025-05-09 00:29:15', 120));
INSERT INTO Paciente (DNI, ObraSocial, ultimaAtencion, alta) VALUES ('24057945', 8, CONVERT(datetime, '2025-01-04 01:18:55', 120), CONVERT(datetime, '2025-01-02 06:48:56', 120));
INSERT INTO Paciente (DNI, ObraSocial, ultimaAtencion, alta) VALUES ('42012854', 9, CONVERT(datetime, '2025-04-18 02:50:43', 120), CONVERT(datetime, '2025-03-21 20:58:35', 120));
INSERT INTO Paciente (DNI, ObraSocial, ultimaAtencion, alta) VALUES ('22134562', 1, CONVERT(datetime, '2025-01-04 05:56:58', 120), CONVERT(datetime, '2025-04-13 19:15:54', 120));
INSERT INTO Paciente (DNI, ObraSocial, ultimaAtencion, alta) VALUES ('23275445', 5, CONVERT(datetime, '2025-04-15 00:43:13', 120), CONVERT(datetime, '2025-02-25 16:03:55', 120));
INSERT INTO Paciente (DNI, ObraSocial, ultimaAtencion, alta) VALUES ('22359183', 1, CONVERT(datetime, '2025-04-08 12:29:46', 120), CONVERT(datetime, '2025-06-07 21:35:14', 120));
INSERT INTO Paciente (DNI, ObraSocial, ultimaAtencion, alta) VALUES ('43893819', 7, CONVERT(datetime, '2025-06-06 13:00:49', 120), CONVERT(datetime, '2025-02-04 19:26:38', 120));
INSERT INTO Paciente (DNI, ObraSocial, ultimaAtencion, alta) VALUES ('27910648', 2, CONVERT(datetime, '2025-01-19 16:51:18', 120), CONVERT(datetime, '2025-04-12 19:48:47', 120));
INSERT INTO Paciente (DNI, ObraSocial, ultimaAtencion, alta) VALUES ('37826523', 3, CONVERT(datetime, '2025-02-16 18:59:46', 120), CONVERT(datetime, '2025-02-07 06:28:05', 120));
INSERT INTO Paciente (DNI, ObraSocial, ultimaAtencion, alta) VALUES ('29588301', 10, CONVERT(datetime, '2025-04-13 05:27:45', 120), CONVERT(datetime, '2025-02-19 00:21:14', 120));
INSERT INTO Paciente (DNI, ObraSocial, ultimaAtencion, alta) VALUES ('32034970', 6, CONVERT(datetime, '2025-02-21 21:49:24', 120), CONVERT(datetime, '2025-06-04 08:40:18', 120));
INSERT INTO Paciente (DNI, ObraSocial, ultimaAtencion, alta) VALUES ('40585616', 7, CONVERT(datetime, '2025-01-16 08:15:22', 120), CONVERT(datetime, '2025-03-14 10:32:46', 120));
INSERT INTO Paciente (DNI, ObraSocial, ultimaAtencion, alta) VALUES ('31394887', 7, CONVERT(datetime, '2025-03-31 03:05:04', 120), CONVERT(datetime, '2025-04-20 17:06:03', 120));
INSERT INTO Paciente (DNI, ObraSocial, ultimaAtencion, alta) VALUES ('23082309', 4, CONVERT(datetime, '2025-05-16 09:21:24', 120), CONVERT(datetime, '2025-02-13 20:34:15', 120));
INSERT INTO Paciente (DNI, ObraSocial, ultimaAtencion, alta) VALUES ('19308102', 5, CONVERT(datetime, '2025-05-13 19:51:54', 120), CONVERT(datetime, '2025-06-10 19:02:56', 120));
INSERT INTO Paciente (DNI, ObraSocial, ultimaAtencion, alta) VALUES ('22106768', 2, CONVERT(datetime, '2025-05-07 22:37:45', 120), CONVERT(datetime, '2025-06-16 15:35:28', 120));
INSERT INTO Paciente (DNI, ObraSocial, ultimaAtencion, alta) VALUES ('19060227', 1, CONVERT(datetime, '2025-01-19 03:44:38', 120), CONVERT(datetime, '2025-03-20 16:44:01', 120));
INSERT INTO Paciente (DNI, ObraSocial, ultimaAtencion, alta) VALUES ('34744773', 7, CONVERT(datetime, '2025-03-15 05:44:15', 120), CONVERT(datetime, '2025-04-18 07:46:31', 120));
INSERT INTO Paciente (DNI, ObraSocial, ultimaAtencion, alta) VALUES ('45380854', 8, CONVERT(datetime, '2025-01-11 21:30:52', 120), CONVERT(datetime, '2025-05-04 15:27:40', 120));
INSERT INTO Paciente (DNI, ObraSocial, ultimaAtencion, alta) VALUES ('37447169', 1, CONVERT(datetime, '2025-05-17 11:29:44', 120), CONVERT(datetime, '2025-02-03 06:42:19', 120));
INSERT INTO Paciente (DNI, ObraSocial, ultimaAtencion, alta) VALUES ('23153634', 2, CONVERT(datetime, '2025-04-08 01:30:32', 120), CONVERT(datetime, '2025-06-14 03:31:20', 120));
INSERT INTO Paciente (DNI, ObraSocial, ultimaAtencion, alta) VALUES ('26888253', 7, CONVERT(datetime, '2025-05-06 05:29:08', 120), CONVERT(datetime, '2025-06-02 07:27:30', 120));
INSERT INTO Paciente (DNI, ObraSocial, ultimaAtencion, alta) VALUES ('17033823', 6, CONVERT(datetime, '2025-04-20 21:04:58', 120), CONVERT(datetime, '2025-06-16 14:23:05', 120));
INSERT INTO Paciente (DNI, ObraSocial, ultimaAtencion, alta) VALUES ('32994763', 2, CONVERT(datetime, '2025-04-13 13:24:00', 120), CONVERT(datetime, '2025-01-09 06:18:20', 120));
INSERT INTO Paciente (DNI, ObraSocial, ultimaAtencion, alta) VALUES ('23382113', 4, CONVERT(datetime, '2025-02-11 01:16:29', 120), CONVERT(datetime, '2025-06-18 13:43:04', 120));
INSERT INTO Paciente (DNI, ObraSocial, ultimaAtencion, alta) VALUES ('18129379', 10, CONVERT(datetime, '2025-04-03 07:59:31', 120), CONVERT(datetime, '2025-02-22 15:23:40', 120));
INSERT INTO Paciente (DNI, ObraSocial, ultimaAtencion, alta) VALUES ('44012852', 1, CONVERT(datetime, '2025-01-15 10:29:13', 120), CONVERT(datetime, '2025-05-13 21:40:08', 120));
INSERT INTO Paciente (DNI, ObraSocial, ultimaAtencion, alta) VALUES ('23898737', 5, CONVERT(datetime, '2025-04-16 10:42:23', 120), CONVERT(datetime, '2025-04-20 10:08:46', 120));
INSERT INTO Paciente (DNI, ObraSocial, ultimaAtencion, alta) VALUES ('20194119', 1, CONVERT(datetime, '2025-02-04 19:51:09', 120), CONVERT(datetime, '2025-06-15 03:16:47', 120));
INSERT INTO Paciente (DNI, ObraSocial, ultimaAtencion, alta) VALUES ('40097895', 6, CONVERT(datetime, '2025-01-04 00:58:19', 120), CONVERT(datetime, '2025-02-10 05:25:36', 120));
INSERT INTO Paciente (DNI, ObraSocial, ultimaAtencion, alta) VALUES ('16908561', 10, CONVERT(datetime, '2025-01-28 23:58:52', 120), CONVERT(datetime, '2025-05-27 01:45:35', 120));
INSERT INTO Paciente (DNI, ObraSocial, ultimaAtencion, alta) VALUES ('28548459', 7, CONVERT(datetime, '2025-01-15 22:33:16', 120), CONVERT(datetime, '2025-02-28 02:43:53', 120));
INSERT INTO Paciente (DNI, ObraSocial, ultimaAtencion, alta) VALUES ('35782994', 3, CONVERT(datetime, '2025-04-20 12:14:08', 120), CONVERT(datetime, '2025-02-16 16:40:53', 120));
INSERT INTO Paciente (DNI, ObraSocial, ultimaAtencion, alta) VALUES ('46363537', 10, CONVERT(datetime, '2025-06-12 01:45:12', 120), CONVERT(datetime, '2025-06-14 22:41:19', 120));
INSERT INTO Paciente (DNI, ObraSocial, ultimaAtencion, alta) VALUES ('19391546', 7, CONVERT(datetime, '2025-05-12 11:12:41', 120), CONVERT(datetime, '2025-04-15 23:12:12', 120));
INSERT INTO Paciente (DNI, ObraSocial, ultimaAtencion, alta) VALUES ('35842645', 6, CONVERT(datetime, '2025-03-16 12:51:10', 120), CONVERT(datetime, '2025-05-27 17:23:39', 120));
INSERT INTO Paciente (DNI, ObraSocial, ultimaAtencion, alta) VALUES ('19444504', 3, CONVERT(datetime, '2025-06-03 11:59:17', 120), CONVERT(datetime, '2025-05-14 20:25:11', 120));
INSERT INTO Paciente (DNI, ObraSocial, ultimaAtencion, alta) VALUES ('29703034', 2, CONVERT(datetime, '2025-04-08 05:51:49', 120), CONVERT(datetime, '2025-05-25 18:04:45', 120));
INSERT INTO Paciente (DNI, ObraSocial, ultimaAtencion, alta) VALUES ('46264544', 6, CONVERT(datetime, '2025-01-11 10:14:36', 120), CONVERT(datetime, '2025-01-19 23:14:55', 120));
INSERT INTO Paciente (DNI, ObraSocial, ultimaAtencion, alta) VALUES ('24138489', 7, CONVERT(datetime, '2025-02-15 01:52:10', 120), CONVERT(datetime, '2025-06-12 20:30:25', 120));
INSERT INTO Paciente (DNI, ObraSocial, ultimaAtencion, alta) VALUES ('31958713', 2, CONVERT(datetime, '2025-03-08 03:16:38', 120), CONVERT(datetime, '2025-04-28 12:17:26', 120));
INSERT INTO Paciente (DNI, ObraSocial, ultimaAtencion, alta) VALUES ('42828304', 10, CONVERT(datetime, '2025-04-26 15:44:15', 120), CONVERT(datetime, '2025-03-19 00:46:12', 120));
INSERT INTO Paciente (DNI, ObraSocial, ultimaAtencion, alta) VALUES ('36377977', 6, CONVERT(datetime, '2025-01-06 18:03:56', 120), CONVERT(datetime, '2025-05-04 03:13:37', 120));
INSERT INTO Paciente (DNI, ObraSocial, ultimaAtencion, alta) VALUES ('33820911', 5, CONVERT(datetime, '2025-06-02 03:35:56', 120), CONVERT(datetime, '2025-03-29 11:42:57', 120));
INSERT INTO Paciente (DNI, ObraSocial, ultimaAtencion, alta) VALUES ('43004361', 8, CONVERT(datetime, '2025-02-14 07:12:07', 120), CONVERT(datetime, '2025-03-11 02:12:01', 120));
INSERT INTO Paciente (DNI, ObraSocial, ultimaAtencion, alta) VALUES ('16403543', 9, CONVERT(datetime, '2025-03-14 21:36:59', 120), CONVERT(datetime, '2025-03-25 20:33:26', 120));
INSERT INTO Paciente (DNI, ObraSocial, ultimaAtencion, alta) VALUES ('37378571', 3, CONVERT(datetime, '2025-05-12 23:36:27', 120), CONVERT(datetime, '2025-04-24 18:22:33', 120));
INSERT INTO Paciente (DNI, ObraSocial, ultimaAtencion, alta) VALUES ('46063479', 7, CONVERT(datetime, '2025-01-17 15:21:48', 120), CONVERT(datetime, '2025-05-30 22:33:39', 120));
INSERT INTO Paciente (DNI, ObraSocial, ultimaAtencion, alta) VALUES ('39715002', 10, CONVERT(datetime, '2025-02-27 08:34:05', 120), CONVERT(datetime, '2025-06-04 23:12:24', 120));
INSERT INTO Paciente (DNI, ObraSocial, ultimaAtencion, alta) VALUES ('27835970', 4, CONVERT(datetime, '2025-05-19 11:19:35', 120), CONVERT(datetime, '2025-01-15 06:33:57', 120));
INSERT INTO Paciente (DNI, ObraSocial, ultimaAtencion, alta) VALUES ('26732589', 2, CONVERT(datetime, '2025-02-22 00:50:24', 120), CONVERT(datetime, '2025-01-30 22:43:18', 120));
INSERT INTO Paciente (DNI, ObraSocial, ultimaAtencion, alta) VALUES ('28370299', 7, CONVERT(datetime, '2025-05-19 04:39:21', 120), CONVERT(datetime, '2025-06-02 05:11:36', 120));
INSERT INTO Paciente (DNI, ObraSocial, ultimaAtencion, alta) VALUES ('37800844', 3, CONVERT(datetime, '2025-05-24 15:02:36', 120), CONVERT(datetime, '2025-03-17 15:46:12', 120));
INSERT INTO Paciente (DNI, ObraSocial, ultimaAtencion, alta) VALUES ('16283698', 6, CONVERT(datetime, '2025-03-12 00:59:05', 120), CONVERT(datetime, '2025-01-21 16:33:47', 120));
INSERT INTO Paciente (DNI, ObraSocial, ultimaAtencion, alta) VALUES ('29642948', 2, CONVERT(datetime, '2025-01-02 00:12:41', 120), CONVERT(datetime, '2025-03-01 20:37:49', 120));
INSERT INTO Paciente (DNI, ObraSocial, ultimaAtencion, alta) VALUES ('38782887', 8, CONVERT(datetime, '2025-03-11 21:20:13', 120), CONVERT(datetime, '2025-05-28 20:07:54', 120));
INSERT INTO Paciente (DNI, ObraSocial, ultimaAtencion, alta) VALUES ('27221244', 5, CONVERT(datetime, '2025-01-20 20:25:58', 120), CONVERT(datetime, '2025-01-26 17:31:38', 120));
INSERT INTO Paciente (DNI, ObraSocial, ultimaAtencion, alta) VALUES ('39150945', 2, CONVERT(datetime, '2025-02-06 09:18:32', 120), CONVERT(datetime, '2025-03-25 16:30:36', 120));
INSERT INTO Paciente (DNI, ObraSocial, ultimaAtencion, alta) VALUES ('38394432', 8, CONVERT(datetime, '2025-04-19 03:44:18', 120), CONVERT(datetime, '2025-04-18 17:16:32', 120));
INSERT INTO Paciente (DNI, ObraSocial, ultimaAtencion, alta) VALUES ('37727018', 9, CONVERT(datetime, '2025-03-21 05:37:25', 120), CONVERT(datetime, '2025-01-21 01:22:47', 120));
INSERT INTO Paciente (DNI, ObraSocial, ultimaAtencion, alta) VALUES ('25196351', 1, CONVERT(datetime, '2025-01-18 09:39:14', 120), CONVERT(datetime, '2025-03-10 17:21:36', 120));
INSERT INTO Paciente (DNI, ObraSocial, ultimaAtencion, alta) VALUES ('30602414', 9, CONVERT(datetime, '2025-01-19 01:42:39', 120), CONVERT(datetime, '2025-04-26 21:52:12', 120));
INSERT INTO Paciente (DNI, ObraSocial, ultimaAtencion, alta) VALUES ('37107362', 10, CONVERT(datetime, '2025-06-02 07:44:57', 120), CONVERT(datetime, '2025-03-04 23:57:17', 120));
INSERT INTO Paciente (DNI, ObraSocial, ultimaAtencion, alta) VALUES ('37575276', 7, CONVERT(datetime, '2025-01-03 09:30:41', 120), CONVERT(datetime, '2025-02-26 16:06:26', 120));
INSERT INTO Paciente (DNI, ObraSocial, ultimaAtencion, alta) VALUES ('23215552', 7, CONVERT(datetime, '2025-03-17 07:16:36', 120), CONVERT(datetime, '2025-06-01 07:11:28', 120));
INSERT INTO Paciente (DNI, ObraSocial, ultimaAtencion, alta) VALUES ('39103689', 2, CONVERT(datetime, '2025-05-21 18:01:01', 120), CONVERT(datetime, '2025-04-19 15:37:45', 120));
INSERT INTO Paciente (DNI, ObraSocial, ultimaAtencion, alta) VALUES ('44952693', 4, CONVERT(datetime, '2025-04-22 01:31:43', 120), CONVERT(datetime, '2025-04-12 04:31:23', 120));
INSERT INTO Paciente (DNI, ObraSocial, ultimaAtencion, alta) VALUES ('16685049', 3, CONVERT(datetime, '2025-05-14 01:48:14', 120), CONVERT(datetime, '2025-03-15 22:20:23', 120));
INSERT INTO Paciente (DNI, ObraSocial, ultimaAtencion, alta) VALUES ('37400191', 3, CONVERT(datetime, '2025-01-27 23:02:29', 120), CONVERT(datetime, '2025-02-22 05:15:11', 120));
INSERT INTO Paciente (DNI, ObraSocial, ultimaAtencion, alta) VALUES ('45105308', 5, CONVERT(datetime, '2025-02-22 02:51:58', 120), CONVERT(datetime, '2025-04-06 18:07:26', 120));
INSERT INTO Paciente (DNI, ObraSocial, ultimaAtencion, alta) VALUES ('43181122', 3, CONVERT(datetime, '2025-01-13 06:50:46', 120), CONVERT(datetime, '2025-02-02 11:14:34', 120));
INSERT INTO Paciente (DNI, ObraSocial, ultimaAtencion, alta) VALUES ('17599909', 7, CONVERT(datetime, '2025-02-23 14:04:31', 120), CONVERT(datetime, '2025-03-23 18:28:44', 120));
INSERT INTO Paciente (DNI, ObraSocial, ultimaAtencion, alta) VALUES ('19643063', 5, CONVERT(datetime, '2025-04-05 00:40:53', 120), CONVERT(datetime, '2025-06-01 23:29:27', 120));
INSERT INTO Paciente (DNI, ObraSocial, ultimaAtencion, alta) VALUES ('17155162', 2, CONVERT(datetime, '2025-03-12 02:57:50', 120), CONVERT(datetime, '2025-02-18 21:00:20', 120));
INSERT INTO Paciente (DNI, ObraSocial, ultimaAtencion, alta) VALUES ('17089290', 4, CONVERT(datetime, '2025-05-20 23:38:05', 120), CONVERT(datetime, '2025-05-02 08:52:05', 120));
INSERT INTO Paciente (DNI, ObraSocial, ultimaAtencion, alta) VALUES ('43747156', 8, CONVERT(datetime, '2025-04-26 07:20:18', 120), CONVERT(datetime, '2025-04-30 17:53:05', 120));
INSERT INTO Paciente (DNI, ObraSocial, ultimaAtencion, alta) VALUES ('43636961', 4, CONVERT(datetime, '2025-03-30 21:47:23', 120), CONVERT(datetime, '2025-01-21 18:31:38', 120));
INSERT INTO Paciente (DNI, ObraSocial, ultimaAtencion, alta) VALUES ('22362568', 3, CONVERT(datetime, '2025-03-01 03:48:33', 120), CONVERT(datetime, '2025-01-02 07:32:17', 120));
INSERT INTO Paciente (DNI, ObraSocial, ultimaAtencion, alta) VALUES ('37443674', 7, CONVERT(datetime, '2025-03-06 12:14:39', 120), CONVERT(datetime, '2025-06-13 10:12:09', 120));
INSERT INTO Paciente (DNI, ObraSocial, ultimaAtencion, alta) VALUES ('45431482', 10, CONVERT(datetime, '2025-03-15 18:24:55', 120), CONVERT(datetime, '2025-06-06 03:16:04', 120));
INSERT INTO Paciente (DNI, ObraSocial, ultimaAtencion, alta) VALUES ('19553319', 6, CONVERT(datetime, '2025-03-27 11:35:15', 120), CONVERT(datetime, '2025-03-06 23:59:01', 120));
INSERT INTO Paciente (DNI, ObraSocial, ultimaAtencion, alta) VALUES ('22102140', 7, CONVERT(datetime, '2025-06-08 08:23:28', 120), CONVERT(datetime, '2025-06-09 21:57:08', 120));
INSERT INTO Paciente (DNI, ObraSocial, ultimaAtencion, alta) VALUES ('23464827', 10, CONVERT(datetime, '2025-01-27 10:23:09', 120), CONVERT(datetime, '2025-02-28 08:07:47', 120));
INSERT INTO Paciente (DNI, ObraSocial, ultimaAtencion, alta) VALUES ('22523647', 6, CONVERT(datetime, '2025-04-28 03:10:05', 120), CONVERT(datetime, '2025-05-16 00:17:49', 120));
INSERT INTO Paciente (DNI, ObraSocial, ultimaAtencion, alta) VALUES ('35848565', 4, CONVERT(datetime, '2025-04-04 00:20:49', 120), CONVERT(datetime, '2025-03-03 00:12:00', 120));
INSERT INTO Paciente (DNI, ObraSocial, ultimaAtencion, alta) VALUES ('33923678', 3, CONVERT(datetime, '2025-03-19 07:55:51', 120), CONVERT(datetime, '2025-03-03 23:17:21', 120));
INSERT INTO Paciente (DNI, ObraSocial, ultimaAtencion, alta) VALUES ('41098364', 5, CONVERT(datetime, '2025-05-23 16:45:45', 120), CONVERT(datetime, '2025-05-15 22:44:16', 120));
INSERT INTO Paciente (DNI, ObraSocial, ultimaAtencion, alta) VALUES ('34320532', 8, CONVERT(datetime, '2025-04-22 19:47:31', 120), CONVERT(datetime, '2025-06-01 20:15:52', 120));
INSERT INTO Paciente (DNI, ObraSocial, ultimaAtencion, alta) VALUES ('18419240', 4, CONVERT(datetime, '2025-03-05 06:44:23', 120), CONVERT(datetime, '2025-03-15 00:32:41', 120));
INSERT INTO Paciente (DNI, ObraSocial, ultimaAtencion, alta) VALUES ('26650225', 5, CONVERT(datetime, '2025-06-08 13:08:24', 120), CONVERT(datetime, '2025-06-02 14:24:12', 120));
INSERT INTO Paciente (DNI, ObraSocial, ultimaAtencion, alta) VALUES ('31977226', 7, CONVERT(datetime, '2025-03-12 21:05:44', 120), CONVERT(datetime, '2025-01-23 02:45:20', 120));
INSERT INTO Paciente (DNI, ObraSocial, ultimaAtencion, alta) VALUES ('42592846', 10, CONVERT(datetime, '2025-02-08 19:08:08', 120), CONVERT(datetime, '2025-04-25 23:58:40', 120));
INSERT INTO Paciente (DNI, ObraSocial, ultimaAtencion, alta) VALUES ('27153013', 9, CONVERT(datetime, '2025-02-04 22:31:17', 120), CONVERT(datetime, '2025-05-13 09:00:40', 120));
INSERT INTO Paciente (DNI, ObraSocial, ultimaAtencion, alta) VALUES ('20910175', 9, CONVERT(datetime, '2025-01-06 05:26:17', 120), CONVERT(datetime, '2025-05-22 05:03:35', 120));
INSERT INTO Paciente (DNI, ObraSocial, ultimaAtencion, alta) VALUES ('30598575', 8, CONVERT(datetime, '2025-05-18 13:13:47', 120), CONVERT(datetime, '2025-02-10 17:01:56', 120));
INSERT INTO Paciente (DNI, ObraSocial, ultimaAtencion, alta) VALUES ('25814747', 8, CONVERT(datetime, '2025-06-04 21:29:02', 120), CONVERT(datetime, '2025-02-26 13:42:06', 120));
INSERT INTO Paciente (DNI, ObraSocial, ultimaAtencion, alta) VALUES ('44582633', 2, CONVERT(datetime, '2025-06-09 00:39:22', 120), CONVERT(datetime, '2025-06-14 14:58:41', 120));
INSERT INTO Paciente (DNI, ObraSocial, ultimaAtencion, alta) VALUES ('34120981', 7, CONVERT(datetime, '2025-05-11 16:18:11', 120), CONVERT(datetime, '2025-04-07 22:55:17', 120));
INSERT INTO Paciente (DNI, ObraSocial, ultimaAtencion, alta) VALUES ('31586173', 3, CONVERT(datetime, '2025-05-03 23:33:35', 120), CONVERT(datetime, '2025-02-28 19:18:08', 120));
INSERT INTO Paciente (DNI, ObraSocial, ultimaAtencion, alta) VALUES ('22117561', 4, CONVERT(datetime, '2025-02-19 01:34:55', 120), CONVERT(datetime, '2025-05-08 21:35:30', 120));
INSERT INTO Paciente (DNI, ObraSocial, ultimaAtencion, alta) VALUES ('24383781', 3, CONVERT(datetime, '2025-05-19 21:14:35', 120), CONVERT(datetime, '2025-03-24 03:55:09', 120));
INSERT INTO Paciente (DNI, ObraSocial, ultimaAtencion, alta) VALUES ('32335133', 7, CONVERT(datetime, '2025-01-15 08:42:09', 120), CONVERT(datetime, '2025-03-29 04:48:09', 120));
INSERT INTO Paciente (DNI, ObraSocial, ultimaAtencion, alta) VALUES ('39161696', 10, CONVERT(datetime, '2025-04-04 01:23:44', 120), CONVERT(datetime, '2025-04-24 01:27:13', 120));
INSERT INTO Paciente (DNI, ObraSocial, ultimaAtencion, alta) VALUES ('38173004', 7, CONVERT(datetime, '2025-04-14 18:19:57', 120), CONVERT(datetime, '2025-04-09 08:59:09', 120));
INSERT INTO Paciente (DNI, ObraSocial, ultimaAtencion, alta) VALUES ('41606412', 7, CONVERT(datetime, '2025-04-16 13:34:13', 120), CONVERT(datetime, '2025-01-08 03:20:17', 120));
INSERT INTO Paciente (DNI, ObraSocial, ultimaAtencion, alta) VALUES ('22435541', 6, CONVERT(datetime, '2025-05-17 05:51:09', 120), CONVERT(datetime, '2025-06-07 17:34:41', 120));
INSERT INTO Paciente (DNI, ObraSocial, ultimaAtencion, alta) VALUES ('37278801', 9, CONVERT(datetime, '2025-04-26 07:24:05', 120), CONVERT(datetime, '2025-05-04 22:08:09', 120));
INSERT INTO Paciente (DNI, ObraSocial, ultimaAtencion, alta) VALUES ('29277538', 2, CONVERT(datetime, '2025-01-22 05:41:54', 120), CONVERT(datetime, '2025-05-30 07:35:08', 120));
INSERT INTO Paciente (DNI, ObraSocial, ultimaAtencion, alta) VALUES ('24090446', 4, CONVERT(datetime, '2025-05-08 16:38:44', 120), CONVERT(datetime, '2025-05-10 01:41:52', 120));
INSERT INTO Paciente (DNI, ObraSocial, ultimaAtencion, alta) VALUES ('19048539', 6, CONVERT(datetime, '2025-02-02 07:11:36', 120), CONVERT(datetime, '2025-05-06 15:14:16', 120));
INSERT INTO Paciente (DNI, ObraSocial, ultimaAtencion, alta) VALUES ('39926952', 10, CONVERT(datetime, '2025-01-09 14:26:15', 120), CONVERT(datetime, '2025-04-20 08:47:48', 120));
INSERT INTO Paciente (DNI, ObraSocial, ultimaAtencion, alta) VALUES ('39783459', 7, CONVERT(datetime, '2025-05-27 03:45:21', 120), CONVERT(datetime, '2025-03-06 09:21:09', 120));
INSERT INTO Paciente (DNI, ObraSocial, ultimaAtencion, alta) VALUES ('18373096', 7, CONVERT(datetime, '2025-01-21 13:44:14', 120), CONVERT(datetime, '2025-01-03 01:09:22', 120));
INSERT INTO Paciente (DNI, ObraSocial, ultimaAtencion, alta) VALUES ('27109159', 2, CONVERT(datetime, '2025-02-20 05:48:29', 120), CONVERT(datetime, '2025-02-13 02:36:00', 120));
INSERT INTO Paciente (DNI, ObraSocial, ultimaAtencion, alta) VALUES ('38757158', 9, CONVERT(datetime, '2025-05-26 00:35:14', 120), CONVERT(datetime, '2025-04-11 17:46:22', 120));
INSERT INTO Paciente (DNI, ObraSocial, ultimaAtencion, alta) VALUES ('16829589', 9, CONVERT(datetime, '2025-04-23 17:24:40', 120), CONVERT(datetime, '2025-05-14 12:44:54', 120));
INSERT INTO Paciente (DNI, ObraSocial, ultimaAtencion, alta) VALUES ('18442270', 10, CONVERT(datetime, '2025-02-12 22:04:57', 120), CONVERT(datetime, '2025-03-28 13:28:43', 120));
INSERT INTO Paciente (DNI, ObraSocial, ultimaAtencion, alta) VALUES ('30750347', 6, CONVERT(datetime, '2025-03-17 22:49:02', 120), CONVERT(datetime, '2025-03-31 22:01:51', 120));
INSERT INTO Paciente (DNI, ObraSocial, ultimaAtencion, alta) VALUES ('21186218', 10, CONVERT(datetime, '2025-05-15 01:40:15', 120), CONVERT(datetime, '2025-04-08 04:20:22', 120));
INSERT INTO Paciente (DNI, ObraSocial, ultimaAtencion, alta) VALUES ('18828129', 3, CONVERT(datetime, '2025-03-08 23:39:52', 120), CONVERT(datetime, '2025-01-05 18:28:12', 120));
INSERT INTO Paciente (DNI, ObraSocial, ultimaAtencion, alta) VALUES ('17485785', 8, CONVERT(datetime, '2025-01-21 07:14:07', 120), CONVERT(datetime, '2025-02-27 08:48:50', 120));
INSERT INTO Paciente (DNI, ObraSocial, ultimaAtencion, alta) VALUES ('42217411', 7, CONVERT(datetime, '2025-01-17 16:06:44', 120), CONVERT(datetime, '2025-01-23 12:55:20', 120));
INSERT INTO Paciente (DNI, ObraSocial, ultimaAtencion, alta) VALUES ('18974574', 3, CONVERT(datetime, '2025-03-09 15:19:45', 120), CONVERT(datetime, '2025-03-02 13:30:51', 120));
INSERT INTO Paciente (DNI, ObraSocial, ultimaAtencion, alta) VALUES ('30116756', 6, CONVERT(datetime, '2025-03-30 10:00:13', 120), CONVERT(datetime, '2025-06-02 06:57:47', 120));
INSERT INTO Paciente (DNI, ObraSocial, ultimaAtencion, alta) VALUES ('25246860', 4, CONVERT(datetime, '2025-04-12 04:34:16', 120), CONVERT(datetime, '2025-04-04 18:35:53', 120));
INSERT INTO Paciente (DNI, ObraSocial, ultimaAtencion, alta) VALUES ('35988801', 6, CONVERT(datetime, '2025-04-03 11:04:41', 120), CONVERT(datetime, '2025-01-19 22:57:22', 120));
INSERT INTO Paciente (DNI, ObraSocial, ultimaAtencion, alta) VALUES ('20269961', 8, CONVERT(datetime, '2025-05-21 04:44:08', 120), CONVERT(datetime, '2025-05-16 07:09:07', 120));
INSERT INTO Paciente (DNI, ObraSocial, ultimaAtencion, alta) VALUES ('20252363', 8, CONVERT(datetime, '2025-03-03 22:13:33', 120), CONVERT(datetime, '2025-01-14 01:03:18', 120));
INSERT INTO Paciente (DNI, ObraSocial, ultimaAtencion, alta) VALUES ('38131456', 5, CONVERT(datetime, '2025-01-09 16:14:17', 120), CONVERT(datetime, '2025-06-07 07:44:24', 120));
INSERT INTO Paciente (DNI, ObraSocial, ultimaAtencion, alta) VALUES ('22767053', 2, CONVERT(datetime, '2025-01-05 09:15:15', 120), CONVERT(datetime, '2025-06-14 21:27:56', 120));
INSERT INTO Paciente (DNI, ObraSocial, ultimaAtencion, alta) VALUES ('17388396', 6, CONVERT(datetime, '2025-05-06 19:45:31', 120), CONVERT(datetime, '2025-01-22 05:40:01', 120));
INSERT INTO Paciente (DNI, ObraSocial, ultimaAtencion, alta) VALUES ('29265296', 3, CONVERT(datetime, '2025-05-24 18:55:52', 120), CONVERT(datetime, '2025-02-17 08:43:00', 120));
INSERT INTO Paciente (DNI, ObraSocial, ultimaAtencion, alta) VALUES ('36731015', 9, CONVERT(datetime, '2025-02-03 21:00:39', 120), CONVERT(datetime, '2025-04-18 04:05:18', 120));
INSERT INTO Paciente (DNI, ObraSocial, ultimaAtencion, alta) VALUES ('17396116', 3, CONVERT(datetime, '2025-03-06 06:31:24', 120), CONVERT(datetime, '2025-04-19 17:05:06', 120));
INSERT INTO Paciente (DNI, ObraSocial, ultimaAtencion, alta) VALUES ('34966364', 7, CONVERT(datetime, '2025-03-31 17:19:42', 120), CONVERT(datetime, '2025-02-15 00:31:30', 120));
INSERT INTO Paciente (DNI, ObraSocial, ultimaAtencion, alta) VALUES ('30726894', 7, CONVERT(datetime, '2025-05-03 06:53:44', 120), CONVERT(datetime, '2025-02-05 19:36:27', 120));
INSERT INTO Paciente (DNI, ObraSocial, ultimaAtencion, alta) VALUES ('31793059', 3, CONVERT(datetime, '2025-05-05 08:50:52', 120), CONVERT(datetime, '2025-05-08 15:16:36', 120));
INSERT INTO Paciente (DNI, ObraSocial, ultimaAtencion, alta) VALUES ('35066780', 7, CONVERT(datetime, '2025-03-18 19:32:51', 120), CONVERT(datetime, '2025-01-06 16:02:45', 120));
INSERT INTO Paciente (DNI, ObraSocial, ultimaAtencion, alta) VALUES ('35257268', 10, CONVERT(datetime, '2025-02-08 07:35:54', 120), CONVERT(datetime, '2025-03-29 07:10:17', 120));
INSERT INTO Paciente (DNI, ObraSocial, ultimaAtencion, alta) VALUES ('22681428', 10, CONVERT(datetime, '2025-03-25 09:51:40', 120), CONVERT(datetime, '2025-03-17 12:06:21', 120));
INSERT INTO Paciente (DNI, ObraSocial, ultimaAtencion, alta) VALUES ('40605689', 1, CONVERT(datetime, '2025-05-17 20:18:21', 120), CONVERT(datetime, '2025-02-11 17:01:20', 120));
INSERT INTO Paciente (DNI, ObraSocial, ultimaAtencion, alta) VALUES ('45738302', 4, CONVERT(datetime, '2025-02-24 01:10:51', 120), CONVERT(datetime, '2025-05-27 02:05:27', 120));
INSERT INTO Paciente (DNI, ObraSocial, ultimaAtencion, alta) VALUES ('36299840', 2, CONVERT(datetime, '2025-04-23 02:38:10', 120), CONVERT(datetime, '2025-01-20 18:11:56', 120));
INSERT INTO Paciente (DNI, ObraSocial, ultimaAtencion, alta) VALUES ('26675635', 9, CONVERT(datetime, '2025-02-06 07:17:45', 120), CONVERT(datetime, '2025-03-13 00:43:08', 120));
INSERT INTO Paciente (DNI, ObraSocial, ultimaAtencion, alta) VALUES ('37485949', 6, CONVERT(datetime, '2025-02-08 06:25:57', 120), CONVERT(datetime, '2025-03-30 20:20:22', 120));
INSERT INTO Paciente (DNI, ObraSocial, ultimaAtencion, alta) VALUES ('28812517', 2, CONVERT(datetime, '2025-02-20 22:39:19', 120), CONVERT(datetime, '2025-05-11 05:41:42', 120));
INSERT INTO Paciente (DNI, ObraSocial, ultimaAtencion, alta) VALUES ('42298746', 8, CONVERT(datetime, '2025-04-13 11:19:48', 120), CONVERT(datetime, '2025-05-05 02:27:42', 120));
INSERT INTO Paciente (DNI, ObraSocial, ultimaAtencion, alta) VALUES ('25553444', 6, CONVERT(datetime, '2025-04-26 22:05:08', 120), CONVERT(datetime, '2025-03-17 11:11:24', 120));
INSERT INTO Paciente (DNI, ObraSocial, ultimaAtencion, alta) VALUES ('40922406', 10, CONVERT(datetime, '2025-03-18 05:23:15', 120), CONVERT(datetime, '2025-04-24 23:38:24', 120));
INSERT INTO Paciente (DNI, ObraSocial, ultimaAtencion, alta) VALUES ('37067420', 2, CONVERT(datetime, '2025-03-09 13:26:46', 120), CONVERT(datetime, '2025-03-10 08:22:07', 120));
INSERT INTO Paciente (DNI, ObraSocial, ultimaAtencion, alta) VALUES ('21294225', 8, CONVERT(datetime, '2025-04-30 21:07:07', 120), CONVERT(datetime, '2025-02-03 12:02:11', 120));
INSERT INTO Paciente (DNI, ObraSocial, ultimaAtencion, alta) VALUES ('40501050', 5, CONVERT(datetime, '2025-04-30 07:42:19', 120), CONVERT(datetime, '2025-04-25 14:23:02', 120));
INSERT INTO Paciente (DNI, ObraSocial, ultimaAtencion, alta) VALUES ('33428753', 2, CONVERT(datetime, '2025-05-11 12:15:36', 120), CONVERT(datetime, '2025-01-27 00:14:30', 120));
INSERT INTO Paciente (DNI, ObraSocial, ultimaAtencion, alta) VALUES ('44556307', 6, CONVERT(datetime, '2025-01-23 21:16:30', 120), CONVERT(datetime, '2025-02-16 07:49:46', 120));
INSERT INTO Paciente (DNI, ObraSocial, ultimaAtencion, alta) VALUES ('36140039', 5, CONVERT(datetime, '2025-01-23 17:01:17', 120), CONVERT(datetime, '2025-02-05 13:02:57', 120));
INSERT INTO Paciente (DNI, ObraSocial, ultimaAtencion, alta) VALUES ('33483090', 6, CONVERT(datetime, '2025-05-15 15:38:54', 120), CONVERT(datetime, '2025-01-28 10:46:42', 120));
INSERT INTO Paciente (DNI, ObraSocial, ultimaAtencion, alta) VALUES ('18127581', 9, CONVERT(datetime, '2025-03-17 10:22:12', 120), CONVERT(datetime, '2025-03-23 05:08:07', 120));
INSERT INTO Paciente (DNI, ObraSocial, ultimaAtencion, alta) VALUES ('46778085', 10, CONVERT(datetime, '2025-01-27 18:30:29', 120), CONVERT(datetime, '2025-04-22 14:47:25', 120));
INSERT INTO Paciente (DNI, ObraSocial, ultimaAtencion, alta) VALUES ('46294643', 7, CONVERT(datetime, '2025-03-24 03:30:13', 120), CONVERT(datetime, '2025-02-06 01:40:29', 120));
INSERT INTO Paciente (DNI, ObraSocial, ultimaAtencion, alta) VALUES ('28941542', 8, CONVERT(datetime, '2025-05-04 09:39:08', 120), CONVERT(datetime, '2025-04-15 08:22:08', 120));
INSERT INTO Paciente (DNI, ObraSocial, ultimaAtencion, alta) VALUES ('30327210', 3, CONVERT(datetime, '2025-04-18 18:04:48', 120), CONVERT(datetime, '2025-02-02 09:38:58', 120));
INSERT INTO Paciente (DNI, ObraSocial, ultimaAtencion, alta) VALUES ('45932762', 8, CONVERT(datetime, '2025-02-26 02:04:03', 120), CONVERT(datetime, '2025-01-28 05:49:45', 120));
INSERT INTO Paciente (DNI, ObraSocial, ultimaAtencion, alta) VALUES ('40926675', 3, CONVERT(datetime, '2025-03-03 02:02:56', 120), CONVERT(datetime, '2025-06-13 11:56:07', 120));
INSERT INTO Paciente (DNI, ObraSocial, ultimaAtencion, alta) VALUES ('42533071', 8, CONVERT(datetime, '2025-05-01 06:39:35', 120), CONVERT(datetime, '2025-01-11 09:50:47', 120));
INSERT INTO Paciente (DNI, ObraSocial, ultimaAtencion, alta) VALUES ('43101028', 6, CONVERT(datetime, '2025-01-02 20:39:43', 120), CONVERT(datetime, '2025-04-05 02:26:28', 120));
INSERT INTO Paciente (DNI, ObraSocial, ultimaAtencion, alta) VALUES ('33071765', 3, CONVERT(datetime, '2025-02-07 21:21:52', 120), CONVERT(datetime, '2025-06-08 07:10:53', 120));
INSERT INTO Paciente (DNI, ObraSocial, ultimaAtencion, alta) VALUES ('33519275', 7, CONVERT(datetime, '2025-04-20 01:09:43', 120), CONVERT(datetime, '2025-04-09 03:30:42', 120));
INSERT INTO Paciente (DNI, ObraSocial, ultimaAtencion, alta) VALUES ('44178990', 8, CONVERT(datetime, '2025-03-21 10:42:15', 120), CONVERT(datetime, '2025-05-13 22:55:03', 120));
INSERT INTO Paciente (DNI, ObraSocial, ultimaAtencion, alta) VALUES ('22837055', 8, CONVERT(datetime, '2025-03-22 16:58:41', 120), CONVERT(datetime, '2025-05-18 21:30:11', 120));
INSERT INTO Paciente (DNI, ObraSocial, ultimaAtencion, alta) VALUES ('39988158', 8, CONVERT(datetime, '2025-04-05 21:30:17', 120), CONVERT(datetime, '2025-02-02 11:27:27', 120));
INSERT INTO Paciente (DNI, ObraSocial, ultimaAtencion, alta) VALUES ('37269701', 2, CONVERT(datetime, '2025-04-20 18:56:41', 120), CONVERT(datetime, '2025-01-06 23:49:16', 120));
INSERT INTO Paciente (DNI, ObraSocial, ultimaAtencion, alta) VALUES ('19236121', 4, CONVERT(datetime, '2025-02-26 17:14:15', 120), CONVERT(datetime, '2025-01-07 08:22:12', 120));
INSERT INTO Paciente (DNI, ObraSocial, ultimaAtencion, alta) VALUES ('18345769', 5, CONVERT(datetime, '2025-02-13 15:50:46', 120), CONVERT(datetime, '2025-04-15 09:26:15', 120));
INSERT INTO Paciente (DNI, ObraSocial, ultimaAtencion, alta) VALUES ('28756599', 5, CONVERT(datetime, '2025-02-02 15:54:38', 120), CONVERT(datetime, '2025-06-01 14:30:46', 120));
INSERT INTO Paciente (DNI, ObraSocial, ultimaAtencion, alta) VALUES ('41223637', 8, CONVERT(datetime, '2025-04-20 20:07:19', 120), CONVERT(datetime, '2025-05-25 04:23:09', 120));
INSERT INTO Paciente (DNI, ObraSocial, ultimaAtencion, alta) VALUES ('36804899', 8, CONVERT(datetime, '2025-04-17 17:54:34', 120), CONVERT(datetime, '2025-04-10 04:31:42', 120));
INSERT INTO Paciente (DNI, ObraSocial, ultimaAtencion, alta) VALUES ('25625385', 2, CONVERT(datetime, '2025-04-22 05:02:27', 120), CONVERT(datetime, '2025-01-23 04:14:29', 120));
INSERT INTO Paciente (DNI, ObraSocial, ultimaAtencion, alta) VALUES ('35718501', 5, CONVERT(datetime, '2025-05-31 12:17:18', 120), CONVERT(datetime, '2025-04-16 11:03:29', 120));
INSERT INTO Paciente (DNI, ObraSocial, ultimaAtencion, alta) VALUES ('22633172', 6, CONVERT(datetime, '2025-04-16 06:06:18', 120), CONVERT(datetime, '2025-06-09 17:38:41', 120));
INSERT INTO Paciente (DNI, ObraSocial, ultimaAtencion, alta) VALUES ('40513773', 1, CONVERT(datetime, '2025-05-28 13:52:33', 120), CONVERT(datetime, '2025-05-20 14:41:26', 120));
INSERT INTO Paciente (DNI, ObraSocial, ultimaAtencion, alta) VALUES ('38286814', 8, CONVERT(datetime, '2025-04-17 02:11:26', 120), CONVERT(datetime, '2025-02-12 10:28:45', 120));
INSERT INTO Paciente (DNI, ObraSocial, ultimaAtencion, alta) VALUES ('25884207', 7, CONVERT(datetime, '2025-01-20 21:17:42', 120), CONVERT(datetime, '2025-05-23 21:57:21', 120));
INSERT INTO Paciente (DNI, ObraSocial, ultimaAtencion, alta) VALUES ('27577579', 4, CONVERT(datetime, '2025-02-27 19:25:27', 120), CONVERT(datetime, '2025-06-19 20:54:33', 120));
INSERT INTO Paciente (DNI, ObraSocial, ultimaAtencion, alta) VALUES ('32822984', 1, CONVERT(datetime, '2025-03-29 07:54:16', 120), CONVERT(datetime, '2025-02-21 00:48:27', 120));
INSERT INTO Paciente (DNI, ObraSocial, ultimaAtencion, alta) VALUES ('20703704', 6, CONVERT(datetime, '2025-06-17 10:08:29', 120), CONVERT(datetime, '2025-06-08 14:13:51', 120));
INSERT INTO Paciente (DNI, ObraSocial, ultimaAtencion, alta) VALUES ('35794029', 2, CONVERT(datetime, '2025-03-27 06:12:50', 120), CONVERT(datetime, '2025-06-18 00:32:45', 120));
INSERT INTO Paciente (DNI, ObraSocial, ultimaAtencion, alta) VALUES ('22790951', 2, CONVERT(datetime, '2025-05-31 14:42:19', 120), CONVERT(datetime, '2025-06-07 15:40:35', 120));
INSERT INTO Paciente (DNI, ObraSocial, ultimaAtencion, alta) VALUES ('23567342', 4, CONVERT(datetime, '2025-02-10 18:06:11', 120), CONVERT(datetime, '2025-06-07 10:08:54', 120));
INSERT INTO Paciente (DNI, ObraSocial, ultimaAtencion, alta) VALUES ('37736848', 10, CONVERT(datetime, '2025-05-14 19:35:43', 120), CONVERT(datetime, '2025-03-10 02:03:29', 120));
INSERT INTO Paciente (DNI, ObraSocial, ultimaAtencion, alta) VALUES ('46716844', 10, CONVERT(datetime, '2025-05-03 20:55:29', 120), CONVERT(datetime, '2025-03-25 03:24:11', 120));

INSERT INTO Turnos (DNIPaciente, Legajo, fechaPactada, estado, diagnostico, observacion) VALUES	('43181122', 'M012', CONVERT(datetime, '2025-06-28', 120), 1, 'Hipertensión', 'Control en 15 días'); --TURNOS
INSERT INTO Turnos (dniPaciente, Legajo, fechaPactada, estado, diagnostico, observacion) VALUES ('34966364', 'M001', CONVERT(datetime, '2025-12-08', 120), 1, 'Ansiedad', 'Se sugiere dieta');
INSERT INTO Turnos (dniPaciente, Legajo, fechaPactada, estado, diagnostico, observacion) VALUES ('21294225', 'M005', CONVERT(datetime, '2025-10-22', 120), 1, 'Ansiedad', 'Derivado a especialista');
INSERT INTO Turnos (dniPaciente, Legajo, fechaPactada, estado, diagnostico, observacion) VALUES ('22106768', 'M005', CONVERT(datetime, '2025-09-14', 120), 1, 'Dermatitis', 'Se sugiere dieta');
INSERT INTO Turnos (dniPaciente, Legajo, fechaPactada, estado, diagnostico, observacion) VALUES ('43181122', 'M005', CONVERT(datetime, '2025-10-16', 120), 1, 'Migraña', 'Derivado a especialista');
INSERT INTO Turnos (dniPaciente, Legajo, fechaPactada, estado, diagnostico, observacion) VALUES ('26675635', 'M020', CONVERT(datetime, '2025-09-20', 120), 1, 'Gripe común', 'Buen estado general');
INSERT INTO Turnos (dniPaciente, Legajo, fechaPactada, estado, diagnostico, observacion) VALUES ('28812517', 'M017', CONVERT(datetime, '2025-09-21', 120), 1, 'Dolor lumbar', 'Recomendado reposo');
INSERT INTO Turnos (dniPaciente, Legajo, fechaPactada, estado, diagnostico, observacion) VALUES ('28370299', 'M016', CONVERT(datetime, '2025-12-07', 120), 1, 'Ansiedad', 'No se evidencian complicaciones');
INSERT INTO Turnos (dniPaciente, Legajo, fechaPactada, estado, diagnostico, observacion) VALUES ('42159979', 'M012', CONVERT(datetime, '2025-07-16', 120), 1, 'Colesterol alto', 'Observación ambulatoria');
INSERT INTO Turnos (dniPaciente, Legajo, fechaPactada, estado, diagnostico, observacion) VALUES ('43101028', 'M006', CONVERT(datetime, '2026-01-19', 120), 1, 'Migraña', 'Recomendado reposo');
INSERT INTO Turnos (dniPaciente, Legajo, fechaPactada, estado, diagnostico, observacion) VALUES ('42159979', 'M009', CONVERT(datetime, '2025-09-12', 120), 0, 'Gripe común', 'Observación ambulatoria');
INSERT INTO Turnos (dniPaciente, Legajo, fechaPactada, estado, diagnostico, observacion) VALUES ('21294225', 'M017', CONVERT(datetime, '2025-09-18', 120), 1, 'Dermatitis', 'Indicado análisis complementarios');
INSERT INTO Turnos (dniPaciente, Legajo, fechaPactada, estado, diagnostico, observacion) VALUES ('20252363', 'M020', CONVERT(datetime, '2025-10-31', 120), 1, 'Dolor lumbar', 'Indicado análisis complementarios');
INSERT INTO Turnos (dniPaciente, Legajo, fechaPactada, estado, diagnostico, observacion) VALUES ('36377977', 'M005', CONVERT(datetime, '2026-01-02', 120), 1, 'Colesterol alto', 'Indicado análisis complementarios');
INSERT INTO Turnos (dniPaciente, Legajo, fechaPactada, estado, diagnostico, observacion) VALUES ('32335133', 'M008', CONVERT(datetime, '2025-12-02', 120), 1, 'Dermatitis', 'Indicado análisis complementarios');
INSERT INTO Turnos (dniPaciente, Legajo, fechaPactada, estado, diagnostico, observacion) VALUES ('28812517', 'M001', CONVERT(datetime, '2025-08-20', 120), 0, 'Hipertensión', 'Indicado análisis complementarios');
INSERT INTO Turnos (dniPaciente, Legajo, fechaPactada, estado, diagnostico, observacion) VALUES ('18129379', 'M001', CONVERT(datetime, '2025-07-22', 120), 1, 'Infección urinaria', 'Requiere estudios');
INSERT INTO Turnos (dniPaciente, Legajo, fechaPactada, estado, diagnostico, observacion) VALUES ('41223637', 'M009', CONVERT(datetime, '2025-10-09', 120), 1, 'Dolor lumbar', 'Indicado análisis complementarios');
INSERT INTO Turnos (dniPaciente, Legajo, fechaPactada, estado, diagnostico, observacion) VALUES ('34372723', 'M011', CONVERT(datetime, '2025-12-27', 120), 1, 'Sinusitis', 'Indicado análisis complementarios');
INSERT INTO Turnos (dniPaciente, Legajo, fechaPactada, estado, diagnostico, observacion) VALUES ('39926952', 'M017', CONVERT(datetime, '2025-10-07', 120), 1, 'Alergia estacional', 'Control en 15 días');
INSERT INTO Turnos (dniPaciente, Legajo, fechaPactada, estado, diagnostico, observacion) VALUES ('46294643', 'M008', CONVERT(datetime, '2025-09-08', 120), 1, 'Gripe común', 'Derivado a especialista');
INSERT INTO Turnos (dniPaciente, Legajo, fechaPactada, estado, diagnostico, observacion) VALUES ('26650225', 'M012', CONVERT(datetime, '2025-08-28', 120), 1, 'Hipertensión', 'Control en 15 días');
INSERT INTO Turnos (dniPaciente, Legajo, fechaPactada, estado, diagnostico, observacion) VALUES ('17599909', 'M012', CONVERT(datetime, '2025-09-04', 120), 0, 'Infección urinaria', 'No se evidencian complicaciones');
INSERT INTO Turnos (dniPaciente, Legajo, fechaPactada, estado, diagnostico, observacion) VALUES ('34966364', 'M007', CONVERT(datetime, '2025-07-08', 120), 1, 'Ansiedad', 'Requiere estudios');
INSERT INTO Turnos (dniPaciente, Legajo, fechaPactada, estado, diagnostico, observacion) VALUES ('16829589', 'M001', CONVERT(datetime, '2025-10-11', 120), 0, 'Colesterol alto', 'Derivado a especialista');
INSERT INTO Turnos (dniPaciente, Legajo, fechaPactada, estado, diagnostico, observacion) VALUES ('18373096', 'M001', CONVERT(datetime, '2025-07-28', 120), 1, 'Alergia estacional', 'Control en 15 días');
INSERT INTO Turnos (dniPaciente, Legajo, fechaPactada, estado, diagnostico, observacion) VALUES ('35842645', 'M011', CONVERT(datetime, '2025-09-19', 120), 0, 'Colesterol alto', 'Control en 15 días');
INSERT INTO Turnos (dniPaciente, Legajo, fechaPactada, estado, diagnostico, observacion) VALUES ('25246860', 'M012', CONVERT(datetime, '2025-07-11', 120), 1, 'Dermatitis', 'No se evidencian complicaciones');
INSERT INTO Turnos (dniPaciente, Legajo, fechaPactada, estado, diagnostico, observacion) VALUES ('16685049', 'M011', CONVERT(datetime, '2026-01-26', 120), 1, 'Dermatitis', 'Evaluación continua');
INSERT INTO Turnos (dniPaciente, Legajo, fechaPactada, estado, diagnostico, observacion) VALUES ('19391546', 'M018', CONVERT(datetime, '2025-12-12', 120), 1, 'Colesterol alto', 'Se sugiere dieta');
INSERT INTO Turnos (dniPaciente, Legajo, fechaPactada, estado, diagnostico, observacion) VALUES ('40605689', 'M006', CONVERT(datetime, '2025-07-15', 120), 1, 'Dolor lumbar', 'Control en 15 días');
INSERT INTO Turnos (dniPaciente, Legajo, fechaPactada, estado, diagnostico, observacion) VALUES ('39711873', 'M019', CONVERT(datetime, '2025-09-30', 120), 1, 'Colesterol alto', 'Recomendado reposo');
INSERT INTO Turnos (dniPaciente, Legajo, fechaPactada, estado, diagnostico, observacion) VALUES ('17599909', 'M020', CONVERT(datetime, '2025-10-22', 120), 1, 'Migraña', 'Evaluación continua');
INSERT INTO Turnos (dniPaciente, Legajo, fechaPactada, estado, diagnostico, observacion) VALUES ('38286814', 'M003', CONVERT(datetime, '2025-12-21', 120), 1, 'Infección urinaria', 'Control en 15 días');
INSERT INTO Turnos (dniPaciente, Legajo, fechaPactada, estado, diagnostico, observacion) VALUES ('31394887', 'M011', CONVERT(datetime, '2025-11-30', 120), 0, 'Alergia estacional', 'Derivado a especialista');
INSERT INTO Turnos (dniPaciente, Legajo, fechaPactada, estado, diagnostico, observacion) VALUES ('45431482', 'M009', CONVERT(datetime, '2026-01-10', 120), 1, 'Gripe común', 'Recomendado reposo');
INSERT INTO Turnos (dniPaciente, Legajo, fechaPactada, estado, diagnostico, observacion) VALUES ('35718501', 'M014', CONVERT(datetime, '2026-01-15', 120), 1, 'Ansiedad', 'Observación ambulatoria');
INSERT INTO Turnos (dniPaciente, Legajo, fechaPactada, estado, diagnostico, observacion) VALUES ('41098364', 'M004', CONVERT(datetime, '2025-12-15', 120), 1, 'Colesterol alto', 'Derivado a especialista');
INSERT INTO Turnos (dniPaciente, Legajo, fechaPactada, estado, diagnostico, observacion) VALUES ('37826523', 'M001', CONVERT(datetime, '2025-07-10', 120), 0, 'Dolor lumbar', 'Indicado análisis complementarios');
INSERT INTO Turnos (dniPaciente, Legajo, fechaPactada, estado, diagnostico, observacion) VALUES ('46363537', 'M013', CONVERT(datetime, '2025-10-22', 120), 1, 'Sinusitis', 'Indicado análisis complementarios');
INSERT INTO Turnos (dniPaciente, Legajo, fechaPactada, estado, diagnostico, observacion) VALUES ('25553444', 'M016', CONVERT(datetime, '2025-10-10', 120), 0, 'Hipertensión', 'No se evidencian complicaciones');
INSERT INTO Turnos (dniPaciente, Legajo, fechaPactada, estado, diagnostico, observacion) VALUES ('16908561', 'M001', CONVERT(datetime, '2025-10-23', 120), 1, 'Alergia estacional', 'Observación ambulatoria');
INSERT INTO Turnos (dniPaciente, Legajo, fechaPactada, estado, diagnostico, observacion) VALUES ('41223637', 'M018', CONVERT(datetime, '2025-12-31', 120), 1, 'Dolor lumbar', 'Derivado a especialista');
